so_id,so_num,date_issued,date_first_ship,status,ship_to_key,ship_to_name,ship_to_city,ship_to_state,ship_to_zip,ship_to_country,sku,customer_part,description,line_type,qty_ordered,qty_fulfilled,unit_price,total_price,total_cost,date_last_fulfillment
84843,1477522,2025-07-03 11:08:36.102000,2025-07-07 00:00:00,Fulfilled,0449 EASTERN MARKET-DCA|Dayton|NJ|08810|US,0449 EASTERN MARKET-DCA,Dayton,NJ,08810,US,1801004,,"CB-SPD-BAN Bar - Coconut & Banana Super Dark Chocolate Bar, 3 oz.",Sale,24.000000000,24.000000000,5.040000000,120.960000000,44.845200000,2025-07-07 10:54:01.336000
84843,1477522,2025-07-03 11:08:36.102000,2025-07-07 00:00:00,Fulfilled,0449 EASTERN MARKET-DCA|Dayton|NJ|08810|US,0449 EASTERN MARKET-DCA,Dayton,NJ,08810,US,1801021,,"CB-EXO-BAC Bar- Bacon Exotic Chocolate Bar, 3 oz",Sale,12.000000000,12.000000000,5.040000000,60.480000000,20.708640000,2025-07-07 10:54:01.336000
84843,1477522,2025-07-03 11:08:36.102000,2025-07-07 00:00:00,Fulfilled,0449 EASTERN MARKET-DCA|Dayton|NJ|08810|US,0449 EASTERN MARKET-DCA,Dayton,NJ,08810,US,1801022,,"CB-EXO-BAR Bar- Barcelona Exotic Chocolate Bar, 3oz",Sale,12.000000000,12.000000000,5.040000000,60.480000000,18.646560000,2025-07-07 10:54:01.336000
84844,1477523,2025-07-03 11:14:11.276000,2025-07-07 00:00:00,Fulfilled,0446 GOTHAM NEWS-MOYNIHAN TRAIN HALL|Dayton|NJ|08810|US,0446 GOTHAM NEWS-MOYNIHAN TRAIN HALL,Dayton,NJ,08810,US,1801012,,"CB-EXO-PHC Bar - Pink Himalayan Crystal Salt Caramel Exotic Chocolate Bar, 3 oz.",Sale,24.000000000,24.000000000,5.040000000,120.960000000,40.260960000,2025-07-07 10:54:01.632000
84844,1477523,2025-07-03 11:14:11.276000,2025-07-07 00:00:00,Fulfilled,0446 GOTHAM NEWS-MOYNIHAN TRAIN HALL|Dayton|NJ|08810|US,0446 GOTHAM NEWS-MOYNIHAN TRAIN HALL,Dayton,NJ,08810,US,1801004,,"CB-SPD-BAN Bar - Coconut & Banana Super Dark Chocolate Bar, 3 oz.",Sale,12.000000000,12.000000000,5.040000000,60.480000000,22.422600000,2025-07-07 10:54:01.632000
84844,1477523,2025-07-03 11:14:11.276000,2025-07-07 00:00:00,Fulfilled,0446 GOTHAM NEWS-MOYNIHAN TRAIN HALL|Dayton|NJ|08810|US,0446 GOTHAM NEWS-MOYNIHAN TRAIN HALL,Dayton,NJ,08810,US,1801022,,"CB-EXO-BAR Bar- Barcelona Exotic Chocolate Bar, 3oz",Sale,12.000000000,12.000000000,5.040000000,60.480000000,18.646560000,2025-07-07 10:54:01.632000
84843,1477522,2025-07-03 11:08:36.102000,2025-07-07 00:00:00,Fulfilled,0449 EASTERN MARKET-DCA|Dayton|NJ|08810|US,0449 EASTERN MARKET-DCA,Dayton,NJ,08810,US,ShipStation Shipping,,ShipStation shipping amount Tracking: 390735479792,Sale,1.000000000,1.000000000,0E-9,0E-9,0E-9,2025-07-07 10:54:01.336000
84844,1477523,2025-07-03 11:14:11.276000,2025-07-07 00:00:00,Fulfilled,0446 GOTHAM NEWS-MOYNIHAN TRAIN HALL|Dayton|NJ|08810|US,0446 GOTHAM NEWS-MOYNIHAN TRAIN HALL,Dayton,NJ,08810,US,ShipStation Shipping,,ShipStation shipping amount Tracking: 390735567769,Sale,1.000000000,1.000000000,0E-9,0E-9,0E-9,2025-07-07 10:54:01.632000
85518,1477608,2025-07-10 14:33:52.431000,2025-07-28 00:00:00,Fulfilled,SHOREPOINTS MARKET-EWR AIRPORT (T1)|DAYTON|NJ|08810|US,SHOREPOINTS MARKET-EWR AIRPORT (T1),DAYTON,NJ,08810,US,1801009,,"CB-SPD-GRE Bar - Matcha Green Tea Chocolate Bar, 3 oz.",Sale,12.000000000,12.000000000,5.040000000,60.480000000,26.928025104,2025-07-30 11:51:01.827000
85518,1477608,2025-07-10 14:33:52.431000,2025-07-28 00:00:00,Fulfilled,SHOREPOINTS MARKET-EWR AIRPORT (T1)|DAYTON|NJ|08810|US,SHOREPOINTS MARKET-EWR AIRPORT (T1),DAYTON,NJ,08810,US,1801012,,"CB-EXO-PHC Bar - Pink Himalayan Crystal Salt Caramel Exotic Chocolate Bar, 3 oz.",Sale,24.000000000,24.000000000,5.040000000,120.960000000,44.242161312,2025-07-30 11:51:01.827000
85518,1477608,2025-07-10 14:33:52.431000,2025-07-28 00:00:00,Fulfilled,SHOREPOINTS MARKET-EWR AIRPORT (T1)|DAYTON|NJ|08810|US,SHOREPOINTS MARKET-EWR AIRPORT (T1),DAYTON,NJ,08810,US,1801004,,"CB-SPD-BAN Bar - Coconut & Banana Super Dark Chocolate Bar, 3 oz.",Sale,24.000000000,24.000000000,5.040000000,120.960000000,44.845200000,2025-07-30 11:51:01.827000
85519,1477609,2025-07-10 14:35:50.930000,2025-07-28 00:00:00,Fulfilled,SIX POINTS MARKET-ORD AP|Chicago|IL|60666|US,SIX POINTS MARKET-ORD AP,Chicago,IL,60666,US,1801009,,"CB-SPD-GRE Bar - Matcha Green Tea Chocolate Bar, 3 oz.",Sale,12.000000000,12.000000000,5.040000000,60.480000000,26.928025104,2025-07-30 11:54:01.686000
85519,1477609,2025-07-10 14:35:50.930000,2025-07-28 00:00:00,Fulfilled,SIX POINTS MARKET-ORD AP|Chicago|IL|60666|US,SIX POINTS MARKET-ORD AP,Chicago,IL,60666,US,1801012,,"CB-EXO-PHC Bar - Pink Himalayan Crystal Salt Caramel Exotic Chocolate Bar, 3 oz.",Sale,12.000000000,12.000000000,5.040000000,60.480000000,22.121080656,2025-07-30 11:54:01.686000
85519,1477609,2025-07-10 14:35:50.930000,2025-07-28 00:00:00,Fulfilled,SIX POINTS MARKET-ORD AP|Chicago|IL|60666|US,SIX POINTS MARKET-ORD AP,Chicago,IL,60666,US,1801004,,"CB-SPD-BAN Bar - Coconut & Banana Super Dark Chocolate Bar, 3 oz.",Sale,12.000000000,12.000000000,5.040000000,60.480000000,22.422600000,2025-07-30 11:54:01.686000
85519,1477609,2025-07-10 14:35:50.930000,2025-07-28 00:00:00,Fulfilled,SIX POINTS MARKET-ORD AP|Chicago|IL|60666|US,SIX POINTS MARKET-ORD AP,Chicago,IL,60666,US,1801021,,"CB-EXO-BAC Bar- Bacon Exotic Chocolate Bar, 3 oz",Sale,12.000000000,12.000000000,5.040000000,60.480000000,20.708640000,2025-07-30 11:54:01.686000
85520,1477610,2025-07-10 14:39:20.856000,2025-07-28 00:00:00,Fulfilled,DISTRICT MARKET-LGA AP|Dayton|NJ|08810|US,DISTRICT MARKET-LGA AP,Dayton,NJ,08810,US,1801009,,"CB-SPD-GRE Bar - Matcha Green Tea Chocolate Bar, 3 oz.",Sale,24.000000000,24.000000000,5.040000000,120.960000000,53.856050208,2025-07-28 13:21:01.539000
85520,1477610,2025-07-10 14:39:20.856000,2025-07-28 00:00:00,Fulfilled,DISTRICT MARKET-LGA AP|Dayton|NJ|08810|US,DISTRICT MARKET-LGA AP,Dayton,NJ,08810,US,1801012,,"CB-EXO-PHC Bar - Pink Himalayan Crystal Salt Caramel Exotic Chocolate Bar, 3 oz.",Sale,24.000000000,24.000000000,5.040000000,120.960000000,40.260960000,2025-07-28 13:21:01.539000
85521,1477611,2025-07-10 14:41:37.073000,2025-07-28 00:00:00,Fulfilled,SILICON VALLEY NEWS-SFO AP|San Francisco|CA|94128|US,SILICON VALLEY NEWS-SFO AP,San Francisco,CA,94128,US,1801009,,"CB-SPD-GRE Bar - Matcha Green Tea Chocolate Bar, 3 oz.",Sale,12.000000000,12.000000000,5.040000000,60.480000000,26.928025104,2025-07-28 14:45:22.125000
85521,1477611,2025-07-10 14:41:37.073000,2025-07-28 00:00:00,Fulfilled,SILICON VALLEY NEWS-SFO AP|San Francisco|CA|94128|US,SILICON VALLEY NEWS-SFO AP,San Francisco,CA,94128,US,1801012,,"CB-EXO-PHC Bar - Pink Himalayan Crystal Salt Caramel Exotic Chocolate Bar, 3 oz.",Sale,24.000000000,24.000000000,5.040000000,120.960000000,43.214120982,2025-07-28 14:45:22.125000
85521,1477611,2025-07-10 14:41:37.073000,2025-07-28 00:00:00,Fulfilled,SILICON VALLEY NEWS-SFO AP|San Francisco|CA|94128|US,SILICON VALLEY NEWS-SFO AP,San Francisco,CA,94128,US,1801022,,"CB-EXO-BAR Bar- Barcelona Exotic Chocolate Bar, 3oz",Sale,12.000000000,12.000000000,5.040000000,60.480000000,18.646560000,2025-07-28 14:45:22.125000
85522,1477612,2025-07-10 14:45:37.390000,2025-07-28 00:00:00,Fulfilled,0440 DC ARTS DISTRICT MARKET-DCA|Dayton|NJ|08810|US,0440 DC ARTS DISTRICT MARKET-DCA,Dayton,NJ,08810,US,1801009,,"CB-SPD-GRE Bar - Matcha Green Tea Chocolate Bar, 3 oz.",Sale,24.000000000,24.000000000,5.040000000,120.960000000,53.856050208,2025-07-29 07:45:26.677000
85522,1477612,2025-07-10 14:45:37.390000,2025-07-28 00:00:00,Fulfilled,0440 DC ARTS DISTRICT MARKET-DCA|Dayton|NJ|08810|US,0440 DC ARTS DISTRICT MARKET-DCA,Dayton,NJ,08810,US,1801012,,"CB-EXO-PHC Bar - Pink Himalayan Crystal Salt Caramel Exotic Chocolate Bar, 3 oz.",Sale,24.000000000,24.000000000,5.040000000,120.960000000,44.242161312,2025-07-29 07:45:26.677000
85522,1477612,2025-07-10 14:45:37.390000,2025-07-28 00:00:00,Fulfilled,0440 DC ARTS DISTRICT MARKET-DCA|Dayton|NJ|08810|US,0440 DC ARTS DISTRICT MARKET-DCA,Dayton,NJ,08810,US,1801004,,"CB-SPD-BAN Bar - Coconut & Banana Super Dark Chocolate Bar, 3 oz.",Sale,12.000000000,12.000000000,5.040000000,60.480000000,22.422600000,2025-07-29 07:45:26.677000
85522,1477612,2025-07-10 14:45:37.390000,2025-07-28 00:00:00,Fulfilled,0440 DC ARTS DISTRICT MARKET-DCA|Dayton|NJ|08810|US,0440 DC ARTS DISTRICT MARKET-DCA,Dayton,NJ,08810,US,1801021,,"CB-EXO-BAC Bar- Bacon Exotic Chocolate Bar, 3 oz",Sale,12.000000000,12.000000000,5.040000000,60.480000000,20.708640000,2025-07-29 07:45:26.677000
85522,1477612,2025-07-10 14:45:37.390000,2025-07-28 00:00:00,Fulfilled,0440 DC ARTS DISTRICT MARKET-DCA|Dayton|NJ|08810|US,0440 DC ARTS DISTRICT MARKET-DCA,Dayton,NJ,08810,US,1801022,,"CB-EXO-BAR Bar- Barcelona Exotic Chocolate Bar, 3oz",Sale,12.000000000,12.000000000,5.040000000,60.480000000,18.646560000,2025-07-29 07:45:26.677000
85523,1477613,2025-07-10 14:47:50.058000,2025-07-28 00:00:00,Fulfilled,MADE IN KC- MCI AP|Kansas City|MO|64153|US,MADE IN KC- MCI AP,Kansas City,MO,64153,US,1801009,,"CB-SPD-GRE Bar - Matcha Green Tea Chocolate Bar, 3 oz.",Sale,24.000000000,24.000000000,5.040000000,120.960000000,53.856050208,2025-07-30 12:06:01.772000
85523,1477613,2025-07-10 14:47:50.058000,2025-07-28 00:00:00,Fulfilled,MADE IN KC- MCI AP|Kansas City|MO|64153|US,MADE IN KC- MCI AP,Kansas City,MO,64153,US,1801004,,"CB-SPD-BAN Bar - Coconut & Banana Super Dark Chocolate Bar, 3 oz.",Sale,12.000000000,12.000000000,5.040000000,60.480000000,22.422600000,2025-07-30 12:06:01.772000
85523,1477613,2025-07-10 14:47:50.058000,2025-07-28 00:00:00,Fulfilled,MADE IN KC- MCI AP|Kansas City|MO|64153|US,MADE IN KC- MCI AP,Kansas City,MO,64153,US,1801021,,"CB-EXO-BAC Bar- Bacon Exotic Chocolate Bar, 3 oz",Sale,12.000000000,12.000000000,5.040000000,60.480000000,20.708640000,2025-07-30 12:06:01.772000
85524,1477614,2025-07-10 14:48:54.739000,2025-07-28 00:00:00,Fulfilled,CITY ARTS MARKET-MCO AP|Orlando|FL|32827|US,CITY ARTS MARKET-MCO AP,Orlando,FL,32827,US,1801009,,"CB-SPD-GRE Bar - Matcha Green Tea Chocolate Bar, 3 oz.",Sale,24.000000000,24.000000000,5.040000000,120.960000000,53.990629008,2025-07-31 14:00:31.999000
85524,1477614,2025-07-10 14:48:54.739000,2025-07-28 00:00:00,Fulfilled,CITY ARTS MARKET-MCO AP|Orlando|FL|32827|US,CITY ARTS MARKET-MCO AP,Orlando,FL,32827,US,1801004,,"CB-SPD-BAN Bar - Coconut & Banana Super Dark Chocolate Bar, 3 oz.",Sale,12.000000000,12.000000000,5.040000000,60.480000000,24.342795480,2025-07-31 14:00:31.999000
85524,1477614,2025-07-10 14:48:54.739000,2025-07-28 00:00:00,Fulfilled,CITY ARTS MARKET-MCO AP|Orlando|FL|32827|US,CITY ARTS MARKET-MCO AP,Orlando,FL,32827,US,1801021,,"CB-EXO-BAC Bar- Bacon Exotic Chocolate Bar, 3 oz",Sale,12.000000000,12.000000000,5.040000000,60.480000000,20.708640000,2025-07-31 14:00:31.999000
86154,1477668,2025-07-17 13:46:43.480000,2025-08-04 00:00:00,Fulfilled,NATALIES CANDY AT SEA-TAC  AP|Seattle|WA|98158|US,NATALIES CANDY AT SEA-TAC  AP,Seattle,WA,98158,US,1801009,,"CB-SPD-GRE Bar - Matcha Green Tea Chocolate Bar, 3 oz.",Sale,24.000000000,24.000000000,5.040000000,120.960000000,53.990629008,2025-08-04 15:51:01.771000
86154,1477668,2025-07-17 13:46:43.480000,2025-08-04 00:00:00,Fulfilled,NATALIES CANDY AT SEA-TAC  AP|Seattle|WA|98158|US,NATALIES CANDY AT SEA-TAC  AP,Seattle,WA,98158,US,1801012,,"CB-EXO-PHC Bar - Pink Himalayan Crystal Salt Caramel Exotic Chocolate Bar, 3 oz.",Sale,24.000000000,24.000000000,5.040000000,120.960000000,44.242161312,2025-08-04 15:51:01.771000
86155,1477669,2025-07-17 13:48:51.787000,2025-08-04 00:00:00,Fulfilled,THE WELL - SMF AP|Sacramento|CA|95837|US,THE WELL - SMF AP,Sacramento,CA,95837,US,1801009,,"CB-SPD-GRE Bar - Matcha Green Tea Chocolate Bar, 3 oz.",Sale,24.000000000,24.000000000,5.040000000,120.960000000,53.990629008,2025-08-05 07:27:01.568000
86155,1477669,2025-07-17 13:48:51.787000,2025-08-04 00:00:00,Fulfilled,THE WELL - SMF AP|Sacramento|CA|95837|US,THE WELL - SMF AP,Sacramento,CA,95837,US,1801004,,"CB-SPD-BAN Bar - Coconut & Banana Super Dark Chocolate Bar, 3 oz.",Sale,24.000000000,24.000000000,5.040000000,120.960000000,48.685590960,2025-08-05 07:27:01.568000
87028,1477740,2025-07-25 13:41:53.566000,2025-08-04 00:00:00,Fulfilled,LA CONFIDENTIAL- LAX AP|El Segundo|CA|90245|US,LA CONFIDENTIAL- LAX AP,El Segundo,CA,90245,US,1801009,,"CB-SPD-GRE Bar - Matcha Green Tea Chocolate Bar, 3 oz.",Sale,12.000000000,12.000000000,5.040000000,60.480000000,26.995314504,2025-08-04 15:45:25.117000
87028,1477740,2025-07-25 13:41:53.566000,2025-08-04 00:00:00,Fulfilled,LA CONFIDENTIAL- LAX AP|El Segundo|CA|90245|US,LA CONFIDENTIAL- LAX AP,El Segundo,CA,90245,US,1801012,,"CB-EXO-PHC Bar - Pink Himalayan Crystal Salt Caramel Exotic Chocolate Bar, 3 oz.",Sale,24.000000000,24.000000000,5.040000000,120.960000000,44.242161312,2025-08-04 15:45:25.117000
87028,1477740,2025-07-25 13:41:53.566000,2025-08-04 00:00:00,Fulfilled,LA CONFIDENTIAL- LAX AP|El Segundo|CA|90245|US,LA CONFIDENTIAL- LAX AP,El Segundo,CA,90245,US,1801004,,"CB-SPD-BAN Bar - Coconut & Banana Super Dark Chocolate Bar, 3 oz.",Sale,24.000000000,24.000000000,5.040000000,120.960000000,48.685590960,2025-08-04 15:45:25.117000
87029,1477741,2025-07-28 10:22:06.029000,2025-08-04 00:00:00,Fulfilled,0522 SLC Public Market-SPace #CAE 2-003|Salt Lake City|UT|84116|US,0522 SLC Public Market-SPace #CAE 2-003,Salt Lake City,UT,84116,US,1801009,,"CB-SPD-GRE Bar - Matcha Green Tea Chocolate Bar, 3 oz.",Sale,24.000000000,24.000000000,5.040000000,120.960000000,53.990629008,2025-08-05 07:27:01.318000
87029,1477741,2025-07-28 10:22:06.029000,2025-08-04 00:00:00,Fulfilled,0522 SLC Public Market-SPace #CAE 2-003|Salt Lake City|UT|84116|US,0522 SLC Public Market-SPace #CAE 2-003,Salt Lake City,UT,84116,US,1801012,,"CB-EXO-PHC Bar - Pink Himalayan Crystal Salt Caramel Exotic Chocolate Bar, 3 oz.",Sale,24.000000000,24.000000000,5.040000000,120.960000000,45.081996366,2025-08-05 07:27:01.318000
85520,1477610,2025-07-10 14:39:20.856000,2025-07-28 00:00:00,Fulfilled,DISTRICT MARKET-LGA AP|Dayton|NJ|08810|US,DISTRICT MARKET-LGA AP,Dayton,NJ,08810,US,ShipStation Shipping,,ShipStation shipping amount Tracking: 391499991156,Sale,1.000000000,1.000000000,0E-9,0E-9,0E-9,2025-07-28 13:21:01.539000
85521,1477611,2025-07-10 14:41:37.073000,2025-07-28 00:00:00,Fulfilled,SILICON VALLEY NEWS-SFO AP|San Francisco|CA|94128|US,SILICON VALLEY NEWS-SFO AP,San Francisco,CA,94128,US,ShipStation Shipping,,ShipStation shipping amount Tracking: 391505900687,Sale,1.000000000,1.000000000,0E-9,0E-9,0E-9,2025-07-28 14:45:22.125000
85522,1477612,2025-07-10 14:45:37.390000,2025-07-28 00:00:00,Fulfilled,0440 DC ARTS DISTRICT MARKET-DCA|Dayton|NJ|08810|US,0440 DC ARTS DISTRICT MARKET-DCA,Dayton,NJ,08810,US,ShipStation Shipping,,ShipStation shipping amount Tracking: 391527372261,Sale,1.000000000,1.000000000,0E-9,0E-9,0E-9,2025-07-29 07:45:26.677000
85518,1477608,2025-07-10 14:33:52.431000,2025-07-28 00:00:00,Fulfilled,SHOREPOINTS MARKET-EWR AIRPORT (T1)|DAYTON|NJ|08810|US,SHOREPOINTS MARKET-EWR AIRPORT (T1),DAYTON,NJ,08810,US,ShipStation Shipping,,ShipStation shipping amount Tracking: 391585245934,Sale,1.000000000,1.000000000,0E-9,0E-9,0E-9,2025-07-30 11:51:01.827000
85519,1477609,2025-07-10 14:35:50.930000,2025-07-28 00:00:00,Fulfilled,SIX POINTS MARKET-ORD AP|Chicago|IL|60666|US,SIX POINTS MARKET-ORD AP,Chicago,IL,60666,US,ShipStation Shipping,,ShipStation shipping amount Tracking: 391585421440,Sale,1.000000000,1.000000000,0E-9,0E-9,0E-9,2025-07-30 11:54:01.686000
85523,1477613,2025-07-10 14:47:50.058000,2025-07-28 00:00:00,Fulfilled,MADE IN KC- MCI AP|Kansas City|MO|64153|US,MADE IN KC- MCI AP,Kansas City,MO,64153,US,ShipStation Shipping,,ShipStation shipping amount Tracking: 391586069417,Sale,1.000000000,1.000000000,0E-9,0E-9,0E-9,2025-07-30 12:06:01.772000
87588,1477775,2025-07-31 12:21:05.856000,2025-08-04 00:00:00,Fulfilled,CAPITOL FILE-DCA AP (T-CNC-7)|Dayton|NJ|08810|US,CAPITOL FILE-DCA AP (T-CNC-7),Dayton,NJ,08810,US,1801009,,"CB-SPD-GRE Bar - Matcha Green Tea Chocolate Bar, 3 oz.",Sale,24.000000000,24.000000000,5.040000000,120.960000000,53.990629008,2025-08-04 15:48:02.115000
87588,1477775,2025-07-31 12:21:05.856000,2025-08-04 00:00:00,Fulfilled,CAPITOL FILE-DCA AP (T-CNC-7)|Dayton|NJ|08810|US,CAPITOL FILE-DCA AP (T-CNC-7),Dayton,NJ,08810,US,1801004,,"CB-SPD-BAN Bar - Coconut & Banana Super Dark Chocolate Bar, 3 oz.",Sale,12.000000000,12.000000000,5.040000000,60.480000000,24.342795480,2025-08-04 15:48:02.115000
87588,1477775,2025-07-31 12:21:05.856000,2025-08-04 00:00:00,Fulfilled,CAPITOL FILE-DCA AP (T-CNC-7)|Dayton|NJ|08810|US,CAPITOL FILE-DCA AP (T-CNC-7),Dayton,NJ,08810,US,1801021,,"CB-EXO-BAC Bar- Bacon Exotic Chocolate Bar, 3 oz",Sale,12.000000000,12.000000000,5.040000000,60.480000000,20.708640000,2025-08-04 15:48:02.115000
87589,1477776,2025-07-31 12:22:50.240000,2025-08-04 00:00:00,Fulfilled,0449 EASTERN MARKET-DCA|Dayton|NJ|08810|US,0449 EASTERN MARKET-DCA,Dayton,NJ,08810,US,1801009,,"CB-SPD-GRE Bar - Matcha Green Tea Chocolate Bar, 3 oz.",Sale,24.000000000,24.000000000,5.040000000,120.960000000,53.990629008,2025-08-04 15:48:02.411000
87589,1477776,2025-07-31 12:22:50.240000,2025-08-04 00:00:00,Fulfilled,0449 EASTERN MARKET-DCA|Dayton|NJ|08810|US,0449 EASTERN MARKET-DCA,Dayton,NJ,08810,US,1801012,,"CB-EXO-PHC Bar - Pink Himalayan Crystal Salt Caramel Exotic Chocolate Bar, 3 oz.",Sale,12.000000000,12.000000000,5.040000000,60.480000000,22.121080656,2025-08-04 15:48:02.411000
87589,1477776,2025-07-31 12:22:50.240000,2025-08-04 00:00:00,Fulfilled,0449 EASTERN MARKET-DCA|Dayton|NJ|08810|US,0449 EASTERN MARKET-DCA,Dayton,NJ,08810,US,1801022,,"CB-EXO-BAR Bar- Barcelona Exotic Chocolate Bar, 3oz",Sale,12.000000000,12.000000000,5.040000000,60.480000000,18.646560000,2025-08-04 15:48:02.411000
87590,1477777,2025-07-31 12:28:24.799000,2025-08-04 00:00:00,Fulfilled,WH SMITH-DCA AP (T-CNC3)|Dayton|NJ|08810|US,WH SMITH-DCA AP (T-CNC3),Dayton,NJ,08810,US,1801009,,"CB-SPD-GRE Bar - Matcha Green Tea Chocolate Bar, 3 oz.",Sale,12.000000000,12.000000000,5.040000000,60.480000000,26.995314504,2025-08-04 15:48:01.568000
87590,1477777,2025-07-31 12:28:24.799000,2025-08-04 00:00:00,Fulfilled,WH SMITH-DCA AP (T-CNC3)|Dayton|NJ|08810|US,WH SMITH-DCA AP (T-CNC3),Dayton,NJ,08810,US,1801012,,"CB-EXO-PHC Bar - Pink Himalayan Crystal Salt Caramel Exotic Chocolate Bar, 3 oz.",Sale,24.000000000,24.000000000,5.040000000,120.960000000,44.242161312,2025-08-04 15:48:01.568000
87590,1477777,2025-07-31 12:28:24.799000,2025-08-04 00:00:00,Fulfilled,WH SMITH-DCA AP (T-CNC3)|Dayton|NJ|08810|US,WH SMITH-DCA AP (T-CNC3),Dayton,NJ,08810,US,1801022,,"CB-EXO-BAR Bar- Barcelona Exotic Chocolate Bar, 3oz",Sale,12.000000000,12.000000000,5.040000000,60.480000000,18.646560000,2025-08-04 15:48:01.568000
87590,1477777,2025-07-31 12:28:24.799000,2025-08-04 00:00:00,Fulfilled,WH SMITH-DCA AP (T-CNC3)|Dayton|NJ|08810|US,WH SMITH-DCA AP (T-CNC3),Dayton,NJ,08810,US,1801022,,"CB-EXO-BAR Bar- Barcelona Exotic Chocolate Bar, 3oz",Sale,12.000000000,12.000000000,5.040000000,60.480000000,18.646560000,2025-08-04 15:48:01.568000
85524,1477614,2025-07-10 14:48:54.739000,2025-07-28 00:00:00,Fulfilled,CITY ARTS MARKET-MCO AP|Orlando|FL|32827|US,CITY ARTS MARKET-MCO AP,Orlando,FL,32827,US,ShipStation Shipping,,ShipStation shipping amount Tracking: 391634578318,Sale,1.000000000,1.000000000,0E-9,0E-9,0E-9,2025-07-31 14:00:31.999000
87028,1477740,2025-07-25 13:41:53.566000,2025-08-04 00:00:00,Fulfilled,LA CONFIDENTIAL- LAX AP|El Segundo|CA|90245|US,LA CONFIDENTIAL- LAX AP,El Segundo,CA,90245,US,ShipStation Shipping,,ShipStation shipping amount Tracking: 391757426734,Sale,1.000000000,1.000000000,0E-9,0E-9,0E-9,2025-08-04 15:45:25.117000
87590,1477777,2025-07-31 12:28:24.799000,2025-08-04 00:00:00,Fulfilled,WH SMITH-DCA AP (T-CNC3)|Dayton|NJ|08810|US,WH SMITH-DCA AP (T-CNC3),Dayton,NJ,08810,US,ShipStation Shipping,,ShipStation shipping amount Tracking: 391757555262,Sale,1.000000000,1.000000000,0E-9,0E-9,0E-9,2025-08-04 15:48:01.568000
87588,1477775,2025-07-31 12:21:05.856000,2025-08-04 00:00:00,Fulfilled,CAPITOL FILE-DCA AP (T-CNC-7)|Dayton|NJ|08810|US,CAPITOL FILE-DCA AP (T-CNC-7),Dayton,NJ,08810,US,ShipStation Shipping,,ShipStation shipping amount Tracking: 391757577613,Sale,1.000000000,1.000000000,0E-9,0E-9,0E-9,2025-08-04 15:48:02.115000
87589,1477776,2025-07-31 12:22:50.240000,2025-08-04 00:00:00,Fulfilled,0449 EASTERN MARKET-DCA|Dayton|NJ|08810|US,0449 EASTERN MARKET-DCA,Dayton,NJ,08810,US,ShipStation Shipping,,ShipStation shipping amount Tracking: 391757647451,Sale,1.000000000,1.000000000,0E-9,0E-9,0E-9,2025-08-04 15:48:02.411000
86154,1477668,2025-07-17 13:46:43.480000,2025-08-04 00:00:00,Fulfilled,NATALIES CANDY AT SEA-TAC  AP|Seattle|WA|98158|US,NATALIES CANDY AT SEA-TAC  AP,Seattle,WA,98158,US,ShipStation Shipping,,ShipStation shipping amount Tracking: 391757771301,Sale,1.000000000,1.000000000,0E-9,0E-9,0E-9,2025-08-04 15:51:01.771000
87029,1477741,2025-07-28 10:22:06.029000,2025-08-04 00:00:00,Fulfilled,0522 SLC Public Market-SPace #CAE 2-003|Salt Lake City|UT|84116|US,0522 SLC Public Market-SPace #CAE 2-003,Salt Lake City,UT,84116,US,ShipStation Shipping,,ShipStation shipping amount Tracking: 391774431037,Sale,1.000000000,1.000000000,0E-9,0E-9,0E-9,2025-08-05 07:27:01.318000
86155,1477669,2025-07-17 13:48:51.787000,2025-08-04 00:00:00,Fulfilled,THE WELL - SMF AP|Sacramento|CA|95837|US,THE WELL - SMF AP,Sacramento,CA,95837,US,ShipStation Shipping,,ShipStation shipping amount Tracking: 391774467851,Sale,1.000000000,1.000000000,0E-9,0E-9,0E-9,2025-08-05 07:27:01.568000
89242,1477923,2025-08-15 11:59:56.365000,2025-08-18 00:00:00,Fulfilled,0440 DC ARTS DISTRICT MARKET-DCA|Dayton|NJ|08810|US,0440 DC ARTS DISTRICT MARKET-DCA,Dayton,NJ,08810,US,1801012,,"CB-EXO-PHC Bar - Pink Himalayan Crystal Salt Caramel Exotic Chocolate Bar, 3 oz.",Sale,24.000000000,24.000000000,5.040000000,120.960000000,45.361941384,2025-08-18 11:45:29.095000
89242,1477923,2025-08-15 11:59:56.365000,2025-08-18 00:00:00,Fulfilled,0440 DC ARTS DISTRICT MARKET-DCA|Dayton|NJ|08810|US,0440 DC ARTS DISTRICT MARKET-DCA,Dayton,NJ,08810,US,1801004,,"CB-SPD-BAN Bar - Coconut & Banana Super Dark Chocolate Bar, 3 oz.",Sale,12.000000000,12.000000000,5.040000000,60.480000000,23.878009032,2025-08-18 11:45:29.095000
89242,1477923,2025-08-15 11:59:56.365000,2025-08-18 00:00:00,Fulfilled,0440 DC ARTS DISTRICT MARKET-DCA|Dayton|NJ|08810|US,0440 DC ARTS DISTRICT MARKET-DCA,Dayton,NJ,08810,US,1801022,,"CB-EXO-BAR Bar- Barcelona Exotic Chocolate Bar, 3oz",Sale,12.000000000,12.000000000,5.040000000,60.480000000,18.646560000,2025-08-18 11:45:29.095000
89243,1477924,2025-08-15 12:02:13.067000,2025-08-18 00:00:00,Fulfilled,THE BOWERY BAY SHOPS-LGA AP|Dayton|NJ|08810|US,THE BOWERY BAY SHOPS-LGA AP,Dayton,NJ,08810,US,1801009,,"CB-SPD-GRE Bar - Matcha Green Tea Chocolate Bar, 3 oz.",Sale,12.000000000,12.000000000,5.040000000,60.480000000,27.006703392,2025-08-18 11:42:01.611000
89243,1477924,2025-08-15 12:02:13.067000,2025-08-18 00:00:00,Fulfilled,THE BOWERY BAY SHOPS-LGA AP|Dayton|NJ|08810|US,THE BOWERY BAY SHOPS-LGA AP,Dayton,NJ,08810,US,1801012,,"CB-EXO-PHC Bar - Pink Himalayan Crystal Salt Caramel Exotic Chocolate Bar, 3 oz.",Sale,12.000000000,12.000000000,5.040000000,60.480000000,22.680970692,2025-08-18 11:42:01.611000
89243,1477924,2025-08-15 12:02:13.067000,2025-08-18 00:00:00,Fulfilled,THE BOWERY BAY SHOPS-LGA AP|Dayton|NJ|08810|US,THE BOWERY BAY SHOPS-LGA AP,Dayton,NJ,08810,US,1801004,,"CB-SPD-BAN Bar - Coconut & Banana Super Dark Chocolate Bar, 3 oz.",Sale,12.000000000,12.000000000,5.040000000,60.480000000,23.878009032,2025-08-18 11:42:01.611000
89243,1477924,2025-08-15 12:02:13.067000,2025-08-18 00:00:00,Fulfilled,THE BOWERY BAY SHOPS-LGA AP|Dayton|NJ|08810|US,THE BOWERY BAY SHOPS-LGA AP,Dayton,NJ,08810,US,1801021,,"CB-EXO-BAC Bar- Bacon Exotic Chocolate Bar, 3 oz",Sale,12.000000000,12.000000000,5.040000000,60.480000000,20.708640000,2025-08-18 11:42:01.611000
89244,1477925,2025-08-15 12:05:13.957000,2025-08-18 00:00:00,Fulfilled,NATALIES CANDY AT SEA-TAC  AP|Seattle|WA|98158|US,NATALIES CANDY AT SEA-TAC  AP,Seattle,WA,98158,US,1801012,,"CB-EXO-PHC Bar - Pink Himalayan Crystal Salt Caramel Exotic Chocolate Bar, 3 oz.",Sale,12.000000000,12.000000000,5.040000000,60.480000000,22.680970692,2025-08-18 11:54:01.044000
89244,1477925,2025-08-15 12:05:13.957000,2025-08-18 00:00:00,Fulfilled,NATALIES CANDY AT SEA-TAC  AP|Seattle|WA|98158|US,NATALIES CANDY AT SEA-TAC  AP,Seattle,WA,98158,US,1801004,,"CB-SPD-BAN Bar - Coconut & Banana Super Dark Chocolate Bar, 3 oz.",Sale,24.000000000,24.000000000,5.040000000,120.960000000,47.756018064,2025-08-18 11:54:01.044000
89244,1477925,2025-08-15 12:05:13.957000,2025-08-18 00:00:00,Fulfilled,NATALIES CANDY AT SEA-TAC  AP|Seattle|WA|98158|US,NATALIES CANDY AT SEA-TAC  AP,Seattle,WA,98158,US,1801022,,"CB-EXO-BAR Bar- Barcelona Exotic Chocolate Bar, 3oz",Sale,12.000000000,12.000000000,5.040000000,60.480000000,18.646560000,2025-08-18 11:54:01.044000
89245,1477926,2025-08-15 12:07:46.239000,2025-08-18 00:00:00,Fulfilled,SIX POINTS MARKET-ORD AP|Chicago|IL|60666|US,SIX POINTS MARKET-ORD AP,Chicago,IL,60666,US,1801009,,"CB-SPD-GRE Bar - Matcha Green Tea Chocolate Bar, 3 oz.",Sale,24.000000000,24.000000000,5.040000000,120.960000000,54.013406784,2025-08-18 12:48:00.945000
89245,1477926,2025-08-15 12:07:46.239000,2025-08-18 00:00:00,Fulfilled,SIX POINTS MARKET-ORD AP|Chicago|IL|60666|US,SIX POINTS MARKET-ORD AP,Chicago,IL,60666,US,1801012,,"CB-EXO-PHC Bar - Pink Himalayan Crystal Salt Caramel Exotic Chocolate Bar, 3 oz.",Sale,12.000000000,12.000000000,5.040000000,60.480000000,22.680970692,2025-08-18 12:48:00.945000
89245,1477926,2025-08-15 12:07:46.239000,2025-08-18 00:00:00,Fulfilled,SIX POINTS MARKET-ORD AP|Chicago|IL|60666|US,SIX POINTS MARKET-ORD AP,Chicago,IL,60666,US,1801022,,"CB-EXO-BAR Bar- Barcelona Exotic Chocolate Bar, 3oz",Sale,12.000000000,12.000000000,5.040000000,60.480000000,18.646560000,2025-08-18 12:48:00.945000
89246,1477927,2025-08-15 12:11:45.766000,2025-08-18 00:00:00,Fulfilled,FLIGHT STOP-DEN AIRPORT (GATE 33 &  55)|Denver|CO|80203|US,FLIGHT STOP-DEN AIRPORT (GATE 33 &  55),Denver,CO,80203,US,1801009,,"CB-SPD-GRE Bar - Matcha Green Tea Chocolate Bar, 3 oz.",Sale,12.000000000,12.000000000,5.040000000,60.480000000,27.006703392,2025-08-19 11:51:01.609000
89246,1477927,2025-08-15 12:11:45.766000,2025-08-18 00:00:00,Fulfilled,FLIGHT STOP-DEN AIRPORT (GATE 33 &  55)|Denver|CO|80203|US,FLIGHT STOP-DEN AIRPORT (GATE 33 &  55),Denver,CO,80203,US,1801012,,"CB-EXO-PHC Bar - Pink Himalayan Crystal Salt Caramel Exotic Chocolate Bar, 3 oz.",Sale,12.000000000,12.000000000,5.040000000,60.480000000,22.680970692,2025-08-19 11:51:01.609000
89246,1477927,2025-08-15 12:11:45.766000,2025-08-18 00:00:00,Fulfilled,FLIGHT STOP-DEN AIRPORT (GATE 33 &  55)|Denver|CO|80203|US,FLIGHT STOP-DEN AIRPORT (GATE 33 &  55),Denver,CO,80203,US,1801004,,"CB-SPD-BAN Bar - Coconut & Banana Super Dark Chocolate Bar, 3 oz.",Sale,24.000000000,24.000000000,5.040000000,120.960000000,47.756018064,2025-08-19 11:51:01.609000
89246,1477927,2025-08-15 12:11:45.766000,2025-08-18 00:00:00,Fulfilled,FLIGHT STOP-DEN AIRPORT (GATE 33 &  55)|Denver|CO|80203|US,FLIGHT STOP-DEN AIRPORT (GATE 33 &  55),Denver,CO,80203,US,1801021,,"CB-EXO-BAC Bar- Bacon Exotic Chocolate Bar, 3 oz",Sale,12.000000000,12.000000000,5.040000000,60.480000000,20.708640000,2025-08-19 11:51:01.609000
89246,1477927,2025-08-15 12:11:45.766000,2025-08-18 00:00:00,Fulfilled,FLIGHT STOP-DEN AIRPORT (GATE 33 &  55)|Denver|CO|80203|US,FLIGHT STOP-DEN AIRPORT (GATE 33 &  55),Denver,CO,80203,US,1801022,,"CB-EXO-BAR Bar- Barcelona Exotic Chocolate Bar, 3oz",Sale,12.000000000,12.000000000,5.040000000,60.480000000,18.646560000,2025-08-19 11:51:01.609000
89243,1477924,2025-08-15 12:02:13.067000,2025-08-18 00:00:00,Fulfilled,THE BOWERY BAY SHOPS-LGA AP|Dayton|NJ|08810|US,THE BOWERY BAY SHOPS-LGA AP,Dayton,NJ,08810,US,ShipStation Shipping,,ShipStation shipping amount Tracking: 392236132482,Sale,1.000000000,1.000000000,0E-9,0E-9,0E-9,2025-08-18 11:42:01.611000
89242,1477923,2025-08-15 11:59:56.365000,2025-08-18 00:00:00,Fulfilled,0440 DC ARTS DISTRICT MARKET-DCA|Dayton|NJ|08810|US,0440 DC ARTS DISTRICT MARKET-DCA,Dayton,NJ,08810,US,ShipStation Shipping,,ShipStation shipping amount Tracking: 392236531925,Sale,1.000000000,1.000000000,0E-9,0E-9,0E-9,2025-08-18 11:45:29.095000
89244,1477925,2025-08-15 12:05:13.957000,2025-08-18 00:00:00,Fulfilled,NATALIES CANDY AT SEA-TAC  AP|Seattle|WA|98158|US,NATALIES CANDY AT SEA-TAC  AP,Seattle,WA,98158,US,ShipStation Shipping,,ShipStation shipping amount Tracking: 392237011010,Sale,1.000000000,1.000000000,0E-9,0E-9,0E-9,2025-08-18 11:54:01.044000
89245,1477926,2025-08-15 12:07:46.239000,2025-08-18 00:00:00,Fulfilled,SIX POINTS MARKET-ORD AP|Chicago|IL|60666|US,SIX POINTS MARKET-ORD AP,Chicago,IL,60666,US,ShipStation Shipping,,ShipStation shipping amount Tracking: 392241168953,Sale,1.000000000,1.000000000,0E-9,0E-9,0E-9,2025-08-18 12:48:00.945000
89246,1477927,2025-08-15 12:11:45.766000,2025-08-18 00:00:00,Fulfilled,FLIGHT STOP-DEN AIRPORT (GATE 33 &  55)|Denver|CO|80203|US,FLIGHT STOP-DEN AIRPORT (GATE 33 &  55),Denver,CO,80203,US,ShipStation Shipping,,ShipStation shipping amount Tracking: 392286115315,Sale,1.000000000,1.000000000,0E-9,0E-9,0E-9,2025-08-19 11:51:01.609000
89699,1477990,2025-08-20 15:32:06.527000,2025-08-25 00:00:00,Fulfilled,0430 Motown Greatest Hits #430 Suite 3-2|Detroit|MI|48242|US,0430 Motown Greatest Hits #430 Suite 3-2,Detroit,MI,48242,US,1801009,,"CB-SPD-GRE Bar - Matcha Green Tea Chocolate Bar, 3 oz.",Sale,24.000000000,24.000000000,5.040000000,120.960000000,54.013406784,2025-08-25 10:42:01.610000
89699,1477990,2025-08-20 15:32:06.527000,2025-08-25 00:00:00,Fulfilled,0430 Motown Greatest Hits #430 Suite 3-2|Detroit|MI|48242|US,0430 Motown Greatest Hits #430 Suite 3-2,Detroit,MI,48242,US,1801012,,"CB-EXO-PHC Bar - Pink Himalayan Crystal Salt Caramel Exotic Chocolate Bar, 3 oz.",Sale,12.000000000,12.000000000,5.040000000,60.480000000,21.963797976,2025-08-25 10:42:01.610000
89699,1477990,2025-08-20 15:32:06.527000,2025-08-25 00:00:00,Fulfilled,0430 Motown Greatest Hits #430 Suite 3-2|Detroit|MI|48242|US,0430 Motown Greatest Hits #430 Suite 3-2,Detroit,MI,48242,US,1801004,,"CB-SPD-BAN Bar - Coconut & Banana Super Dark Chocolate Bar, 3 oz.",Sale,12.000000000,12.000000000,5.040000000,60.480000000,23.878009032,2025-08-25 10:42:01.610000
89700,1477991,2025-08-20 15:35:55.965000,2025-08-25 00:00:00,Fulfilled,THE ARTS DISTRICT MKT-BNA AP|Nashville|TN|37214|US,THE ARTS DISTRICT MKT-BNA AP,Nashville,TN,37214,US,1801009,,"CB-SPD-GRE Bar - Matcha Green Tea Chocolate Bar, 3 oz.",Sale,24.000000000,24.000000000,5.040000000,120.960000000,54.013406784,2025-08-25 10:42:01.003000
89700,1477991,2025-08-20 15:35:55.965000,2025-08-25 00:00:00,Fulfilled,THE ARTS DISTRICT MKT-BNA AP|Nashville|TN|37214|US,THE ARTS DISTRICT MKT-BNA AP,Nashville,TN,37214,US,1801012,,"CB-EXO-PHC Bar - Pink Himalayan Crystal Salt Caramel Exotic Chocolate Bar, 3 oz.",Sale,12.000000000,12.000000000,5.040000000,60.480000000,21.963797976,2025-08-25 10:42:01.003000
89700,1477991,2025-08-20 15:35:55.965000,2025-08-25 00:00:00,Fulfilled,THE ARTS DISTRICT MKT-BNA AP|Nashville|TN|37214|US,THE ARTS DISTRICT MKT-BNA AP,Nashville,TN,37214,US,1801004,,"CB-SPD-BAN Bar - Coconut & Banana Super Dark Chocolate Bar, 3 oz.",Sale,24.000000000,24.000000000,5.040000000,120.960000000,47.756018064,2025-08-25 10:42:01.003000
89701,1477992,2025-08-20 15:37:26.670000,2025-08-25 00:00:00,Fulfilled,FLIGHT STOP-DEN AIRPORT (GATE 33 &  55)|Denver|CO|80203|US,FLIGHT STOP-DEN AIRPORT (GATE 33 &  55),Denver,CO,80203,US,1801009,,"CB-SPD-GRE Bar - Matcha Green Tea Chocolate Bar, 3 oz.",Sale,24.000000000,24.000000000,5.040000000,120.960000000,54.013406784,2025-08-25 10:39:01.686000
89701,1477992,2025-08-20 15:37:26.670000,2025-08-25 00:00:00,Fulfilled,FLIGHT STOP-DEN AIRPORT (GATE 33 &  55)|Denver|CO|80203|US,FLIGHT STOP-DEN AIRPORT (GATE 33 &  55),Denver,CO,80203,US,1801012,,"CB-EXO-PHC Bar - Pink Himalayan Crystal Salt Caramel Exotic Chocolate Bar, 3 oz.",Sale,24.000000000,24.000000000,5.040000000,120.960000000,43.927595952,2025-08-25 10:39:01.686000
89702,1477993,2025-08-20 15:39:05.652000,2025-08-25 00:00:00,Fulfilled,DISTRICT MARKET-BWI AIRPORT|DAYTON|NJ|08810|US,DISTRICT MARKET-BWI AIRPORT,DAYTON,NJ,08810,US,1801009,,"CB-SPD-GRE Bar - Matcha Green Tea Chocolate Bar, 3 oz.",Sale,24.000000000,24.000000000,5.040000000,120.960000000,54.013406784,2025-08-25 10:39:01.341000
89702,1477993,2025-08-20 15:39:05.652000,2025-08-25 00:00:00,Fulfilled,DISTRICT MARKET-BWI AIRPORT|DAYTON|NJ|08810|US,DISTRICT MARKET-BWI AIRPORT,DAYTON,NJ,08810,US,1801004,,"CB-SPD-BAN Bar - Coconut & Banana Super Dark Chocolate Bar, 3 oz.",Sale,12.000000000,12.000000000,5.040000000,60.480000000,23.878009032,2025-08-25 10:39:01.341000
89702,1477993,2025-08-20 15:39:05.652000,2025-08-25 00:00:00,Fulfilled,DISTRICT MARKET-BWI AIRPORT|DAYTON|NJ|08810|US,DISTRICT MARKET-BWI AIRPORT,DAYTON,NJ,08810,US,1801022,,"CB-EXO-BAR Bar- Barcelona Exotic Chocolate Bar, 3oz",Sale,12.000000000,12.000000000,5.040000000,60.480000000,18.646560000,2025-08-25 10:39:01.341000
89803,1478002,2025-08-21 12:26:07.038000,2025-08-26 00:00:00,Fulfilled,DISTRICT MARKET-SFO AP|San Francisco|CA|94128|US,DISTRICT MARKET-SFO AP,San Francisco,CA,94128,US,1801012,,"CB-EXO-PHC Bar - Pink Himalayan Crystal Salt Caramel Exotic Chocolate Bar, 3 oz.",Sale,24.000000000,24.000000000,5.040000000,120.960000000,43.927595952,2025-08-26 11:21:01.590000
89803,1478002,2025-08-21 12:26:07.038000,2025-08-26 00:00:00,Fulfilled,DISTRICT MARKET-SFO AP|San Francisco|CA|94128|US,DISTRICT MARKET-SFO AP,San Francisco,CA,94128,US,1801004,,"CB-SPD-BAN Bar - Coconut & Banana Super Dark Chocolate Bar, 3 oz.",Sale,24.000000000,24.000000000,5.040000000,120.960000000,47.756018064,2025-08-26 11:21:01.590000
89804,1478003,2025-08-21 12:32:00.036000,2025-09-02 00:00:00,Fulfilled,0430 Motown Greatest Hits #430 Suite 3-2|Detroit|MI|48242|US,0430 Motown Greatest Hits #430 Suite 3-2,Detroit,MI,48242,US,1801012,,"CB-EXO-PHC Bar - Pink Himalayan Crystal Salt Caramel Exotic Chocolate Bar, 3 oz.",Sale,12.000000000,12.000000000,5.040000000,60.480000000,21.967478808,2025-09-02 09:33:00.785000
89804,1478003,2025-08-21 12:32:00.036000,2025-09-02 00:00:00,Fulfilled,0430 Motown Greatest Hits #430 Suite 3-2|Detroit|MI|48242|US,0430 Motown Greatest Hits #430 Suite 3-2,Detroit,MI,48242,US,1801004,,"CB-SPD-BAN Bar - Coconut & Banana Super Dark Chocolate Bar, 3 oz.",Sale,12.000000000,12.000000000,5.040000000,60.480000000,23.878009032,2025-09-02 09:33:00.785000
89804,1478003,2025-08-21 12:32:00.036000,2025-09-02 00:00:00,Fulfilled,0430 Motown Greatest Hits #430 Suite 3-2|Detroit|MI|48242|US,0430 Motown Greatest Hits #430 Suite 3-2,Detroit,MI,48242,US,1801021,,"CB-EXO-BAC Bar- Bacon Exotic Chocolate Bar, 3 oz",Sale,12.000000000,12.000000000,5.040000000,60.480000000,15.784698960,2025-09-02 09:33:00.785000
89804,1478003,2025-08-21 12:32:00.036000,2025-09-02 00:00:00,Fulfilled,0430 Motown Greatest Hits #430 Suite 3-2|Detroit|MI|48242|US,0430 Motown Greatest Hits #430 Suite 3-2,Detroit,MI,48242,US,1801022,,"CB-EXO-BAR Bar- Barcelona Exotic Chocolate Bar, 3oz",Sale,12.000000000,12.000000000,5.040000000,60.480000000,18.646560000,2025-09-02 09:33:00.785000
89805,1478004,2025-08-21 12:35:42.615000,2025-08-26 00:00:00,Fulfilled,GOTHAM NEWS-MOYNIHAN TRAIN HALL|Dayton|NJ|08810|US,GOTHAM NEWS-MOYNIHAN TRAIN HALL,Dayton,NJ,08810,US,1801009,,"CB-SPD-GRE Bar - Matcha Green Tea Chocolate Bar, 3 oz.",Sale,24.000000000,24.000000000,5.040000000,120.960000000,54.013406784,2025-08-26 11:24:01.340000
89805,1478004,2025-08-21 12:35:42.615000,2025-08-26 00:00:00,Fulfilled,GOTHAM NEWS-MOYNIHAN TRAIN HALL|Dayton|NJ|08810|US,GOTHAM NEWS-MOYNIHAN TRAIN HALL,Dayton,NJ,08810,US,1801004,,"CB-SPD-BAN Bar - Coconut & Banana Super Dark Chocolate Bar, 3 oz.",Sale,12.000000000,12.000000000,5.040000000,60.480000000,23.878009032,2025-08-26 11:24:01.340000
89805,1478004,2025-08-21 12:35:42.615000,2025-08-26 00:00:00,Fulfilled,GOTHAM NEWS-MOYNIHAN TRAIN HALL|Dayton|NJ|08810|US,GOTHAM NEWS-MOYNIHAN TRAIN HALL,Dayton,NJ,08810,US,1801022,,"CB-EXO-BAR Bar- Barcelona Exotic Chocolate Bar, 3oz",Sale,12.000000000,12.000000000,5.040000000,60.480000000,18.646560000,2025-08-26 11:24:01.340000
89806,1478005,2025-08-21 12:40:33.266000,2025-08-26 00:00:00,Fulfilled,UPTOWN KIOSK 2-PHX AP|Phoenix|AZ|85034|US,UPTOWN KIOSK 2-PHX AP,Phoenix,AZ,85034,US,1801009,,"CB-SPD-GRE Bar - Matcha Green Tea Chocolate Bar, 3 oz.",Sale,24.000000000,24.000000000,5.040000000,120.960000000,54.013406784,2025-08-26 11:09:01.164000
89806,1478005,2025-08-21 12:40:33.266000,2025-08-26 00:00:00,Fulfilled,UPTOWN KIOSK 2-PHX AP|Phoenix|AZ|85034|US,UPTOWN KIOSK 2-PHX AP,Phoenix,AZ,85034,US,1801012,,"CB-EXO-PHC Bar - Pink Himalayan Crystal Salt Caramel Exotic Chocolate Bar, 3 oz.",Sale,12.000000000,12.000000000,5.040000000,60.480000000,21.963797976,2025-08-26 11:09:01.164000
89806,1478005,2025-08-21 12:40:33.266000,2025-08-26 00:00:00,Fulfilled,UPTOWN KIOSK 2-PHX AP|Phoenix|AZ|85034|US,UPTOWN KIOSK 2-PHX AP,Phoenix,AZ,85034,US,1801004,,"CB-SPD-BAN Bar - Coconut & Banana Super Dark Chocolate Bar, 3 oz.",Sale,12.000000000,12.000000000,5.040000000,60.480000000,23.878009032,2025-08-26 11:09:01.164000
89807,1478006,2025-08-21 12:42:52.484000,2025-08-26 00:00:00,Fulfilled,LICK-DFW AIRPORT|DALLAS|TX|75261|US,LICK-DFW AIRPORT,DALLAS,TX,75261,US,1801009,,"CB-SPD-GRE Bar - Matcha Green Tea Chocolate Bar, 3 oz.",Sale,12.000000000,12.000000000,5.040000000,60.480000000,27.006703392,2025-08-26 11:24:00.961000
89807,1478006,2025-08-21 12:42:52.484000,2025-08-26 00:00:00,Fulfilled,LICK-DFW AIRPORT|DALLAS|TX|75261|US,LICK-DFW AIRPORT,DALLAS,TX,75261,US,1801012,,"CB-EXO-PHC Bar - Pink Himalayan Crystal Salt Caramel Exotic Chocolate Bar, 3 oz.",Sale,24.000000000,24.000000000,5.040000000,120.960000000,43.927595952,2025-08-26 11:24:00.961000
89807,1478006,2025-08-21 12:42:52.484000,2025-08-26 00:00:00,Fulfilled,LICK-DFW AIRPORT|DALLAS|TX|75261|US,LICK-DFW AIRPORT,DALLAS,TX,75261,US,1801022,,"CB-EXO-BAR Bar- Barcelona Exotic Chocolate Bar, 3oz",Sale,12.000000000,12.000000000,5.040000000,60.480000000,18.646560000,2025-08-26 11:24:00.961000
89702,1477993,2025-08-20 15:39:05.652000,2025-08-25 00:00:00,Fulfilled,DISTRICT MARKET-BWI AIRPORT|DAYTON|NJ|08810|US,DISTRICT MARKET-BWI AIRPORT,DAYTON,NJ,08810,US,ShipStation Shipping,,ShipStation shipping amount Tracking: 392479697632,Sale,1.000000000,1.000000000,0E-9,0E-9,0E-9,2025-08-25 10:39:01.341000
89701,1477992,2025-08-20 15:37:26.670000,2025-08-25 00:00:00,Fulfilled,FLIGHT STOP-DEN AIRPORT (GATE 33 &  55)|Denver|CO|80203|US,FLIGHT STOP-DEN AIRPORT (GATE 33 &  55),Denver,CO,80203,US,ShipStation Shipping,,ShipStation shipping amount Tracking: 392479762630,Sale,1.000000000,1.000000000,0E-9,0E-9,0E-9,2025-08-25 10:39:01.686000
89700,1477991,2025-08-20 15:35:55.965000,2025-08-25 00:00:00,Fulfilled,THE ARTS DISTRICT MKT-BNA AP|Nashville|TN|37214|US,THE ARTS DISTRICT MKT-BNA AP,Nashville,TN,37214,US,ShipStation Shipping,,ShipStation shipping amount Tracking: 392479832078,Sale,1.000000000,1.000000000,0E-9,0E-9,0E-9,2025-08-25 10:42:01.003000
89699,1477990,2025-08-20 15:32:06.527000,2025-08-25 00:00:00,Fulfilled,0430 Motown Greatest Hits #430 Suite 3-2|Detroit|MI|48242|US,0430 Motown Greatest Hits #430 Suite 3-2,Detroit,MI,48242,US,ShipStation Shipping,,ShipStation shipping amount Tracking: 392479904254,Sale,1.000000000,1.000000000,0E-9,0E-9,0E-9,2025-08-25 10:42:01.610000
89806,1478005,2025-08-21 12:40:33.266000,2025-08-26 00:00:00,Fulfilled,UPTOWN KIOSK 2-PHX AP|Phoenix|AZ|85034|US,UPTOWN KIOSK 2-PHX AP,Phoenix,AZ,85034,US,ShipStation Shipping,,ShipStation shipping amount Tracking: 392531900691,Sale,1.000000000,1.000000000,0E-9,0E-9,0E-9,2025-08-26 11:09:01.164000
89803,1478002,2025-08-21 12:26:07.038000,2025-08-26 00:00:00,Fulfilled,DISTRICT MARKET-SFO AP|San Francisco|CA|94128|US,DISTRICT MARKET-SFO AP,San Francisco,CA,94128,US,ShipStation Shipping,,ShipStation shipping amount Tracking: 392532717643,Sale,1.000000000,1.000000000,0E-9,0E-9,0E-9,2025-08-26 11:21:01.590000
89807,1478006,2025-08-21 12:42:52.484000,2025-08-26 00:00:00,Fulfilled,LICK-DFW AIRPORT|DALLAS|TX|75261|US,LICK-DFW AIRPORT,DALLAS,TX,75261,US,ShipStation Shipping,,ShipStation shipping amount Tracking: 392532807623,Sale,1.000000000,1.000000000,0E-9,0E-9,0E-9,2025-08-26 11:24:00.961000
89805,1478004,2025-08-21 12:35:42.615000,2025-08-26 00:00:00,Fulfilled,GOTHAM NEWS-MOYNIHAN TRAIN HALL|Dayton|NJ|08810|US,GOTHAM NEWS-MOYNIHAN TRAIN HALL,Dayton,NJ,08810,US,ShipStation Shipping,,ShipStation shipping amount Tracking: 392532848222,Sale,1.000000000,1.000000000,0E-9,0E-9,0E-9,2025-08-26 11:24:01.340000
90527,1478133,2025-08-28 14:28:03.258000,2025-09-02 00:00:00,Fulfilled,SHOREPOINTS MARKET-EWR AIRPORT (T1)|DAYTON|NJ|08810|US,SHOREPOINTS MARKET-EWR AIRPORT (T1),DAYTON,NJ,08810,US,1801004,,"CB-SPD-BAN Bar - Coconut & Banana Super Dark Chocolate Bar, 3 oz.",Sale,72.000000000,72.000000000,5.040000000,362.880000000,143.268054192,2025-09-02 11:51:02.397000
90527,1478133,2025-08-28 14:28:03.258000,2025-09-02 00:00:00,Fulfilled,SHOREPOINTS MARKET-EWR AIRPORT (T1)|DAYTON|NJ|08810|US,SHOREPOINTS MARKET-EWR AIRPORT (T1),DAYTON,NJ,08810,US,1801022,,"CB-EXO-BAR Bar- Barcelona Exotic Chocolate Bar, 3oz",Sale,24.000000000,24.000000000,5.040000000,120.960000000,37.293120000,2025-09-02 11:51:02.397000
90529,1478134,2025-08-28 14:31:38.507000,2025-09-02 00:00:00,Fulfilled,THE WELL - SMF AP|Sacramento|CA|95837|US,THE WELL - SMF AP,Sacramento,CA,95837,US,1801012,,"CB-EXO-PHC Bar - Pink Himalayan Crystal Salt Caramel Exotic Chocolate Bar, 3 oz.",Sale,24.000000000,24.000000000,5.040000000,120.960000000,43.934957616,2025-09-02 13:54:02.953000
90529,1478134,2025-08-28 14:31:38.507000,2025-09-02 00:00:00,Fulfilled,THE WELL - SMF AP|Sacramento|CA|95837|US,THE WELL - SMF AP,Sacramento,CA,95837,US,1801004,,"CB-SPD-BAN Bar - Coconut & Banana Super Dark Chocolate Bar, 3 oz.",Sale,12.000000000,12.000000000,5.040000000,60.480000000,23.878009032,2025-09-02 13:54:02.953000
90529,1478134,2025-08-28 14:31:38.507000,2025-09-02 00:00:00,Fulfilled,THE WELL - SMF AP|Sacramento|CA|95837|US,THE WELL - SMF AP,Sacramento,CA,95837,US,1801022,,"CB-EXO-BAR Bar- Barcelona Exotic Chocolate Bar, 3oz",Sale,12.000000000,12.000000000,5.040000000,60.480000000,18.646560000,2025-09-02 13:54:02.953000
90530,1478135,2025-08-28 14:34:05.415000,2025-09-02 00:00:00,Fulfilled,SILICON VALLEY NEWS-SFO AP|San Francisco|CA|94128|US,SILICON VALLEY NEWS-SFO AP,San Francisco,CA,94128,US,1801009,,"CB-SPD-GRE Bar - Matcha Green Tea Chocolate Bar, 3 oz.",Sale,12.000000000,12.000000000,5.040000000,60.480000000,27.006703392,2025-09-02 13:57:01.980000
90530,1478135,2025-08-28 14:34:05.415000,2025-09-02 00:00:00,Fulfilled,SILICON VALLEY NEWS-SFO AP|San Francisco|CA|94128|US,SILICON VALLEY NEWS-SFO AP,San Francisco,CA,94128,US,1801012,,"CB-EXO-PHC Bar - Pink Himalayan Crystal Salt Caramel Exotic Chocolate Bar, 3 oz.",Sale,12.000000000,12.000000000,5.040000000,60.480000000,21.967478808,2025-09-02 13:57:01.980000
90530,1478135,2025-08-28 14:34:05.415000,2025-09-02 00:00:00,Fulfilled,SILICON VALLEY NEWS-SFO AP|San Francisco|CA|94128|US,SILICON VALLEY NEWS-SFO AP,San Francisco,CA,94128,US,1801021,,"CB-EXO-BAC Bar- Bacon Exotic Chocolate Bar, 3 oz",Sale,12.000000000,12.000000000,5.040000000,60.480000000,15.784698960,2025-09-02 13:57:01.980000
90530,1478135,2025-08-28 14:34:05.415000,2025-09-02 00:00:00,Fulfilled,SILICON VALLEY NEWS-SFO AP|San Francisco|CA|94128|US,SILICON VALLEY NEWS-SFO AP,San Francisco,CA,94128,US,1801022,,"CB-EXO-BAR Bar- Barcelona Exotic Chocolate Bar, 3oz",Sale,12.000000000,12.000000000,5.040000000,60.480000000,18.646560000,2025-09-02 13:57:01.980000
89804,1478003,2025-08-21 12:32:00.036000,2025-09-02 00:00:00,Fulfilled,0430 Motown Greatest Hits #430 Suite 3-2|Detroit|MI|48242|US,0430 Motown Greatest Hits #430 Suite 3-2,Detroit,MI,48242,US,ShipStation Shipping,,ShipStation shipping amount Tracking: 392746739536,Sale,1.000000000,1.000000000,0E-9,0E-9,0E-9,2025-09-02 09:33:00.785000
91000,1478171,2025-09-02 10:35:40.392000,2025-09-03 00:00:00,Fulfilled,THE ARTS DISTRICT MARKET - SAN|SAN DIEGO|CA|92110|US,THE ARTS DISTRICT MARKET - SAN,SAN DIEGO,CA,92110,US,1801009,,"CB-SPD-GRE Bar - Matcha Green Tea Chocolate Bar, 3 oz.",Sale,36.000000000,36.000000000,5.040000000,181.440000000,81.020110176,2025-09-03 14:42:01.096000
91000,1478171,2025-09-02 10:35:40.392000,2025-09-03 00:00:00,Fulfilled,THE ARTS DISTRICT MARKET - SAN|SAN DIEGO|CA|92110|US,THE ARTS DISTRICT MARKET - SAN,SAN DIEGO,CA,92110,US,1801012,,"CB-EXO-PHC Bar - Pink Himalayan Crystal Salt Caramel Exotic Chocolate Bar, 3 oz.",Sale,36.000000000,36.000000000,5.040000000,181.440000000,65.902436424,2025-09-03 14:42:01.096000
91000,1478171,2025-09-02 10:35:40.392000,2025-09-03 00:00:00,Fulfilled,THE ARTS DISTRICT MARKET - SAN|SAN DIEGO|CA|92110|US,THE ARTS DISTRICT MARKET - SAN,SAN DIEGO,CA,92110,US,1801004,,"CB-SPD-BAN Bar - Coconut & Banana Super Dark Chocolate Bar, 3 oz.",Sale,36.000000000,36.000000000,5.040000000,181.440000000,71.634027096,2025-09-03 14:42:01.096000
91000,1478171,2025-09-02 10:35:40.392000,2025-09-03 00:00:00,Fulfilled,THE ARTS DISTRICT MARKET - SAN|SAN DIEGO|CA|92110|US,THE ARTS DISTRICT MARKET - SAN,SAN DIEGO,CA,92110,US,1801021,,"CB-EXO-BAC Bar- Bacon Exotic Chocolate Bar, 3 oz",Sale,36.000000000,36.000000000,5.040000000,181.440000000,47.354096880,2025-09-03 14:42:01.096000
91000,1478171,2025-09-02 10:35:40.392000,2025-09-03 00:00:00,Fulfilled,THE ARTS DISTRICT MARKET - SAN|SAN DIEGO|CA|92110|US,THE ARTS DISTRICT MARKET - SAN,SAN DIEGO,CA,92110,US,1801022,,"CB-EXO-BAR Bar- Barcelona Exotic Chocolate Bar, 3oz",Sale,36.000000000,36.000000000,5.040000000,181.440000000,55.939680000,2025-09-03 14:42:01.096000
91001,1478172,2025-09-04 11:23:33.466000,2025-09-03 00:00:00,Fulfilled,16TH & DOLORES-SFO AP (T2)|San Francisco|CA|94128|US,16TH & DOLORES-SFO AP (T2),San Francisco,CA,94128,US,1801009,,"CB-SPD-GRE Bar - Matcha Green Tea Chocolate Bar, 3 oz.",Sale,24.000000000,24.000000000,5.040000000,120.960000000,50.619262512,2025-09-04 13:45:26.479000
91001,1478172,2025-09-04 11:23:33.466000,2025-09-03 00:00:00,Fulfilled,16TH & DOLORES-SFO AP (T2)|San Francisco|CA|94128|US,16TH & DOLORES-SFO AP (T2),San Francisco,CA,94128,US,1801012,,"CB-EXO-PHC Bar - Pink Himalayan Crystal Salt Caramel Exotic Chocolate Bar, 3 oz.",Sale,24.000000000,24.000000000,5.040000000,120.960000000,43.934957616,2025-09-04 13:45:26.479000
91001,1478172,2025-09-04 11:23:33.466000,2025-09-03 00:00:00,Fulfilled,16TH & DOLORES-SFO AP (T2)|San Francisco|CA|94128|US,16TH & DOLORES-SFO AP (T2),San Francisco,CA,94128,US,1801004,,"CB-SPD-BAN Bar - Coconut & Banana Super Dark Chocolate Bar, 3 oz.",Sale,24.000000000,24.000000000,5.040000000,120.960000000,47.756018064,2025-09-04 13:45:26.479000
91001,1478172,2025-09-04 11:23:33.466000,2025-09-03 00:00:00,Fulfilled,16TH & DOLORES-SFO AP (T2)|San Francisco|CA|94128|US,16TH & DOLORES-SFO AP (T2),San Francisco,CA,94128,US,1801021,,"CB-EXO-BAC Bar- Bacon Exotic Chocolate Bar, 3 oz",Sale,24.000000000,24.000000000,5.040000000,120.960000000,31.569397920,2025-09-04 13:45:26.479000
91001,1478172,2025-09-04 11:23:33.466000,2025-09-03 00:00:00,Fulfilled,16TH & DOLORES-SFO AP (T2)|San Francisco|CA|94128|US,16TH & DOLORES-SFO AP (T2),San Francisco,CA,94128,US,1801022,,"CB-EXO-BAR Bar- Barcelona Exotic Chocolate Bar, 3oz",Sale,24.000000000,24.000000000,5.040000000,120.960000000,37.293120000,2025-09-04 13:45:26.479000
90527,1478133,2025-08-28 14:28:03.258000,2025-09-02 00:00:00,Fulfilled,SHOREPOINTS MARKET-EWR AIRPORT (T1)|DAYTON|NJ|08810|US,SHOREPOINTS MARKET-EWR AIRPORT (T1),DAYTON,NJ,08810,US,ShipStation Shipping,,ShipStation shipping amount Tracking: 392758577101,Sale,1.000000000,1.000000000,0E-9,0E-9,0E-9,2025-09-02 11:51:02.397000
90529,1478134,2025-08-28 14:31:38.507000,2025-09-02 00:00:00,Fulfilled,THE WELL - SMF AP|Sacramento|CA|95837|US,THE WELL - SMF AP,Sacramento,CA,95837,US,ShipStation Shipping,,ShipStation shipping amount Tracking: 392768880368,Sale,1.000000000,1.000000000,0E-9,0E-9,0E-9,2025-09-02 13:54:02.953000
90530,1478135,2025-08-28 14:34:05.415000,2025-09-02 00:00:00,Fulfilled,SILICON VALLEY NEWS-SFO AP|San Francisco|CA|94128|US,SILICON VALLEY NEWS-SFO AP,San Francisco,CA,94128,US,ShipStation Shipping,,ShipStation shipping amount Tracking: 392769025634,Sale,1.000000000,1.000000000,0E-9,0E-9,0E-9,2025-09-02 13:57:01.980000
91000,1478171,2025-09-02 10:35:40.392000,2025-09-03 00:00:00,Fulfilled,THE ARTS DISTRICT MARKET - SAN|SAN DIEGO|CA|92110|US,THE ARTS DISTRICT MARKET - SAN,SAN DIEGO,CA,92110,US,ShipStation Shipping,,ShipStation shipping amount Tracking: 392823495025,Sale,1.000000000,1.000000000,0E-9,0E-9,0E-9,2025-09-03 14:42:01.096000
91001,1478172,2025-09-04 11:23:33.466000,2025-09-03 00:00:00,Fulfilled,16TH & DOLORES-SFO AP (T2)|San Francisco|CA|94128|US,16TH & DOLORES-SFO AP (T2),San Francisco,CA,94128,US,ShipStation Shipping,,ShipStation shipping amount Tracking: 392866608940,Sale,1.000000000,1.000000000,0E-9,0E-9,0E-9,2025-09-04 13:45:26.479000
94397,1478394,2025-09-23 13:54:03.987000,2025-09-24 00:00:00,Fulfilled,0430 Motown Greatest Hits #430 Suite 3-2|Detroit|MI|48242|US,0430 Motown Greatest Hits #430 Suite 3-2,Detroit,MI,48242,US,1801012,,"CB-EXO-PHC Bar - Pink Himalayan Crystal Salt Caramel Exotic Chocolate Bar, 3 oz.",Sale,24.000000000,24.000000000,5.040000000,120.960000000,43.934957616,2025-09-24 10:09:01.127000
94397,1478394,2025-09-23 13:54:03.987000,2025-09-24 00:00:00,Fulfilled,0430 Motown Greatest Hits #430 Suite 3-2|Detroit|MI|48242|US,0430 Motown Greatest Hits #430 Suite 3-2,Detroit,MI,48242,US,1801021,,"CB-EXO-BAC Bar- Bacon Exotic Chocolate Bar, 3 oz",Sale,12.000000000,12.000000000,5.040000000,60.480000000,15.802801368,2025-09-24 10:09:01.127000
94397,1478394,2025-09-23 13:54:03.987000,2025-09-24 00:00:00,Fulfilled,0430 Motown Greatest Hits #430 Suite 3-2|Detroit|MI|48242|US,0430 Motown Greatest Hits #430 Suite 3-2,Detroit,MI,48242,US,1801022,,"CB-EXO-BAR Bar- Barcelona Exotic Chocolate Bar, 3oz",Sale,12.000000000,12.000000000,5.040000000,60.480000000,18.646560000,2025-09-24 10:09:01.127000
94399,1478395,2025-09-23 14:05:21.731000,2025-09-24 00:00:00,Fulfilled,WHSMITH C/O HYPERION|DENVER|CO|80203|US,WHSMITH C/O HYPERION,DENVER,CO,80203,US,1801009,,"CB-SPD-GRE Bar - Matcha Green Tea Chocolate Bar, 3 oz.",Sale,24.000000000,24.000000000,5.040000000,120.960000000,50.619262512,2025-09-24 11:33:01.350000
94399,1478395,2025-09-23 14:05:21.731000,2025-09-24 00:00:00,Fulfilled,WHSMITH C/O HYPERION|DENVER|CO|80203|US,WHSMITH C/O HYPERION,DENVER,CO,80203,US,1801012,,"CB-EXO-PHC Bar - Pink Himalayan Crystal Salt Caramel Exotic Chocolate Bar, 3 oz.",Sale,12.000000000,12.000000000,5.040000000,60.480000000,21.967478808,2025-09-24 11:33:01.350000
94399,1478395,2025-09-23 14:05:21.731000,2025-09-24 00:00:00,Fulfilled,WHSMITH C/O HYPERION|DENVER|CO|80203|US,WHSMITH C/O HYPERION,DENVER,CO,80203,US,1801004,,"CB-SPD-BAN Bar - Coconut & Banana Super Dark Chocolate Bar, 3 oz.",Sale,12.000000000,12.000000000,5.040000000,60.480000000,22.794645204,2025-09-24 11:33:01.350000
94400,1478396,2025-09-23 14:07:57.428000,2025-09-24 00:00:00,Fulfilled,0449 EASTERN MARKET-DCA|Dayton|NJ|08810|US,0449 EASTERN MARKET-DCA,Dayton,NJ,08810,US,1801012,,"CB-EXO-PHC Bar - Pink Himalayan Crystal Salt Caramel Exotic Chocolate Bar, 3 oz.",Sale,24.000000000,24.000000000,5.040000000,120.960000000,43.934957616,2025-09-24 11:33:01.022000
94400,1478396,2025-09-23 14:07:57.428000,2025-09-24 00:00:00,Fulfilled,0449 EASTERN MARKET-DCA|Dayton|NJ|08810|US,0449 EASTERN MARKET-DCA,Dayton,NJ,08810,US,1801021,,"CB-EXO-BAC Bar- Bacon Exotic Chocolate Bar, 3 oz",Sale,12.000000000,12.000000000,5.040000000,60.480000000,15.802801368,2025-09-24 11:33:01.022000
94400,1478396,2025-09-23 14:07:57.428000,2025-09-24 00:00:00,Fulfilled,0449 EASTERN MARKET-DCA|Dayton|NJ|08810|US,0449 EASTERN MARKET-DCA,Dayton,NJ,08810,US,1801022,,"CB-EXO-BAR Bar- Barcelona Exotic Chocolate Bar, 3oz",Sale,12.000000000,12.000000000,5.040000000,60.480000000,18.646560000,2025-09-24 11:33:01.022000
94401,1478397,2025-09-23 14:10:24.394000,2025-09-24 00:00:00,Fulfilled,NATALIES CANDY AT SEA-TAC  AP|Seattle|WA|98158|US,NATALIES CANDY AT SEA-TAC  AP,Seattle,WA,98158,US,1801009,,"CB-SPD-GRE Bar - Matcha Green Tea Chocolate Bar, 3 oz.",Sale,24.000000000,24.000000000,5.040000000,120.960000000,50.619262512,2025-09-24 12:45:24.225000
94401,1478397,2025-09-23 14:10:24.394000,2025-09-24 00:00:00,Fulfilled,NATALIES CANDY AT SEA-TAC  AP|Seattle|WA|98158|US,NATALIES CANDY AT SEA-TAC  AP,Seattle,WA,98158,US,1801012,,"CB-EXO-PHC Bar - Pink Himalayan Crystal Salt Caramel Exotic Chocolate Bar, 3 oz.",Sale,24.000000000,24.000000000,5.040000000,120.960000000,43.934957616,2025-09-24 12:45:24.225000
94401,1478397,2025-09-23 14:10:24.394000,2025-09-24 00:00:00,Fulfilled,NATALIES CANDY AT SEA-TAC  AP|Seattle|WA|98158|US,NATALIES CANDY AT SEA-TAC  AP,Seattle,WA,98158,US,1801004,,"CB-SPD-BAN Bar - Coconut & Banana Super Dark Chocolate Bar, 3 oz.",Sale,24.000000000,24.000000000,5.040000000,120.960000000,45.589290408,2025-09-24 12:45:24.225000
94401,1478397,2025-09-23 14:10:24.394000,2025-09-24 00:00:00,Fulfilled,NATALIES CANDY AT SEA-TAC  AP|Seattle|WA|98158|US,NATALIES CANDY AT SEA-TAC  AP,Seattle,WA,98158,US,1801022,,"CB-EXO-BAR Bar- Barcelona Exotic Chocolate Bar, 3oz",Sale,12.000000000,12.000000000,5.040000000,60.480000000,18.646560000,2025-09-24 12:45:24.225000
94402,1478398,2025-09-23 14:13:12.619000,2025-09-24 00:00:00,Fulfilled,UPTOWN KIOSK 2-PHX AP|Phoenix|AZ|85034|US,UPTOWN KIOSK 2-PHX AP,Phoenix,AZ,85034,US,1801009,,"CB-SPD-GRE Bar - Matcha Green Tea Chocolate Bar, 3 oz.",Sale,12.000000000,12.000000000,5.040000000,60.480000000,25.309631256,2025-09-25 12:45:22.173000
94402,1478398,2025-09-23 14:13:12.619000,2025-09-24 00:00:00,Fulfilled,UPTOWN KIOSK 2-PHX AP|Phoenix|AZ|85034|US,UPTOWN KIOSK 2-PHX AP,Phoenix,AZ,85034,US,1801012,,"CB-EXO-PHC Bar - Pink Himalayan Crystal Salt Caramel Exotic Chocolate Bar, 3 oz.",Sale,12.000000000,12.000000000,5.040000000,60.480000000,21.967478808,2025-09-25 12:45:22.173000
94402,1478398,2025-09-23 14:13:12.619000,2025-09-24 00:00:00,Fulfilled,UPTOWN KIOSK 2-PHX AP|Phoenix|AZ|85034|US,UPTOWN KIOSK 2-PHX AP,Phoenix,AZ,85034,US,1801004,,"CB-SPD-BAN Bar - Coconut & Banana Super Dark Chocolate Bar, 3 oz.",Sale,12.000000000,12.000000000,5.040000000,60.480000000,22.794645204,2025-09-25 12:45:22.173000
94402,1478398,2025-09-23 14:13:12.619000,2025-09-24 00:00:00,Fulfilled,UPTOWN KIOSK 2-PHX AP|Phoenix|AZ|85034|US,UPTOWN KIOSK 2-PHX AP,Phoenix,AZ,85034,US,1801021,,"CB-EXO-BAC Bar- Bacon Exotic Chocolate Bar, 3 oz",Sale,12.000000000,12.000000000,5.040000000,60.480000000,15.802801368,2025-09-25 12:45:22.173000
94402,1478398,2025-09-23 14:13:12.619000,2025-09-24 00:00:00,Fulfilled,UPTOWN KIOSK 2-PHX AP|Phoenix|AZ|85034|US,UPTOWN KIOSK 2-PHX AP,Phoenix,AZ,85034,US,1801022,,"CB-EXO-BAR Bar- Barcelona Exotic Chocolate Bar, 3oz",Sale,12.000000000,12.000000000,5.040000000,60.480000000,18.646560000,2025-09-25 12:45:22.173000
94397,1478394,2025-09-23 13:54:03.987000,2025-09-24 00:00:00,Fulfilled,0430 Motown Greatest Hits #430 Suite 3-2|Detroit|MI|48242|US,0430 Motown Greatest Hits #430 Suite 3-2,Detroit,MI,48242,US,ShipStation Shipping,,ShipStation shipping amount Tracking: 393549521594,Sale,1.000000000,1.000000000,0E-9,0E-9,0E-9,2025-09-24 10:09:01.127000
94400,1478396,2025-09-23 14:07:57.428000,2025-09-24 00:00:00,Fulfilled,0449 EASTERN MARKET-DCA|Dayton|NJ|08810|US,0449 EASTERN MARKET-DCA,Dayton,NJ,08810,US,ShipStation Shipping,,ShipStation shipping amount Tracking: 393554398625,Sale,1.000000000,1.000000000,0E-9,0E-9,0E-9,2025-09-24 11:33:01.022000
94399,1478395,2025-09-23 14:05:21.731000,2025-09-24 00:00:00,Fulfilled,WHSMITH C/O HYPERION|DENVER|CO|80203|US,WHSMITH C/O HYPERION,DENVER,CO,80203,US,ShipStation Shipping,,ShipStation shipping amount Tracking: 393554450417,Sale,1.000000000,1.000000000,0E-9,0E-9,0E-9,2025-09-24 11:33:01.350000
94401,1478397,2025-09-23 14:10:24.394000,2025-09-24 00:00:00,Fulfilled,NATALIES CANDY AT SEA-TAC  AP|Seattle|WA|98158|US,NATALIES CANDY AT SEA-TAC  AP,Seattle,WA,98158,US,ShipStation Shipping,,ShipStation shipping amount Tracking: 393558489206,Sale,1.000000000,1.000000000,0E-9,0E-9,0E-9,2025-09-24 12:45:24.225000
94402,1478398,2025-09-23 14:13:12.619000,2025-09-24 00:00:00,Fulfilled,UPTOWN KIOSK 2-PHX AP|Phoenix|AZ|85034|US,UPTOWN KIOSK 2-PHX AP,Phoenix,AZ,85034,US,ShipStation Shipping,,ShipStation shipping amount Tracking: 393599849486,Sale,1.000000000,1.000000000,0E-9,0E-9,0E-9,2025-09-25 12:45:22.173000
94639,1478433,2025-09-25 14:54:07.312000,2025-09-29 00:00:00,Fulfilled,FLIGHT STOP-DEN AIRPORT (GATE 33 &  55)|Denver|CO|80203|US,FLIGHT STOP-DEN AIRPORT (GATE 33 &  55),Denver,CO,80203,US,1801012,,"CB-EXO-PHC Bar - Pink Himalayan Crystal Salt Caramel Exotic Chocolate Bar, 3 oz.",Sale,24.000000000,24.000000000,5.040000000,120.960000000,43.934957616,2025-09-29 11:21:01.625000
94639,1478433,2025-09-25 14:54:07.312000,2025-09-29 00:00:00,Fulfilled,FLIGHT STOP-DEN AIRPORT (GATE 33 &  55)|Denver|CO|80203|US,FLIGHT STOP-DEN AIRPORT (GATE 33 &  55),Denver,CO,80203,US,1801004,,"CB-SPD-BAN Bar - Coconut & Banana Super Dark Chocolate Bar, 3 oz.",Sale,12.000000000,12.000000000,5.040000000,60.480000000,22.794645204,2025-09-29 11:21:01.625000
94639,1478433,2025-09-25 14:54:07.312000,2025-09-29 00:00:00,Fulfilled,FLIGHT STOP-DEN AIRPORT (GATE 33 &  55)|Denver|CO|80203|US,FLIGHT STOP-DEN AIRPORT (GATE 33 &  55),Denver,CO,80203,US,1801021,,"CB-EXO-BAC Bar- Bacon Exotic Chocolate Bar, 3 oz",Sale,12.000000000,12.000000000,5.040000000,60.480000000,15.802801368,2025-09-29 11:21:01.625000
94640,1478434,2025-09-25 14:58:49.406000,2025-09-29 00:00:00,Fulfilled,DISTRICT MARKET-SFO AP|San Francisco|CA|94128|US,DISTRICT MARKET-SFO AP,San Francisco,CA,94128,US,1801009,,"CB-SPD-GRE Bar - Matcha Green Tea Chocolate Bar, 3 oz.",Sale,24.000000000,24.000000000,5.040000000,120.960000000,50.619262512,2025-09-29 11:21:01.363000
94640,1478434,2025-09-25 14:58:49.406000,2025-09-29 00:00:00,Fulfilled,DISTRICT MARKET-SFO AP|San Francisco|CA|94128|US,DISTRICT MARKET-SFO AP,San Francisco,CA,94128,US,1801012,,"CB-EXO-PHC Bar - Pink Himalayan Crystal Salt Caramel Exotic Chocolate Bar, 3 oz.",Sale,12.000000000,12.000000000,5.040000000,60.480000000,21.967478808,2025-09-29 11:21:01.363000
94640,1478434,2025-09-25 14:58:49.406000,2025-09-29 00:00:00,Fulfilled,DISTRICT MARKET-SFO AP|San Francisco|CA|94128|US,DISTRICT MARKET-SFO AP,San Francisco,CA,94128,US,1801004,,"CB-SPD-BAN Bar - Coconut & Banana Super Dark Chocolate Bar, 3 oz.",Sale,12.000000000,12.000000000,5.040000000,60.480000000,22.794645204,2025-09-29 11:21:01.363000
94640,1478434,2025-09-25 14:58:49.406000,2025-09-29 00:00:00,Fulfilled,DISTRICT MARKET-SFO AP|San Francisco|CA|94128|US,DISTRICT MARKET-SFO AP,San Francisco,CA,94128,US,ShipStation Shipping,,ShipStation shipping amount Tracking: 393706399463,Sale,1.000000000,1.000000000,0E-9,0E-9,0E-9,2025-09-29 11:21:01.363000
94639,1478433,2025-09-25 14:54:07.312000,2025-09-29 00:00:00,Fulfilled,FLIGHT STOP-DEN AIRPORT (GATE 33 &  55)|Denver|CO|80203|US,FLIGHT STOP-DEN AIRPORT (GATE 33 &  55),Denver,CO,80203,US,ShipStation Shipping,,ShipStation shipping amount Tracking: 393706446900,Sale,1.000000000,1.000000000,0E-9,0E-9,0E-9,2025-09-29 11:21:01.625000
95460,1478478,2025-10-02 14:44:58.245000,2025-10-06 00:00:00,Fulfilled,CITY ARTS MARKET-MCO AP|Orlando|FL|32827|US,CITY ARTS MARKET-MCO AP,Orlando,FL,32827,US,1801012,,"CB-EXO-PHC Bar - Pink Himalayan Crystal Salt Caramel Exotic Chocolate Bar, 3 oz.",Sale,24.000000000,24.000000000,5.040000000,120.960000000,43.934957616,2025-10-06 15:09:01.401000
95460,1478478,2025-10-02 14:44:58.245000,2025-10-06 00:00:00,Fulfilled,CITY ARTS MARKET-MCO AP|Orlando|FL|32827|US,CITY ARTS MARKET-MCO AP,Orlando,FL,32827,US,1801022,,"CB-EXO-BAR Bar- Barcelona Exotic Chocolate Bar, 3oz",Sale,24.000000000,24.000000000,5.040000000,120.960000000,30.127292304,2025-10-06 15:09:01.401000
95461,1478479,2025-10-02 14:47:10.543000,2025-10-06 00:00:00,Fulfilled,MADE IN KC- MCI AP|Kansas City|MO|64153|US,MADE IN KC- MCI AP,Kansas City,MO,64153,US,1801012,,"CB-EXO-PHC Bar - Pink Himalayan Crystal Salt Caramel Exotic Chocolate Bar, 3 oz.",Sale,24.000000000,24.000000000,5.040000000,120.960000000,43.934957616,2025-10-06 15:09:01.705000
95461,1478479,2025-10-02 14:47:10.543000,2025-10-06 00:00:00,Fulfilled,MADE IN KC- MCI AP|Kansas City|MO|64153|US,MADE IN KC- MCI AP,Kansas City,MO,64153,US,1801022,,"CB-EXO-BAR Bar- Barcelona Exotic Chocolate Bar, 3oz",Sale,24.000000000,24.000000000,5.040000000,120.960000000,30.127292304,2025-10-06 15:09:01.705000
95462,1478480,2025-10-02 14:49:49.637000,2025-10-06 00:00:00,Fulfilled,THE WELL - SMF AP|Sacramento|CA|95837|US,THE WELL - SMF AP,Sacramento,CA,95837,US,1801009,,"CB-SPD-GRE Bar - Matcha Green Tea Chocolate Bar, 3 oz.",Sale,12.000000000,12.000000000,5.040000000,60.480000000,22.994869140,2025-10-06 15:09:02.186000
95462,1478480,2025-10-02 14:49:49.637000,2025-10-06 00:00:00,Fulfilled,THE WELL - SMF AP|Sacramento|CA|95837|US,THE WELL - SMF AP,Sacramento,CA,95837,US,1801012,,"CB-EXO-PHC Bar - Pink Himalayan Crystal Salt Caramel Exotic Chocolate Bar, 3 oz.",Sale,12.000000000,12.000000000,5.040000000,60.480000000,21.967478808,2025-10-06 15:09:02.186000
95462,1478480,2025-10-02 14:49:49.637000,2025-10-06 00:00:00,Fulfilled,THE WELL - SMF AP|Sacramento|CA|95837|US,THE WELL - SMF AP,Sacramento,CA,95837,US,1801022,,"CB-EXO-BAR Bar- Barcelona Exotic Chocolate Bar, 3oz",Sale,12.000000000,12.000000000,5.040000000,60.480000000,15.063646152,2025-10-06 15:09:02.186000
95462,1478480,2025-10-02 14:49:49.637000,2025-10-06 00:00:00,Fulfilled,THE WELL - SMF AP|Sacramento|CA|95837|US,THE WELL - SMF AP,Sacramento,CA,95837,US,1801022,,"CB-EXO-BAR Bar- Barcelona Exotic Chocolate Bar, 3oz",Sale,12.000000000,12.000000000,5.040000000,60.480000000,15.063646152,2025-10-06 15:09:02.186000
95463,1478481,2025-10-02 14:52:58.591000,2025-10-06 00:00:00,Fulfilled,DISTRICT MARKET-BWI AIRPORT|DAYTON|NJ|08810|US,DISTRICT MARKET-BWI AIRPORT,DAYTON,NJ,08810,US,1801009,,"CB-SPD-GRE Bar - Matcha Green Tea Chocolate Bar, 3 oz.",Sale,12.000000000,12.000000000,5.040000000,60.480000000,22.994869140,2025-10-06 15:09:01.862000
95463,1478481,2025-10-02 14:52:58.591000,2025-10-06 00:00:00,Fulfilled,DISTRICT MARKET-BWI AIRPORT|DAYTON|NJ|08810|US,DISTRICT MARKET-BWI AIRPORT,DAYTON,NJ,08810,US,1801012,,"CB-EXO-PHC Bar - Pink Himalayan Crystal Salt Caramel Exotic Chocolate Bar, 3 oz.",Sale,36.000000000,36.000000000,5.040000000,181.440000000,65.902436424,2025-10-06 15:09:01.862000
95463,1478481,2025-10-02 14:52:58.591000,2025-10-06 00:00:00,Fulfilled,DISTRICT MARKET-BWI AIRPORT|DAYTON|NJ|08810|US,DISTRICT MARKET-BWI AIRPORT,DAYTON,NJ,08810,US,1801004,,"CB-SPD-BAN Bar - Coconut & Banana Super Dark Chocolate Bar, 3 oz.",Sale,12.000000000,12.000000000,5.040000000,60.480000000,22.794645204,2025-10-06 15:09:01.862000
95463,1478481,2025-10-02 14:52:58.591000,2025-10-06 00:00:00,Fulfilled,DISTRICT MARKET-BWI AIRPORT|DAYTON|NJ|08810|US,DISTRICT MARKET-BWI AIRPORT,DAYTON,NJ,08810,US,1801021,,"CB-EXO-BAC Bar- Bacon Exotic Chocolate Bar, 3 oz",Sale,12.000000000,12.000000000,5.040000000,60.480000000,15.802801368,2025-10-06 15:09:01.862000
95463,1478481,2025-10-02 14:52:58.591000,2025-10-06 00:00:00,Fulfilled,DISTRICT MARKET-BWI AIRPORT|DAYTON|NJ|08810|US,DISTRICT MARKET-BWI AIRPORT,DAYTON,NJ,08810,US,1801022,,"CB-EXO-BAR Bar- Barcelona Exotic Chocolate Bar, 3oz",Sale,12.000000000,12.000000000,5.040000000,60.480000000,15.063646152,2025-10-06 15:09:01.862000
95464,1478482,2025-10-02 14:58:05.572000,2025-10-06 00:00:00,Fulfilled,WH SMITH-DCA AP (T-CNC3)|Dayton|NJ|08810|US,WH SMITH-DCA AP (T-CNC3),Dayton,NJ,08810,US,1801009,,"CB-SPD-GRE Bar - Matcha Green Tea Chocolate Bar, 3 oz.",Sale,24.000000000,24.000000000,5.040000000,120.960000000,45.989738280,2025-10-06 15:09:02.453000
95464,1478482,2025-10-02 14:58:05.572000,2025-10-06 00:00:00,Fulfilled,WH SMITH-DCA AP (T-CNC3)|Dayton|NJ|08810|US,WH SMITH-DCA AP (T-CNC3),Dayton,NJ,08810,US,1801012,,"CB-EXO-PHC Bar - Pink Himalayan Crystal Salt Caramel Exotic Chocolate Bar, 3 oz.",Sale,24.000000000,24.000000000,5.040000000,120.960000000,43.934957616,2025-10-06 15:09:02.453000
95465,1478483,2025-10-02 15:01:34.526000,2025-10-06 00:00:00,Fulfilled,16TH & DOLORES-SFO AP (T2)|SAN FRANCISCO|CA|94128|US,16TH & DOLORES-SFO AP (T2),SAN FRANCISCO,CA,94128,US,1801009,,"CB-SPD-GRE Bar - Matcha Green Tea Chocolate Bar, 3 oz.",Sale,12.000000000,12.000000000,5.040000000,60.480000000,22.994869140,2025-10-06 15:09:02.609000
95465,1478483,2025-10-02 15:01:34.526000,2025-10-06 00:00:00,Fulfilled,16TH & DOLORES-SFO AP (T2)|SAN FRANCISCO|CA|94128|US,16TH & DOLORES-SFO AP (T2),SAN FRANCISCO,CA,94128,US,1801012,,"CB-EXO-PHC Bar - Pink Himalayan Crystal Salt Caramel Exotic Chocolate Bar, 3 oz.",Sale,12.000000000,12.000000000,5.040000000,60.480000000,21.967478808,2025-10-06 15:09:02.609000
95465,1478483,2025-10-02 15:01:34.526000,2025-10-06 00:00:00,Fulfilled,16TH & DOLORES-SFO AP (T2)|SAN FRANCISCO|CA|94128|US,16TH & DOLORES-SFO AP (T2),SAN FRANCISCO,CA,94128,US,1801004,,"CB-SPD-BAN Bar - Coconut & Banana Super Dark Chocolate Bar, 3 oz.",Sale,12.000000000,12.000000000,5.040000000,60.480000000,22.794645204,2025-10-06 15:09:02.609000
95465,1478483,2025-10-02 15:01:34.526000,2025-10-06 00:00:00,Fulfilled,16TH & DOLORES-SFO AP (T2)|SAN FRANCISCO|CA|94128|US,16TH & DOLORES-SFO AP (T2),SAN FRANCISCO,CA,94128,US,1801021,,"CB-EXO-BAC Bar- Bacon Exotic Chocolate Bar, 3 oz",Sale,12.000000000,12.000000000,5.040000000,60.480000000,15.802801368,2025-10-06 15:09:02.609000
95465,1478483,2025-10-02 15:01:34.526000,2025-10-06 00:00:00,Fulfilled,16TH & DOLORES-SFO AP (T2)|SAN FRANCISCO|CA|94128|US,16TH & DOLORES-SFO AP (T2),SAN FRANCISCO,CA,94128,US,1801022,,"CB-EXO-BAR Bar- Barcelona Exotic Chocolate Bar, 3oz",Sale,12.000000000,12.000000000,5.040000000,60.480000000,15.063646152,2025-10-06 15:09:02.609000
95466,1478484,2025-10-02 15:03:34.561000,2025-10-06 00:00:00,Fulfilled,LICK-DFW AIRPORT|DALLAS|TX|75261|US,LICK-DFW AIRPORT,DALLAS,TX,75261,US,1801009,,"CB-SPD-GRE Bar - Matcha Green Tea Chocolate Bar, 3 oz.",Sale,24.000000000,24.000000000,5.040000000,120.960000000,45.989738280,2025-10-06 15:06:01.186000
95466,1478484,2025-10-02 15:03:34.561000,2025-10-06 00:00:00,Fulfilled,LICK-DFW AIRPORT|DALLAS|TX|75261|US,LICK-DFW AIRPORT,DALLAS,TX,75261,US,1801004,,"CB-SPD-BAN Bar - Coconut & Banana Super Dark Chocolate Bar, 3 oz.",Sale,24.000000000,24.000000000,5.040000000,120.960000000,45.589290408,2025-10-06 15:06:01.186000
95466,1478484,2025-10-02 15:03:34.561000,2025-10-06 00:00:00,Fulfilled,LICK-DFW AIRPORT|DALLAS|TX|75261|US,LICK-DFW AIRPORT,DALLAS,TX,75261,US,ShipStation Shipping,,ShipStation shipping amount Tracking: 393963764211,Sale,1.000000000,1.000000000,0E-9,0E-9,0E-9,2025-10-06 15:06:01.186000
95460,1478478,2025-10-02 14:44:58.245000,2025-10-06 00:00:00,Fulfilled,CITY ARTS MARKET-MCO AP|Orlando|FL|32827|US,CITY ARTS MARKET-MCO AP,Orlando,FL,32827,US,ShipStation Shipping,,ShipStation shipping amount Tracking: 393963792093,Sale,1.000000000,1.000000000,0E-9,0E-9,0E-9,2025-10-06 15:09:01.401000
95461,1478479,2025-10-02 14:47:10.543000,2025-10-06 00:00:00,Fulfilled,MADE IN KC- MCI AP|Kansas City|MO|64153|US,MADE IN KC- MCI AP,Kansas City,MO,64153,US,ShipStation Shipping,,ShipStation shipping amount Tracking: 393963812261,Sale,1.000000000,1.000000000,0E-9,0E-9,0E-9,2025-10-06 15:09:01.705000
95463,1478481,2025-10-02 14:52:58.591000,2025-10-06 00:00:00,Fulfilled,DISTRICT MARKET-BWI AIRPORT|DAYTON|NJ|08810|US,DISTRICT MARKET-BWI AIRPORT,DAYTON,NJ,08810,US,ShipStation Shipping,,ShipStation shipping amount Tracking: 393963835321,Sale,1.000000000,1.000000000,0E-9,0E-9,0E-9,2025-10-06 15:09:01.862000
95462,1478480,2025-10-02 14:49:49.637000,2025-10-06 00:00:00,Fulfilled,THE WELL - SMF AP|Sacramento|CA|95837|US,THE WELL - SMF AP,Sacramento,CA,95837,US,ShipStation Shipping,,ShipStation shipping amount Tracking: 393963872830,Sale,1.000000000,1.000000000,0E-9,0E-9,0E-9,2025-10-06 15:09:02.186000
95464,1478482,2025-10-02 14:58:05.572000,2025-10-06 00:00:00,Fulfilled,WH SMITH-DCA AP (T-CNC3)|Dayton|NJ|08810|US,WH SMITH-DCA AP (T-CNC3),Dayton,NJ,08810,US,ShipStation Shipping,,ShipStation shipping amount Tracking: 393963900433,Sale,1.000000000,1.000000000,0E-9,0E-9,0E-9,2025-10-06 15:09:02.453000
95465,1478483,2025-10-02 15:01:34.526000,2025-10-06 00:00:00,Fulfilled,16TH & DOLORES-SFO AP (T2)|SAN FRANCISCO|CA|94128|US,16TH & DOLORES-SFO AP (T2),SAN FRANCISCO,CA,94128,US,ShipStation Shipping,,ShipStation shipping amount Tracking: 393963920034,Sale,1.000000000,1.000000000,0E-9,0E-9,0E-9,2025-10-06 15:09:02.609000
96561,1478577,2025-10-09 14:20:01.124000,2025-10-13 00:00:00,Fulfilled,NATALIES CANDY AT SEA-TAC  AP|Seattle|WA|98158|US,NATALIES CANDY AT SEA-TAC  AP,Seattle,WA,98158,US,1801012,,"CB-EXO-PHC Bar - Pink Himalayan Crystal Salt Caramel Exotic Chocolate Bar, 3 oz.",Sale,12.000000000,12.000000000,5.040000000,60.480000000,21.967478808,2025-10-13 12:39:01.219000
96561,1478577,2025-10-09 14:20:01.124000,2025-10-13 00:00:00,Fulfilled,NATALIES CANDY AT SEA-TAC  AP|Seattle|WA|98158|US,NATALIES CANDY AT SEA-TAC  AP,Seattle,WA,98158,US,1801004,,"CB-SPD-BAN Bar - Coconut & Banana Super Dark Chocolate Bar, 3 oz.",Sale,12.000000000,12.000000000,5.040000000,60.480000000,22.794645204,2025-10-13 12:39:01.219000
96561,1478577,2025-10-09 14:20:01.124000,2025-10-13 00:00:00,Fulfilled,NATALIES CANDY AT SEA-TAC  AP|Seattle|WA|98158|US,NATALIES CANDY AT SEA-TAC  AP,Seattle,WA,98158,US,1801021,,"CB-EXO-BAC Bar- Bacon Exotic Chocolate Bar, 3 oz",Sale,12.000000000,12.000000000,5.040000000,60.480000000,15.802801368,2025-10-13 12:39:01.219000
96561,1478577,2025-10-09 14:20:01.124000,2025-10-13 00:00:00,Fulfilled,NATALIES CANDY AT SEA-TAC  AP|Seattle|WA|98158|US,NATALIES CANDY AT SEA-TAC  AP,Seattle,WA,98158,US,1801022,,"CB-EXO-BAR Bar- Barcelona Exotic Chocolate Bar, 3oz",Sale,12.000000000,12.000000000,5.040000000,60.480000000,15.063646152,2025-10-13 12:39:01.219000
96562,1478578,2025-10-09 14:21:47.420000,2025-10-13 00:00:00,Fulfilled,SHOREPOINTS MARKET-EWR AIRPORT (T1)|DAYTON|NJ|08810|US,SHOREPOINTS MARKET-EWR AIRPORT (T1),DAYTON,NJ,08810,US,1801012,,"CB-EXO-PHC Bar - Pink Himalayan Crystal Salt Caramel Exotic Chocolate Bar, 3 oz.",Sale,12.000000000,12.000000000,5.040000000,60.480000000,21.967478808,2025-10-13 12:39:00.985000
96562,1478578,2025-10-09 14:21:47.420000,2025-10-13 00:00:00,Fulfilled,SHOREPOINTS MARKET-EWR AIRPORT (T1)|DAYTON|NJ|08810|US,SHOREPOINTS MARKET-EWR AIRPORT (T1),DAYTON,NJ,08810,US,1801004,,"CB-SPD-BAN Bar - Coconut & Banana Super Dark Chocolate Bar, 3 oz.",Sale,24.000000000,24.000000000,5.040000000,120.960000000,45.589290408,2025-10-13 12:39:00.985000
96562,1478578,2025-10-09 14:21:47.420000,2025-10-13 00:00:00,Fulfilled,SHOREPOINTS MARKET-EWR AIRPORT (T1)|DAYTON|NJ|08810|US,SHOREPOINTS MARKET-EWR AIRPORT (T1),DAYTON,NJ,08810,US,1801022,,"CB-EXO-BAR Bar- Barcelona Exotic Chocolate Bar, 3oz",Sale,12.000000000,12.000000000,5.040000000,60.480000000,15.063646152,2025-10-13 12:39:00.985000
96563,1478579,2025-10-09 14:23:18.437000,2025-10-13 00:00:00,Fulfilled,UPTOWN KIOSK 2-PHX AP|Phoenix|AZ|85034|US,UPTOWN KIOSK 2-PHX AP,Phoenix,AZ,85034,US,1801009,,"CB-SPD-GRE Bar - Matcha Green Tea Chocolate Bar, 3 oz.",Sale,12.000000000,12.000000000,5.040000000,60.480000000,22.994869140,2025-10-13 12:39:01.767000
96563,1478579,2025-10-09 14:23:18.437000,2025-10-13 00:00:00,Fulfilled,UPTOWN KIOSK 2-PHX AP|Phoenix|AZ|85034|US,UPTOWN KIOSK 2-PHX AP,Phoenix,AZ,85034,US,1801012,,"CB-EXO-PHC Bar - Pink Himalayan Crystal Salt Caramel Exotic Chocolate Bar, 3 oz.",Sale,12.000000000,12.000000000,5.040000000,60.480000000,21.967478808,2025-10-13 12:39:01.767000
96563,1478579,2025-10-09 14:23:18.437000,2025-10-13 00:00:00,Fulfilled,UPTOWN KIOSK 2-PHX AP|Phoenix|AZ|85034|US,UPTOWN KIOSK 2-PHX AP,Phoenix,AZ,85034,US,1801004,,"CB-SPD-BAN Bar - Coconut & Banana Super Dark Chocolate Bar, 3 oz.",Sale,24.000000000,24.000000000,5.040000000,120.960000000,45.589290408,2025-10-13 12:39:01.767000
96562,1478578,2025-10-09 14:21:47.420000,2025-10-13 00:00:00,Fulfilled,SHOREPOINTS MARKET-EWR AIRPORT (T1)|DAYTON|NJ|08810|US,SHOREPOINTS MARKET-EWR AIRPORT (T1),DAYTON,NJ,08810,US,ShipStation Shipping,,ShipStation shipping amount Tracking: 394201777184,Sale,1.000000000,1.000000000,0E-9,0E-9,0E-9,2025-10-13 12:39:00.985000
96561,1478577,2025-10-09 14:20:01.124000,2025-10-13 00:00:00,Fulfilled,NATALIES CANDY AT SEA-TAC  AP|Seattle|WA|98158|US,NATALIES CANDY AT SEA-TAC  AP,Seattle,WA,98158,US,ShipStation Shipping,,ShipStation shipping amount Tracking: 394201818394,Sale,1.000000000,1.000000000,0E-9,0E-9,0E-9,2025-10-13 12:39:01.219000
96563,1478579,2025-10-09 14:23:18.437000,2025-10-13 00:00:00,Fulfilled,UPTOWN KIOSK 2-PHX AP|Phoenix|AZ|85034|US,UPTOWN KIOSK 2-PHX AP,Phoenix,AZ,85034,US,ShipStation Shipping,,ShipStation shipping amount Tracking: 394201977867,Sale,1.000000000,1.000000000,0E-9,0E-9,0E-9,2025-10-13 12:39:01.767000
98129,1478626,2025-10-17 10:48:56.365000,2025-10-20 00:00:00,Fulfilled,SILICON VALLEY NEWS-SFO AP|San Francisco|CA|94128|US,SILICON VALLEY NEWS-SFO AP,San Francisco,CA,94128,US,1801009,,"CB-SPD-GRE Bar - Matcha Green Tea Chocolate Bar, 3 oz.",Sale,12.000000000,12.000000000,5.040000000,60.480000000,22.994869140,2025-10-20 15:18:01.791000
98129,1478626,2025-10-17 10:48:56.365000,2025-10-20 00:00:00,Fulfilled,SILICON VALLEY NEWS-SFO AP|San Francisco|CA|94128|US,SILICON VALLEY NEWS-SFO AP,San Francisco,CA,94128,US,1801012,,"CB-EXO-PHC Bar - Pink Himalayan Crystal Salt Caramel Exotic Chocolate Bar, 3 oz.",Sale,24.000000000,24.000000000,5.040000000,120.960000000,43.927680000,2025-10-20 15:18:01.791000
98129,1478626,2025-10-17 10:48:56.365000,2025-10-20 00:00:00,Fulfilled,SILICON VALLEY NEWS-SFO AP|San Francisco|CA|94128|US,SILICON VALLEY NEWS-SFO AP,San Francisco,CA,94128,US,1801004,,"CB-SPD-BAN Bar - Coconut & Banana Super Dark Chocolate Bar, 3 oz.",Sale,12.000000000,12.000000000,5.040000000,60.480000000,22.794645204,2025-10-20 15:18:01.791000
98129,1478626,2025-10-17 10:48:56.365000,2025-10-20 00:00:00,Fulfilled,SILICON VALLEY NEWS-SFO AP|San Francisco|CA|94128|US,SILICON VALLEY NEWS-SFO AP,San Francisco,CA,94128,US,1801021,,"CB-EXO-BAC Bar- Bacon Exotic Chocolate Bar, 3 oz",Sale,12.000000000,12.000000000,5.040000000,60.480000000,15.802801368,2025-10-20 15:18:01.791000
98129,1478626,2025-10-17 10:48:56.365000,2025-10-20 00:00:00,Fulfilled,SILICON VALLEY NEWS-SFO AP|San Francisco|CA|94128|US,SILICON VALLEY NEWS-SFO AP,San Francisco,CA,94128,US,1801022,,"CB-EXO-BAR Bar- Barcelona Exotic Chocolate Bar, 3oz",Sale,12.000000000,12.000000000,5.040000000,60.480000000,15.076717632,2025-10-20 15:18:01.791000
98131,1478627,2025-10-17 10:52:03.632000,2025-10-20 00:00:00,Fulfilled,0440 DC ARTS DISTRICT MARKET-DCA|Dayton|NJ|08810|US,0440 DC ARTS DISTRICT MARKET-DCA,Dayton,NJ,08810,US,1801009,,"CB-SPD-GRE Bar - Matcha Green Tea Chocolate Bar, 3 oz.",Sale,24.000000000,24.000000000,5.040000000,120.960000000,45.989738280,2025-10-20 14:30:03.070000
98131,1478627,2025-10-17 10:52:03.632000,2025-10-20 00:00:00,Fulfilled,0440 DC ARTS DISTRICT MARKET-DCA|Dayton|NJ|08810|US,0440 DC ARTS DISTRICT MARKET-DCA,Dayton,NJ,08810,US,1801012,,"CB-EXO-PHC Bar - Pink Himalayan Crystal Salt Caramel Exotic Chocolate Bar, 3 oz.",Sale,24.000000000,24.000000000,5.040000000,120.960000000,43.934957616,2025-10-20 14:30:03.070000
98132,1478628,2025-10-17 10:53:46.523000,2025-10-20 00:00:00,Fulfilled,GOTHAM NEWS-MOYNIHAN TRAIN HALL|Dayton|NJ|08810|US,GOTHAM NEWS-MOYNIHAN TRAIN HALL,Dayton,NJ,08810,US,1801009,,"CB-SPD-GRE Bar - Matcha Green Tea Chocolate Bar, 3 oz.",Sale,24.000000000,24.000000000,5.040000000,120.960000000,45.989738280,2025-10-20 14:33:02.177000
98132,1478628,2025-10-17 10:53:46.523000,2025-10-20 00:00:00,Fulfilled,GOTHAM NEWS-MOYNIHAN TRAIN HALL|Dayton|NJ|08810|US,GOTHAM NEWS-MOYNIHAN TRAIN HALL,Dayton,NJ,08810,US,1801012,,"CB-EXO-PHC Bar - Pink Himalayan Crystal Salt Caramel Exotic Chocolate Bar, 3 oz.",Sale,24.000000000,24.000000000,5.040000000,120.960000000,43.934654382,2025-10-20 14:33:02.177000
98133,1478629,2025-10-17 10:55:27.241000,2025-10-20 00:00:00,Fulfilled,THE WELL - SMF AP|Sacramento|CA|95837|US,THE WELL - SMF AP,Sacramento,CA,95837,US,1801009,,"CB-SPD-GRE Bar - Matcha Green Tea Chocolate Bar, 3 oz.",Sale,12.000000000,12.000000000,5.040000000,60.480000000,22.994869140,2025-10-20 15:12:02.181000
98133,1478629,2025-10-17 10:55:27.241000,2025-10-20 00:00:00,Fulfilled,THE WELL - SMF AP|Sacramento|CA|95837|US,THE WELL - SMF AP,Sacramento,CA,95837,US,1801012,,"CB-EXO-PHC Bar - Pink Himalayan Crystal Salt Caramel Exotic Chocolate Bar, 3 oz.",Sale,12.000000000,12.000000000,5.040000000,60.480000000,21.963840000,2025-10-20 15:12:02.181000
98133,1478629,2025-10-17 10:55:27.241000,2025-10-20 00:00:00,Fulfilled,THE WELL - SMF AP|Sacramento|CA|95837|US,THE WELL - SMF AP,Sacramento,CA,95837,US,1801021,,"CB-EXO-BAC Bar- Bacon Exotic Chocolate Bar, 3 oz",Sale,24.000000000,24.000000000,5.040000000,120.960000000,31.605602736,2025-10-20 15:12:02.181000
98135,1478630,2025-10-17 10:57:07.351000,2025-10-20 00:00:00,Fulfilled,DISTRICT MARKET-BWI AIRPORT|DAYTON|NJ|08810|US,DISTRICT MARKET-BWI AIRPORT,DAYTON,NJ,08810,US,1801009,,"CB-SPD-GRE Bar - Matcha Green Tea Chocolate Bar, 3 oz.",Sale,12.000000000,12.000000000,5.040000000,60.480000000,22.994869140,2025-10-20 15:06:01.744000
98135,1478630,2025-10-17 10:57:07.351000,2025-10-20 00:00:00,Fulfilled,DISTRICT MARKET-BWI AIRPORT|DAYTON|NJ|08810|US,DISTRICT MARKET-BWI AIRPORT,DAYTON,NJ,08810,US,1801004,,"CB-SPD-BAN Bar - Coconut & Banana Super Dark Chocolate Bar, 3 oz.",Sale,12.000000000,12.000000000,5.040000000,60.480000000,22.794645204,2025-10-20 15:06:01.744000
98135,1478630,2025-10-17 10:57:07.351000,2025-10-20 00:00:00,Fulfilled,DISTRICT MARKET-BWI AIRPORT|DAYTON|NJ|08810|US,DISTRICT MARKET-BWI AIRPORT,DAYTON,NJ,08810,US,1801022,,"CB-EXO-BAR Bar- Barcelona Exotic Chocolate Bar, 3oz",Sale,24.000000000,24.000000000,5.040000000,120.960000000,30.153435264,2025-10-20 15:06:01.744000
98136,1478631,2025-10-17 10:58:50.774000,2025-10-20 00:00:00,Fulfilled,THE ARTS DISTRICT MARKET - SAN|SAN DIEGO|CA|92110|US,THE ARTS DISTRICT MARKET - SAN,SAN DIEGO,CA,92110,US,1801009,,"CB-SPD-GRE Bar - Matcha Green Tea Chocolate Bar, 3 oz.",Sale,12.000000000,12.000000000,5.040000000,60.480000000,22.994869140,2025-10-20 15:15:30.477000
98136,1478631,2025-10-17 10:58:50.774000,2025-10-20 00:00:00,Fulfilled,THE ARTS DISTRICT MARKET - SAN|SAN DIEGO|CA|92110|US,THE ARTS DISTRICT MARKET - SAN,SAN DIEGO,CA,92110,US,1801012,,"CB-EXO-PHC Bar - Pink Himalayan Crystal Salt Caramel Exotic Chocolate Bar, 3 oz.",Sale,12.000000000,12.000000000,5.040000000,60.480000000,21.963840000,2025-10-20 15:15:30.477000
98136,1478631,2025-10-17 10:58:50.774000,2025-10-20 00:00:00,Fulfilled,THE ARTS DISTRICT MARKET - SAN|SAN DIEGO|CA|92110|US,THE ARTS DISTRICT MARKET - SAN,SAN DIEGO,CA,92110,US,1801004,,"CB-SPD-BAN Bar - Coconut & Banana Super Dark Chocolate Bar, 3 oz.",Sale,12.000000000,12.000000000,5.040000000,60.480000000,22.794645204,2025-10-20 15:15:30.477000
98136,1478631,2025-10-17 10:58:50.774000,2025-10-20 00:00:00,Fulfilled,THE ARTS DISTRICT MARKET - SAN|SAN DIEGO|CA|92110|US,THE ARTS DISTRICT MARKET - SAN,SAN DIEGO,CA,92110,US,1801021,,"CB-EXO-BAC Bar- Bacon Exotic Chocolate Bar, 3 oz",Sale,12.000000000,12.000000000,5.040000000,60.480000000,15.802801368,2025-10-20 15:15:30.477000
98136,1478631,2025-10-17 10:58:50.774000,2025-10-20 00:00:00,Fulfilled,THE ARTS DISTRICT MARKET - SAN|SAN DIEGO|CA|92110|US,THE ARTS DISTRICT MARKET - SAN,SAN DIEGO,CA,92110,US,1801022,,"CB-EXO-BAR Bar- Barcelona Exotic Chocolate Bar, 3oz",Sale,12.000000000,12.000000000,5.040000000,60.480000000,15.076717632,2025-10-20 15:15:30.477000
98138,1478632,2025-10-17 11:00:34.305000,2025-10-20 00:00:00,Fulfilled,0522 SLC Public Market-SPace #CAE 2-003|Salt Lake City|UT|84116|US,0522 SLC Public Market-SPace #CAE 2-003,Salt Lake City,UT,84116,US,1801012,,"CB-EXO-PHC Bar - Pink Himalayan Crystal Salt Caramel Exotic Chocolate Bar, 3 oz.",Sale,12.000000000,12.000000000,5.040000000,60.480000000,21.963840000,2025-10-20 14:36:02.192000
98138,1478632,2025-10-17 11:00:34.305000,2025-10-20 00:00:00,Fulfilled,0522 SLC Public Market-SPace #CAE 2-003|Salt Lake City|UT|84116|US,0522 SLC Public Market-SPace #CAE 2-003,Salt Lake City,UT,84116,US,1801004,,"CB-SPD-BAN Bar - Coconut & Banana Super Dark Chocolate Bar, 3 oz.",Sale,12.000000000,12.000000000,5.040000000,60.480000000,22.794645204,2025-10-20 14:36:02.192000
98138,1478632,2025-10-17 11:00:34.305000,2025-10-20 00:00:00,Fulfilled,0522 SLC Public Market-SPace #CAE 2-003|Salt Lake City|UT|84116|US,0522 SLC Public Market-SPace #CAE 2-003,Salt Lake City,UT,84116,US,1801022,,"CB-EXO-BAR Bar- Barcelona Exotic Chocolate Bar, 3oz",Sale,24.000000000,24.000000000,5.040000000,120.960000000,30.153435264,2025-10-20 14:36:02.192000
98144,1478633,2025-10-17 11:01:57.243000,2025-10-20 00:00:00,Fulfilled,CAPITOL FILE-DCA AP (T-CNC-7)|Dayton|NJ|08810|US,CAPITOL FILE-DCA AP (T-CNC-7),Dayton,NJ,08810,US,1801012,,"CB-EXO-PHC Bar - Pink Himalayan Crystal Salt Caramel Exotic Chocolate Bar, 3 oz.",Sale,24.000000000,24.000000000,5.040000000,120.960000000,43.934957616,2025-10-20 14:30:02.135000
98144,1478633,2025-10-17 11:01:57.243000,2025-10-20 00:00:00,Fulfilled,CAPITOL FILE-DCA AP (T-CNC-7)|Dayton|NJ|08810|US,CAPITOL FILE-DCA AP (T-CNC-7),Dayton,NJ,08810,US,1801004,,"CB-SPD-BAN Bar - Coconut & Banana Super Dark Chocolate Bar, 3 oz.",Sale,12.000000000,12.000000000,5.040000000,60.480000000,22.794645204,2025-10-20 14:30:02.135000
98144,1478633,2025-10-17 11:01:57.243000,2025-10-20 00:00:00,Fulfilled,CAPITOL FILE-DCA AP (T-CNC-7)|Dayton|NJ|08810|US,CAPITOL FILE-DCA AP (T-CNC-7),Dayton,NJ,08810,US,1801022,,"CB-EXO-BAR Bar- Barcelona Exotic Chocolate Bar, 3oz",Sale,12.000000000,12.000000000,5.040000000,60.480000000,15.076717632,2025-10-20 14:30:02.135000
98145,1478634,2025-10-17 11:03:11.818000,2025-10-20 00:00:00,Fulfilled,DEPARTURES AT SFO AP|San Francisco|CA|94128|US,DEPARTURES AT SFO AP,San Francisco,CA,94128,US,1801009,,"CB-SPD-GRE Bar - Matcha Green Tea Chocolate Bar, 3 oz.",Sale,24.000000000,24.000000000,5.040000000,120.960000000,45.989738280,2025-10-20 14:33:02.427000
98145,1478634,2025-10-17 11:03:11.818000,2025-10-20 00:00:00,Fulfilled,DEPARTURES AT SFO AP|San Francisco|CA|94128|US,DEPARTURES AT SFO AP,San Francisco,CA,94128,US,1801012,,"CB-EXO-PHC Bar - Pink Himalayan Crystal Salt Caramel Exotic Chocolate Bar, 3 oz.",Sale,24.000000000,24.000000000,5.040000000,120.960000000,43.927680000,2025-10-20 14:33:02.427000
98146,1478635,2025-10-17 11:04:35.990000,2025-10-20 00:00:00,Fulfilled,LA CONFIDENTIAL- LAX AP|El Segundo|CA|90245|US,LA CONFIDENTIAL- LAX AP,El Segundo,CA,90245,US,1801009,,"CB-SPD-GRE Bar - Matcha Green Tea Chocolate Bar, 3 oz.",Sale,24.000000000,24.000000000,5.040000000,120.960000000,45.989738280,2025-10-20 14:36:01.801000
98146,1478635,2025-10-17 11:04:35.990000,2025-10-20 00:00:00,Fulfilled,LA CONFIDENTIAL- LAX AP|El Segundo|CA|90245|US,LA CONFIDENTIAL- LAX AP,El Segundo,CA,90245,US,1801012,,"CB-EXO-PHC Bar - Pink Himalayan Crystal Salt Caramel Exotic Chocolate Bar, 3 oz.",Sale,24.000000000,24.000000000,5.040000000,120.960000000,43.927680000,2025-10-20 14:36:01.801000
98148,1478636,2025-10-17 11:05:49.447000,2025-10-20 00:00:00,Fulfilled,0430 Motown Greatest Hits #430 Suite 3-2|Detroit|MI|48242|US,0430 Motown Greatest Hits #430 Suite 3-2,Detroit,MI,48242,US,1801009,,"CB-SPD-GRE Bar - Matcha Green Tea Chocolate Bar, 3 oz.",Sale,24.000000000,24.000000000,5.040000000,120.960000000,45.989738280,2025-10-20 14:36:02.520000
98148,1478636,2025-10-17 11:05:49.447000,2025-10-20 00:00:00,Fulfilled,0430 Motown Greatest Hits #430 Suite 3-2|Detroit|MI|48242|US,0430 Motown Greatest Hits #430 Suite 3-2,Detroit,MI,48242,US,1801004,,"CB-SPD-BAN Bar - Coconut & Banana Super Dark Chocolate Bar, 3 oz.",Sale,24.000000000,24.000000000,5.040000000,120.960000000,45.589290408,2025-10-20 14:36:02.520000
98149,1478637,2025-10-17 11:07:42.459000,2025-10-20 00:00:00,Fulfilled,SIX POINTS MARKET-ORD AP|Chicago|IL|60666|US,SIX POINTS MARKET-ORD AP,Chicago,IL,60666,US,1801009,,"CB-SPD-GRE Bar - Matcha Green Tea Chocolate Bar, 3 oz.",Sale,12.000000000,12.000000000,5.040000000,60.480000000,22.994869140,2025-10-20 14:42:06.157000
98149,1478637,2025-10-17 11:07:42.459000,2025-10-20 00:00:00,Fulfilled,SIX POINTS MARKET-ORD AP|Chicago|IL|60666|US,SIX POINTS MARKET-ORD AP,Chicago,IL,60666,US,1801012,,"CB-EXO-PHC Bar - Pink Himalayan Crystal Salt Caramel Exotic Chocolate Bar, 3 oz.",Sale,12.000000000,12.000000000,5.040000000,60.480000000,21.963840000,2025-10-20 14:42:06.157000
98149,1478637,2025-10-17 11:07:42.459000,2025-10-20 00:00:00,Fulfilled,SIX POINTS MARKET-ORD AP|Chicago|IL|60666|US,SIX POINTS MARKET-ORD AP,Chicago,IL,60666,US,1801004,,"CB-SPD-BAN Bar - Coconut & Banana Super Dark Chocolate Bar, 3 oz.",Sale,24.000000000,24.000000000,5.040000000,120.960000000,45.589290408,2025-10-20 14:42:06.157000
98150,1478638,2025-10-17 11:09:41.070000,2025-10-20 00:00:00,Fulfilled,FLIGHT STOP-DEN AIRPORT (GATE 33 &  55)|Denver|CO|80203|US,FLIGHT STOP-DEN AIRPORT (GATE 33 &  55),Denver,CO,80203,US,1801009,,"CB-SPD-GRE Bar - Matcha Green Tea Chocolate Bar, 3 oz.",Sale,12.000000000,12.000000000,5.040000000,60.480000000,22.994869140,2025-10-20 14:30:02.758000
98150,1478638,2025-10-17 11:09:41.070000,2025-10-20 00:00:00,Fulfilled,FLIGHT STOP-DEN AIRPORT (GATE 33 &  55)|Denver|CO|80203|US,FLIGHT STOP-DEN AIRPORT (GATE 33 &  55),Denver,CO,80203,US,1801004,,"CB-SPD-BAN Bar - Coconut & Banana Super Dark Chocolate Bar, 3 oz.",Sale,12.000000000,12.000000000,5.040000000,60.480000000,22.794645204,2025-10-20 14:30:02.758000
98150,1478638,2025-10-17 11:09:41.070000,2025-10-20 00:00:00,Fulfilled,FLIGHT STOP-DEN AIRPORT (GATE 33 &  55)|Denver|CO|80203|US,FLIGHT STOP-DEN AIRPORT (GATE 33 &  55),Denver,CO,80203,US,1801022,,"CB-EXO-BAR Bar- Barcelona Exotic Chocolate Bar, 3oz",Sale,24.000000000,24.000000000,5.040000000,120.960000000,30.153435264,2025-10-20 14:30:02.758000
98152,1478639,2025-10-17 11:11:05.651000,2025-10-20 00:00:00,Fulfilled,THE SCOOP AT SFO AP|San Francisco|CA|94128|US,THE SCOOP AT SFO AP,San Francisco,CA,94128,US,1801009,,"CB-SPD-GRE Bar - Matcha Green Tea Chocolate Bar, 3 oz.",Sale,24.000000000,24.000000000,5.040000000,120.960000000,45.989738280,2025-10-20 14:33:01.771000
98152,1478639,2025-10-17 11:11:05.651000,2025-10-20 00:00:00,Fulfilled,THE SCOOP AT SFO AP|San Francisco|CA|94128|US,THE SCOOP AT SFO AP,San Francisco,CA,94128,US,1801012,,"CB-EXO-PHC Bar - Pink Himalayan Crystal Salt Caramel Exotic Chocolate Bar, 3 oz.",Sale,24.000000000,24.000000000,5.040000000,120.960000000,43.934957616,2025-10-20 14:33:01.771000
98144,1478633,2025-10-17 11:01:57.243000,2025-10-20 00:00:00,Fulfilled,CAPITOL FILE-DCA AP (T-CNC-7)|Dayton|NJ|08810|US,CAPITOL FILE-DCA AP (T-CNC-7),Dayton,NJ,08810,US,ShipStation Shipping,,ShipStation shipping amount Tracking: 394447829756,Sale,1.000000000,1.000000000,0E-9,0E-9,0E-9,2025-10-20 14:30:02.135000
98150,1478638,2025-10-17 11:09:41.070000,2025-10-20 00:00:00,Fulfilled,FLIGHT STOP-DEN AIRPORT (GATE 33 &  55)|Denver|CO|80203|US,FLIGHT STOP-DEN AIRPORT (GATE 33 &  55),Denver,CO,80203,US,ShipStation Shipping,,ShipStation shipping amount Tracking: 394447874943,Sale,1.000000000,1.000000000,0E-9,0E-9,0E-9,2025-10-20 14:30:02.758000
98131,1478627,2025-10-17 10:52:03.632000,2025-10-20 00:00:00,Fulfilled,0440 DC ARTS DISTRICT MARKET-DCA|Dayton|NJ|08810|US,0440 DC ARTS DISTRICT MARKET-DCA,Dayton,NJ,08810,US,ShipStation Shipping,,ShipStation shipping amount Tracking: 394447930546,Sale,1.000000000,1.000000000,0E-9,0E-9,0E-9,2025-10-20 14:30:03.070000
98152,1478639,2025-10-17 11:11:05.651000,2025-10-20 00:00:00,Fulfilled,THE SCOOP AT SFO AP|San Francisco|CA|94128|US,THE SCOOP AT SFO AP,San Francisco,CA,94128,US,ShipStation Shipping,,ShipStation shipping amount Tracking: 394447988585,Sale,1.000000000,1.000000000,0E-9,0E-9,0E-9,2025-10-20 14:33:01.771000
98132,1478628,2025-10-17 10:53:46.523000,2025-10-20 00:00:00,Fulfilled,GOTHAM NEWS-MOYNIHAN TRAIN HALL|Dayton|NJ|08810|US,GOTHAM NEWS-MOYNIHAN TRAIN HALL,Dayton,NJ,08810,US,ShipStation Shipping,,ShipStation shipping amount Tracking: 394448036443,Sale,1.000000000,1.000000000,0E-9,0E-9,0E-9,2025-10-20 14:33:02.177000
98145,1478634,2025-10-17 11:03:11.818000,2025-10-20 00:00:00,Fulfilled,DEPARTURES AT SFO AP|San Francisco|CA|94128|US,DEPARTURES AT SFO AP,San Francisco,CA,94128,US,ShipStation Shipping,,ShipStation shipping amount Tracking: 394448069673,Sale,1.000000000,1.000000000,0E-9,0E-9,0E-9,2025-10-20 14:33:02.427000
98146,1478635,2025-10-17 11:04:35.990000,2025-10-20 00:00:00,Fulfilled,LA CONFIDENTIAL- LAX AP|El Segundo|CA|90245|US,LA CONFIDENTIAL- LAX AP,El Segundo,CA,90245,US,ShipStation Shipping,,ShipStation shipping amount Tracking: 394448115378,Sale,1.000000000,1.000000000,0E-9,0E-9,0E-9,2025-10-20 14:36:01.801000
98138,1478632,2025-10-17 11:00:34.305000,2025-10-20 00:00:00,Fulfilled,0522 SLC Public Market-SPace #CAE 2-003|Salt Lake City|UT|84116|US,0522 SLC Public Market-SPace #CAE 2-003,Salt Lake City,UT,84116,US,ShipStation Shipping,,ShipStation shipping amount Tracking: 394448170945,Sale,1.000000000,1.000000000,0E-9,0E-9,0E-9,2025-10-20 14:36:02.192000
98148,1478636,2025-10-17 11:05:49.447000,2025-10-20 00:00:00,Fulfilled,0430 Motown Greatest Hits #430 Suite 3-2|Detroit|MI|48242|US,0430 Motown Greatest Hits #430 Suite 3-2,Detroit,MI,48242,US,ShipStation Shipping,,ShipStation shipping amount Tracking: 394448215392,Sale,1.000000000,1.000000000,0E-9,0E-9,0E-9,2025-10-20 14:36:02.520000
98149,1478637,2025-10-17 11:07:42.459000,2025-10-20 00:00:00,Fulfilled,SIX POINTS MARKET-ORD AP|Chicago|IL|60666|US,SIX POINTS MARKET-ORD AP,Chicago,IL,60666,US,ShipStation Shipping,,ShipStation shipping amount Tracking: 394448603920,Sale,1.000000000,1.000000000,0E-9,0E-9,0E-9,2025-10-20 14:42:06.157000
98135,1478630,2025-10-17 10:57:07.351000,2025-10-20 00:00:00,Fulfilled,DISTRICT MARKET-BWI AIRPORT|DAYTON|NJ|08810|US,DISTRICT MARKET-BWI AIRPORT,DAYTON,NJ,08810,US,ShipStation Shipping,,ShipStation shipping amount Tracking: 394449926270,Sale,1.000000000,1.000000000,0E-9,0E-9,0E-9,2025-10-20 15:06:01.744000
98133,1478629,2025-10-17 10:55:27.241000,2025-10-20 00:00:00,Fulfilled,THE WELL - SMF AP|Sacramento|CA|95837|US,THE WELL - SMF AP,Sacramento,CA,95837,US,ShipStation Shipping,,ShipStation shipping amount Tracking: 394450313484,Sale,1.000000000,1.000000000,0E-9,0E-9,0E-9,2025-10-20 15:12:02.181000
98136,1478631,2025-10-17 10:58:50.774000,2025-10-20 00:00:00,Fulfilled,THE ARTS DISTRICT MARKET - SAN|SAN DIEGO|CA|92110|US,THE ARTS DISTRICT MARKET - SAN,SAN DIEGO,CA,92110,US,ShipStation Shipping,,ShipStation shipping amount Tracking: 394450355848,Sale,1.000000000,1.000000000,0E-9,0E-9,0E-9,2025-10-20 15:15:30.477000
98129,1478626,2025-10-17 10:48:56.365000,2025-10-20 00:00:00,Fulfilled,SILICON VALLEY NEWS-SFO AP|San Francisco|CA|94128|US,SILICON VALLEY NEWS-SFO AP,San Francisco,CA,94128,US,ShipStation Shipping,,ShipStation shipping amount Tracking: 394450528770,Sale,1.000000000,1.000000000,0E-9,0E-9,0E-9,2025-10-20 15:18:01.791000
99596,1478677,2025-10-21 11:41:38.516000,2025-10-22 00:00:00,Fulfilled,WLV - FORUM SHOPS 0282|LAS VEGAS|NV|89109|US,WLV - FORUM SHOPS 0282,LAS VEGAS,NV,89109,US,1801009,,"CB-SPD-GRE Bar - Matcha Green Tea Chocolate Bar, 3 oz.",Sale,24.000000000,24.000000000,5.040000000,120.960000000,45.989738280,2025-10-22 12:51:01.432000
99596,1478677,2025-10-21 11:41:38.516000,2025-10-22 00:00:00,Fulfilled,WLV - FORUM SHOPS 0282|LAS VEGAS|NV|89109|US,WLV - FORUM SHOPS 0282,LAS VEGAS,NV,89109,US,1801012,,"CB-EXO-PHC Bar - Pink Himalayan Crystal Salt Caramel Exotic Chocolate Bar, 3 oz.",Sale,24.000000000,24.000000000,5.040000000,120.960000000,36.858872595,2025-10-22 12:51:01.432000
99596,1478677,2025-10-21 11:41:38.516000,2025-10-22 00:00:00,Fulfilled,WLV - FORUM SHOPS 0282|LAS VEGAS|NV|89109|US,WLV - FORUM SHOPS 0282,LAS VEGAS,NV,89109,US,1801004,,"CB-SPD-BAN Bar - Coconut & Banana Super Dark Chocolate Bar, 3 oz.",Sale,24.000000000,24.000000000,5.040000000,120.960000000,45.589290408,2025-10-22 12:51:01.432000
99596,1478677,2025-10-21 11:41:38.516000,2025-10-22 00:00:00,Fulfilled,WLV - FORUM SHOPS 0282|LAS VEGAS|NV|89109|US,WLV - FORUM SHOPS 0282,LAS VEGAS,NV,89109,US,1801021,,"CB-EXO-BAC Bar- Bacon Exotic Chocolate Bar, 3 oz",Sale,24.000000000,24.000000000,5.040000000,120.960000000,31.605602736,2025-10-22 12:51:01.432000
99596,1478677,2025-10-21 11:41:38.516000,2025-10-22 00:00:00,Fulfilled,WLV - FORUM SHOPS 0282|LAS VEGAS|NV|89109|US,WLV - FORUM SHOPS 0282,LAS VEGAS,NV,89109,US,1801022,,"CB-EXO-BAR Bar- Barcelona Exotic Chocolate Bar, 3oz",Sale,24.000000000,24.000000000,5.040000000,120.960000000,30.153435264,2025-10-22 12:51:01.432000
99596,1478677,2025-10-21 11:41:38.516000,2025-10-22 00:00:00,Fulfilled,WLV - FORUM SHOPS 0282|LAS VEGAS|NV|89109|US,WLV - FORUM SHOPS 0282,LAS VEGAS,NV,89109,US,ShipStation Shipping,,ShipStation shipping amount Tracking: 394535378039,Sale,1.000000000,1.000000000,0E-9,0E-9,0E-9,2025-10-22 12:51:01.432000
100093,1478701,2025-10-23 16:23:53.120000,2025-10-28 00:00:00,Fulfilled,DISTRICT MARKET-LGA AP|Dayton|NJ|08810|US,DISTRICT MARKET-LGA AP,Dayton,NJ,08810,US,1801009,,"CB-SPD-GRE Bar - Matcha Green Tea Chocolate Bar, 3 oz.",Sale,12.000000000,12.000000000,5.040000000,60.480000000,22.994869140,2025-10-28 10:51:02.005000
100093,1478701,2025-10-23 16:23:53.120000,2025-10-28 00:00:00,Fulfilled,DISTRICT MARKET-LGA AP|Dayton|NJ|08810|US,DISTRICT MARKET-LGA AP,Dayton,NJ,08810,US,1801012,,"CB-EXO-PHC Bar - Pink Himalayan Crystal Salt Caramel Exotic Chocolate Bar, 3 oz.",Sale,12.000000000,12.000000000,5.040000000,60.480000000,17.499330060,2025-10-28 10:51:02.005000
100093,1478701,2025-10-23 16:23:53.120000,2025-10-28 00:00:00,Fulfilled,DISTRICT MARKET-LGA AP|Dayton|NJ|08810|US,DISTRICT MARKET-LGA AP,Dayton,NJ,08810,US,1801004,,"CB-SPD-BAN Bar - Coconut & Banana Super Dark Chocolate Bar, 3 oz.",Sale,24.000000000,24.000000000,5.040000000,120.960000000,45.589290408,2025-10-28 10:51:02.005000
100094,1478702,2025-10-23 16:26:23.547000,2025-10-28 00:00:00,Fulfilled,DISTRICT MARKET-SFO AP|San Francisco|CA|94128|US,DISTRICT MARKET-SFO AP,San Francisco,CA,94128,US,1801009,,"CB-SPD-GRE Bar - Matcha Green Tea Chocolate Bar, 3 oz.",Sale,12.000000000,12.000000000,5.040000000,60.480000000,22.994869140,2025-10-28 10:18:01.030000
100094,1478702,2025-10-23 16:26:23.547000,2025-10-28 00:00:00,Fulfilled,DISTRICT MARKET-SFO AP|San Francisco|CA|94128|US,DISTRICT MARKET-SFO AP,San Francisco,CA,94128,US,1801012,,"CB-EXO-PHC Bar - Pink Himalayan Crystal Salt Caramel Exotic Chocolate Bar, 3 oz.",Sale,24.000000000,24.000000000,5.040000000,120.960000000,34.998660120,2025-10-28 10:18:01.030000
100094,1478702,2025-10-23 16:26:23.547000,2025-10-28 00:00:00,Fulfilled,DISTRICT MARKET-SFO AP|San Francisco|CA|94128|US,DISTRICT MARKET-SFO AP,San Francisco,CA,94128,US,1801004,,"CB-SPD-BAN Bar - Coconut & Banana Super Dark Chocolate Bar, 3 oz.",Sale,24.000000000,24.000000000,5.040000000,120.960000000,45.589290408,2025-10-28 10:18:01.030000
100601,1478714,2025-10-24 16:02:50.540000,2025-11-10 00:00:00,Fulfilled,AK BOULEVARD-LAX AP|El Segundo|CA|90245|US,AK BOULEVARD-LAX AP,El Segundo,CA,90245,US,1801009,,"CB-SPD-GRE Bar - Matcha Green Tea Chocolate Bar, 3 oz.",Sale,96.000000000,96.000000000,5.040000000,483.840000000,175.555932096,2025-11-13 14:51:04.685000
100601,1478714,2025-10-24 16:02:50.540000,2025-11-10 00:00:00,Fulfilled,AK BOULEVARD-LAX AP|El Segundo|CA|90245|US,AK BOULEVARD-LAX AP,El Segundo,CA,90245,US,1801012,,"CB-EXO-PHC Bar - Pink Himalayan Crystal Salt Caramel Exotic Chocolate Bar, 3 oz.",Sale,60.000000000,60.000000000,5.040000000,302.400000000,85.561387380,2025-11-13 14:51:04.685000
100601,1478714,2025-10-24 16:02:50.540000,2025-11-10 00:00:00,Fulfilled,AK BOULEVARD-LAX AP|El Segundo|CA|90245|US,AK BOULEVARD-LAX AP,El Segundo,CA,90245,US,1801004,,"CB-SPD-BAN Bar - Coconut & Banana Super Dark Chocolate Bar, 3 oz.",Sale,84.000000000,84.000000000,5.040000000,423.360000000,139.998628224,2025-11-13 14:51:04.685000
100601,1478714,2025-10-24 16:02:50.540000,2025-11-10 00:00:00,Fulfilled,AK BOULEVARD-LAX AP|El Segundo|CA|90245|US,AK BOULEVARD-LAX AP,El Segundo,CA,90245,US,1801021,,"CB-EXO-BAC Bar- Bacon Exotic Chocolate Bar, 3 oz",Sale,72.000000000,72.000000000,5.040000000,362.880000000,129.735187560,2025-11-13 14:51:04.685000
100601,1478714,2025-10-24 16:02:50.540000,2025-11-10 00:00:00,Fulfilled,AK BOULEVARD-LAX AP|El Segundo|CA|90245|US,AK BOULEVARD-LAX AP,El Segundo,CA,90245,US,1801022,,"CB-EXO-BAR Bar- Barcelona Exotic Chocolate Bar, 3oz",Sale,48.000000000,48.000000000,5.040000000,241.920000000,60.306870528,2025-11-13 14:51:04.685000
100094,1478702,2025-10-23 16:26:23.547000,2025-10-28 00:00:00,Fulfilled,DISTRICT MARKET-SFO AP|San Francisco|CA|94128|US,DISTRICT MARKET-SFO AP,San Francisco,CA,94128,US,ShipStation Shipping,,ShipStation shipping amount Tracking: 394725523514,Sale,1.000000000,1.000000000,0E-9,0E-9,0E-9,2025-10-28 10:18:01.030000
100093,1478701,2025-10-23 16:23:53.120000,2025-10-28 00:00:00,Fulfilled,DISTRICT MARKET-LGA AP|Dayton|NJ|08810|US,DISTRICT MARKET-LGA AP,Dayton,NJ,08810,US,ShipStation Shipping,,ShipStation shipping amount Tracking: 394727621745,Sale,1.000000000,1.000000000,0E-9,0E-9,0E-9,2025-10-28 10:51:02.005000
102038,1478933,2025-10-30 15:01:32.922000,2025-11-03 00:00:00,Fulfilled,NATALIES CANDY AT SEA-TAC  AP|Seattle|WA|98158|US,NATALIES CANDY AT SEA-TAC  AP,Seattle,WA,98158,US,1801009,,"CB-SPD-GRE Bar - Matcha Green Tea Chocolate Bar, 3 oz.",Sale,12.000000000,12.000000000,5.040000000,60.480000000,21.950149176,2025-11-03 07:57:02.007000
102038,1478933,2025-10-30 15:01:32.922000,2025-11-03 00:00:00,Fulfilled,NATALIES CANDY AT SEA-TAC  AP|Seattle|WA|98158|US,NATALIES CANDY AT SEA-TAC  AP,Seattle,WA,98158,US,1801012,,"CB-EXO-PHC Bar - Pink Himalayan Crystal Salt Caramel Exotic Chocolate Bar, 3 oz.",Sale,24.000000000,24.000000000,5.040000000,120.960000000,34.998660120,2025-11-03 07:57:02.007000
102038,1478933,2025-10-30 15:01:32.922000,2025-11-03 00:00:00,Fulfilled,NATALIES CANDY AT SEA-TAC  AP|Seattle|WA|98158|US,NATALIES CANDY AT SEA-TAC  AP,Seattle,WA,98158,US,1801004,,"CB-SPD-BAN Bar - Coconut & Banana Super Dark Chocolate Bar, 3 oz.",Sale,12.000000000,12.000000000,5.040000000,60.480000000,23.877960000,2025-11-03 07:57:02.007000
102054,1478934,2025-10-30 15:04:25.491000,2025-11-03 00:00:00,Fulfilled,0440 DC ARTS DISTRICT MARKET-DCA|Dayton|NJ|08810|US,0440 DC ARTS DISTRICT MARKET-DCA,Dayton,NJ,08810,US,1801012,,"CB-EXO-PHC Bar - Pink Himalayan Crystal Salt Caramel Exotic Chocolate Bar, 3 oz.",Sale,12.000000000,12.000000000,5.040000000,60.480000000,17.499330060,2025-11-03 07:54:01.198000
102054,1478934,2025-10-30 15:04:25.491000,2025-11-03 00:00:00,Fulfilled,0440 DC ARTS DISTRICT MARKET-DCA|Dayton|NJ|08810|US,0440 DC ARTS DISTRICT MARKET-DCA,Dayton,NJ,08810,US,1801004,,"CB-SPD-BAN Bar - Coconut & Banana Super Dark Chocolate Bar, 3 oz.",Sale,12.000000000,12.000000000,5.040000000,60.480000000,23.877960000,2025-11-03 07:54:01.198000
102054,1478934,2025-10-30 15:04:25.491000,2025-11-03 00:00:00,Fulfilled,0440 DC ARTS DISTRICT MARKET-DCA|Dayton|NJ|08810|US,0440 DC ARTS DISTRICT MARKET-DCA,Dayton,NJ,08810,US,1801021,,"CB-EXO-BAC Bar- Bacon Exotic Chocolate Bar, 3 oz",Sale,24.000000000,24.000000000,5.040000000,120.960000000,31.605602736,2025-11-03 07:54:01.198000
102055,1478935,2025-10-30 15:06:13.067000,2025-11-03 00:00:00,Fulfilled,TRAVEL + RIGHT-SLC|SALT LAKE CITY|UT|84116|US,TRAVEL + RIGHT-SLC,SALT LAKE CITY,UT,84116,US,1801012,,"CB-EXO-PHC Bar - Pink Himalayan Crystal Salt Caramel Exotic Chocolate Bar, 3 oz.",Sale,24.000000000,24.000000000,5.040000000,120.960000000,34.998660120,2025-11-03 07:54:01.757000
102055,1478935,2025-10-30 15:06:13.067000,2025-11-03 00:00:00,Fulfilled,TRAVEL + RIGHT-SLC|SALT LAKE CITY|UT|84116|US,TRAVEL + RIGHT-SLC,SALT LAKE CITY,UT,84116,US,1801004,,"CB-SPD-BAN Bar - Coconut & Banana Super Dark Chocolate Bar, 3 oz.",Sale,24.000000000,24.000000000,5.040000000,120.960000000,47.755920000,2025-11-03 07:54:01.757000
102056,1478936,2025-10-30 15:07:31.724000,2025-11-03 00:00:00,Fulfilled,GOTHAM NEWS-MOYNIHAN TRAIN HALL|Dayton|NJ|08810|US,GOTHAM NEWS-MOYNIHAN TRAIN HALL,Dayton,NJ,08810,US,1801012,,"CB-EXO-PHC Bar - Pink Himalayan Crystal Salt Caramel Exotic Chocolate Bar, 3 oz.",Sale,48.000000000,48.000000000,5.040000000,241.920000000,69.997320240,2025-11-03 08:00:31.246000
102057,1478937,2025-10-30 15:09:13.130000,2025-11-03 00:00:00,Fulfilled,LICK-DFW AIRPORT|DALLAS|TX|75261|US,LICK-DFW AIRPORT,DALLAS,TX,75261,US,1801012,,"CB-EXO-PHC Bar - Pink Himalayan Crystal Salt Caramel Exotic Chocolate Bar, 3 oz.",Sale,12.000000000,12.000000000,5.040000000,60.480000000,17.499330060,2025-11-03 07:57:01.682000
102057,1478937,2025-10-30 15:09:13.130000,2025-11-03 00:00:00,Fulfilled,LICK-DFW AIRPORT|DALLAS|TX|75261|US,LICK-DFW AIRPORT,DALLAS,TX,75261,US,1801021,,"CB-EXO-BAC Bar- Bacon Exotic Chocolate Bar, 3 oz",Sale,12.000000000,12.000000000,5.040000000,60.480000000,15.802801368,2025-11-03 07:57:01.682000
102057,1478937,2025-10-30 15:09:13.130000,2025-11-03 00:00:00,Fulfilled,LICK-DFW AIRPORT|DALLAS|TX|75261|US,LICK-DFW AIRPORT,DALLAS,TX,75261,US,1801022,,"CB-EXO-BAR Bar- Barcelona Exotic Chocolate Bar, 3oz",Sale,24.000000000,24.000000000,5.040000000,120.960000000,30.153435264,2025-11-03 07:57:01.682000
102203,1478941,2025-10-31 10:20:17.175000,2025-11-03 00:00:00,Fulfilled,"GIFT SHOP-AQUARIUS|LAUGHLIN,|NV|89029|US",GIFT SHOP-AQUARIUS,"LAUGHLIN,",NV,89029,US,1801009,,"CB-SPD-GRE Bar - Matcha Green Tea Chocolate Bar, 3 oz.",Sale,12.000000000,12.000000000,5.040000000,60.480000000,21.950149176,2025-11-03 07:57:01.178000
102203,1478941,2025-10-31 10:20:17.175000,2025-11-03 00:00:00,Fulfilled,"GIFT SHOP-AQUARIUS|LAUGHLIN,|NV|89029|US",GIFT SHOP-AQUARIUS,"LAUGHLIN,",NV,89029,US,1801012,,"CB-EXO-PHC Bar - Pink Himalayan Crystal Salt Caramel Exotic Chocolate Bar, 3 oz.",Sale,12.000000000,12.000000000,5.040000000,60.480000000,17.499330060,2025-11-03 07:57:01.178000
102054,1478934,2025-10-30 15:04:25.491000,2025-11-03 00:00:00,Fulfilled,0440 DC ARTS DISTRICT MARKET-DCA|Dayton|NJ|08810|US,0440 DC ARTS DISTRICT MARKET-DCA,Dayton,NJ,08810,US,ShipStation Shipping,,ShipStation shipping amount Tracking: 394905260661,Sale,1.000000000,1.000000000,0E-9,0E-9,0E-9,2025-11-03 07:54:01.198000
102055,1478935,2025-10-30 15:06:13.067000,2025-11-03 00:00:00,Fulfilled,TRAVEL + RIGHT-SLC|SALT LAKE CITY|UT|84116|US,TRAVEL + RIGHT-SLC,SALT LAKE CITY,UT,84116,US,ShipStation Shipping,,ShipStation shipping amount Tracking: 394905316315,Sale,1.000000000,1.000000000,0E-9,0E-9,0E-9,2025-11-03 07:54:01.757000
102203,1478941,2025-10-31 10:20:17.175000,2025-11-03 00:00:00,Fulfilled,"GIFT SHOP-AQUARIUS|LAUGHLIN,|NV|89029|US",GIFT SHOP-AQUARIUS,"LAUGHLIN,",NV,89029,US,ShipStation Shipping,,ShipStation shipping amount Tracking: 394905390325,Sale,1.000000000,1.000000000,0E-9,0E-9,0E-9,2025-11-03 07:57:01.178000
102057,1478937,2025-10-30 15:09:13.130000,2025-11-03 00:00:00,Fulfilled,LICK-DFW AIRPORT|DALLAS|TX|75261|US,LICK-DFW AIRPORT,DALLAS,TX,75261,US,ShipStation Shipping,,ShipStation shipping amount Tracking: 394905420641,Sale,1.000000000,1.000000000,0E-9,0E-9,0E-9,2025-11-03 07:57:01.682000
102038,1478933,2025-10-30 15:01:32.922000,2025-11-03 00:00:00,Fulfilled,NATALIES CANDY AT SEA-TAC  AP|Seattle|WA|98158|US,NATALIES CANDY AT SEA-TAC  AP,Seattle,WA,98158,US,ShipStation Shipping,,ShipStation shipping amount Tracking: 394905478419,Sale,1.000000000,1.000000000,0E-9,0E-9,0E-9,2025-11-03 07:57:02.007000
102056,1478936,2025-10-30 15:07:31.724000,2025-11-03 00:00:00,Fulfilled,GOTHAM NEWS-MOYNIHAN TRAIN HALL|Dayton|NJ|08810|US,GOTHAM NEWS-MOYNIHAN TRAIN HALL,Dayton,NJ,08810,US,ShipStation Shipping,,ShipStation shipping amount Tracking: 394905514774,Sale,1.000000000,1.000000000,0E-9,0E-9,0E-9,2025-11-03 08:00:31.246000
103463,1479076,2025-11-10 12:07:56.504000,2025-11-11 00:00:00,Fulfilled,THE ARTS DISTRICT MARKET - SAN|SAN DIEGO|CA|92110|US,THE ARTS DISTRICT MARKET - SAN,SAN DIEGO,CA,92110,US,1801009,,"CB-SPD-GRE Bar - Matcha Green Tea Chocolate Bar, 3 oz.",Sale,12.000000000,12.000000000,5.040000000,60.480000000,21.944491512,2025-11-11 09:01:16.019000
103463,1479076,2025-11-10 12:07:56.504000,2025-11-11 00:00:00,Fulfilled,THE ARTS DISTRICT MARKET - SAN|SAN DIEGO|CA|92110|US,THE ARTS DISTRICT MARKET - SAN,SAN DIEGO,CA,92110,US,1801012,,"CB-EXO-PHC Bar - Pink Himalayan Crystal Salt Caramel Exotic Chocolate Bar, 3 oz.",Sale,12.000000000,12.000000000,5.040000000,60.480000000,17.112277476,2025-11-11 09:01:16.019000
103463,1479076,2025-11-10 12:07:56.504000,2025-11-11 00:00:00,Fulfilled,THE ARTS DISTRICT MARKET - SAN|SAN DIEGO|CA|92110|US,THE ARTS DISTRICT MARKET - SAN,SAN DIEGO,CA,92110,US,1801004,,"CB-SPD-BAN Bar - Coconut & Banana Super Dark Chocolate Bar, 3 oz.",Sale,24.000000000,24.000000000,5.040000000,120.960000000,39.999608064,2025-11-11 09:01:16.019000
103464,1479077,2025-11-10 12:12:09.066000,2025-11-11 00:00:00,Fulfilled,0430 Motown Greatest Hits #430 Suite 3-2|Detroit|MI|48242|US,0430 Motown Greatest Hits #430 Suite 3-2,Detroit,MI,48242,US,1801012,,"CB-EXO-PHC Bar - Pink Himalayan Crystal Salt Caramel Exotic Chocolate Bar, 3 oz.",Sale,12.000000000,12.000000000,5.040000000,60.480000000,17.112277476,2025-11-11 09:01:15.284000
103464,1479077,2025-11-10 12:12:09.066000,2025-11-11 00:00:00,Fulfilled,0430 Motown Greatest Hits #430 Suite 3-2|Detroit|MI|48242|US,0430 Motown Greatest Hits #430 Suite 3-2,Detroit,MI,48242,US,1801021,,"CB-EXO-BAC Bar- Bacon Exotic Chocolate Bar, 3 oz",Sale,12.000000000,12.000000000,5.040000000,60.480000000,20.708640000,2025-11-11 09:01:15.284000
103464,1479077,2025-11-10 12:12:09.066000,2025-11-11 00:00:00,Fulfilled,0430 Motown Greatest Hits #430 Suite 3-2|Detroit|MI|48242|US,0430 Motown Greatest Hits #430 Suite 3-2,Detroit,MI,48242,US,1801022,,"CB-EXO-BAR Bar- Barcelona Exotic Chocolate Bar, 3oz",Sale,24.000000000,24.000000000,5.040000000,120.960000000,30.153435264,2025-11-11 09:01:15.284000
103465,1479078,2025-11-10 12:13:40.675000,2025-11-11 00:00:00,Fulfilled,WH SMITH-DCA AP (T-CNC3)|Dayton|NJ|08810|US,WH SMITH-DCA AP (T-CNC3),Dayton,NJ,08810,US,1801012,,"CB-EXO-PHC Bar - Pink Himalayan Crystal Salt Caramel Exotic Chocolate Bar, 3 oz.",Sale,12.000000000,12.000000000,5.040000000,60.480000000,17.112277476,2025-11-11 09:01:16.362000
103465,1479078,2025-11-10 12:13:40.675000,2025-11-11 00:00:00,Fulfilled,WH SMITH-DCA AP (T-CNC3)|Dayton|NJ|08810|US,WH SMITH-DCA AP (T-CNC3),Dayton,NJ,08810,US,1801004,,"CB-SPD-BAN Bar - Coconut & Banana Super Dark Chocolate Bar, 3 oz.",Sale,12.000000000,12.000000000,5.040000000,60.480000000,19.999804032,2025-11-11 09:01:16.362000
103465,1479078,2025-11-10 12:13:40.675000,2025-11-11 00:00:00,Fulfilled,WH SMITH-DCA AP (T-CNC3)|Dayton|NJ|08810|US,WH SMITH-DCA AP (T-CNC3),Dayton,NJ,08810,US,1801021,,"CB-EXO-BAC Bar- Bacon Exotic Chocolate Bar, 3 oz",Sale,24.000000000,24.000000000,5.040000000,120.960000000,41.417280000,2025-11-11 09:01:16.362000
103466,1479079,2025-11-10 12:15:14.034000,2025-11-11 00:00:00,Fulfilled,THE WELL - SMF AP|Sacramento|CA|95837|US,THE WELL - SMF AP,Sacramento,CA,95837,US,1801009,,"CB-SPD-GRE Bar - Matcha Green Tea Chocolate Bar, 3 oz.",Sale,12.000000000,12.000000000,5.040000000,60.480000000,21.944491512,2025-11-11 09:01:16.690000
103466,1479079,2025-11-10 12:15:14.034000,2025-11-11 00:00:00,Fulfilled,THE WELL - SMF AP|Sacramento|CA|95837|US,THE WELL - SMF AP,Sacramento,CA,95837,US,1801012,,"CB-EXO-PHC Bar - Pink Himalayan Crystal Salt Caramel Exotic Chocolate Bar, 3 oz.",Sale,12.000000000,12.000000000,5.040000000,60.480000000,17.112277476,2025-11-11 09:01:16.690000
103466,1479079,2025-11-10 12:15:14.034000,2025-11-11 00:00:00,Fulfilled,THE WELL - SMF AP|Sacramento|CA|95837|US,THE WELL - SMF AP,Sacramento,CA,95837,US,1801004,,"CB-SPD-BAN Bar - Coconut & Banana Super Dark Chocolate Bar, 3 oz.",Sale,24.000000000,24.000000000,5.040000000,120.960000000,39.999608064,2025-11-11 09:01:16.690000
103464,1479077,2025-11-10 12:12:09.066000,2025-11-11 00:00:00,Fulfilled,0430 Motown Greatest Hits #430 Suite 3-2|Detroit|MI|48242|US,0430 Motown Greatest Hits #430 Suite 3-2,Detroit,MI,48242,US,ShipStation Shipping,,ShipStation shipping amount Tracking: 395209375692,Sale,1.000000000,1.000000000,0E-9,0E-9,0E-9,2025-11-11 09:01:15.284000
103463,1479076,2025-11-10 12:07:56.504000,2025-11-11 00:00:00,Fulfilled,THE ARTS DISTRICT MARKET - SAN|SAN DIEGO|CA|92110|US,THE ARTS DISTRICT MARKET - SAN,SAN DIEGO,CA,92110,US,ShipStation Shipping,,ShipStation shipping amount Tracking: 395209398292,Sale,1.000000000,1.000000000,0E-9,0E-9,0E-9,2025-11-11 09:01:16.019000
103465,1479078,2025-11-10 12:13:40.675000,2025-11-11 00:00:00,Fulfilled,WH SMITH-DCA AP (T-CNC3)|Dayton|NJ|08810|US,WH SMITH-DCA AP (T-CNC3),Dayton,NJ,08810,US,ShipStation Shipping,,ShipStation shipping amount Tracking: 395209421011,Sale,1.000000000,1.000000000,0E-9,0E-9,0E-9,2025-11-11 09:01:16.362000
103466,1479079,2025-11-10 12:15:14.034000,2025-11-11 00:00:00,Fulfilled,THE WELL - SMF AP|Sacramento|CA|95837|US,THE WELL - SMF AP,Sacramento,CA,95837,US,ShipStation Shipping,,ShipStation shipping amount Tracking: 395209436448,Sale,1.000000000,1.000000000,0E-9,0E-9,0E-9,2025-11-11 09:01:16.690000
100601,1478714,2025-10-24 16:02:50.540000,2025-11-10 00:00:00,Fulfilled,AK BOULEVARD-LAX AP|El Segundo|CA|90245|US,AK BOULEVARD-LAX AP,El Segundo,CA,90245,US,ShipStation Shipping,,ShipStation shipping amount Tracking: 395320613303,Sale,1.000000000,1.000000000,0E-9,0E-9,0E-9,2025-11-13 14:51:04.685000
104490,1479155,2025-11-18 11:21:42.921000,2025-11-19 00:00:00,Fulfilled,Fuel @ DTW-A|Detroit|MI|48242|US,Fuel @ DTW-A,Detroit,MI,48242,US,1801009,,"CB-SPD-GRE Bar - Matcha Green Tea Chocolate Bar, 3 oz.",Sale,24.000000000,24.000000000,5.040000000,120.960000000,43.888983024,2025-11-19 12:21:32.709000
104490,1479155,2025-11-18 11:21:42.921000,2025-11-19 00:00:00,Fulfilled,Fuel @ DTW-A|Detroit|MI|48242|US,Fuel @ DTW-A,Detroit,MI,48242,US,1801012,,"CB-EXO-PHC Bar - Pink Himalayan Crystal Salt Caramel Exotic Chocolate Bar, 3 oz.",Sale,24.000000000,24.000000000,5.040000000,120.960000000,34.224554952,2025-11-19 12:21:32.709000
104490,1479155,2025-11-18 11:21:42.921000,2025-11-19 00:00:00,Fulfilled,Fuel @ DTW-A|Detroit|MI|48242|US,Fuel @ DTW-A,Detroit,MI,48242,US,1801004,,"CB-SPD-BAN Bar - Coconut & Banana Super Dark Chocolate Bar, 3 oz.",Sale,24.000000000,24.000000000,5.040000000,120.960000000,39.999608064,2025-11-19 12:21:32.709000
104490,1479155,2025-11-18 11:21:42.921000,2025-11-19 00:00:00,Fulfilled,Fuel @ DTW-A|Detroit|MI|48242|US,Fuel @ DTW-A,Detroit,MI,48242,US,1801021,,"CB-EXO-BAC Bar- Bacon Exotic Chocolate Bar, 3 oz",Sale,24.000000000,24.000000000,5.040000000,120.960000000,43.245062520,2025-11-19 12:21:32.709000
104490,1479155,2025-11-18 11:21:42.921000,2025-11-19 00:00:00,Fulfilled,Fuel @ DTW-A|Detroit|MI|48242|US,Fuel @ DTW-A,Detroit,MI,48242,US,1801022,,"CB-EXO-BAR Bar- Barcelona Exotic Chocolate Bar, 3oz",Sale,24.000000000,24.000000000,5.040000000,120.960000000,30.153435264,2025-11-19 12:21:32.709000
104490,1479155,2025-11-18 11:21:42.921000,2025-11-19 00:00:00,Fulfilled,Fuel @ DTW-A|Detroit|MI|48242|US,Fuel @ DTW-A,Detroit,MI,48242,US,ShipStation Shipping,,ShipStation shipping amount Tracking: 395538303713,Sale,1.000000000,1.000000000,0E-9,0E-9,0E-9,2025-11-19 12:21:32.709000
105764,1479259,2025-11-21 13:53:53.792000,2025-11-24 00:00:00,Fulfilled,DISTRICT MARKET-SFO AP|San Francisco|CA|94128|US,DISTRICT MARKET-SFO AP,San Francisco,CA,94128,US,1801009,,"CB-SPD-GRE Bar - Matcha Green Tea Chocolate Bar, 3 oz.",Sale,12.000000000,12.000000000,5.040000000,60.480000000,21.944491512,2025-11-24 11:05:04.598000
105764,1479259,2025-11-21 13:53:53.792000,2025-11-24 00:00:00,Fulfilled,DISTRICT MARKET-SFO AP|San Francisco|CA|94128|US,DISTRICT MARKET-SFO AP,San Francisco,CA,94128,US,1801012,,"CB-EXO-PHC Bar - Pink Himalayan Crystal Salt Caramel Exotic Chocolate Bar, 3 oz.",Sale,24.000000000,24.000000000,5.040000000,120.960000000,34.224554952,2025-11-24 11:05:04.598000
105764,1479259,2025-11-21 13:53:53.792000,2025-11-24 00:00:00,Fulfilled,DISTRICT MARKET-SFO AP|San Francisco|CA|94128|US,DISTRICT MARKET-SFO AP,San Francisco,CA,94128,US,1801004,,"CB-SPD-BAN Bar - Coconut & Banana Super Dark Chocolate Bar, 3 oz.",Sale,12.000000000,12.000000000,5.040000000,60.480000000,19.999804032,2025-11-24 11:05:04.598000
105765,1479260,2025-11-21 13:56:00.148000,2025-11-24 00:00:00,Fulfilled,WHSMITH C/O HYPERION|DENVER|CO|80203|US,WHSMITH C/O HYPERION,DENVER,CO,80203,US,1801009,,"CB-SPD-GRE Bar - Matcha Green Tea Chocolate Bar, 3 oz.",Sale,36.000000000,36.000000000,5.040000000,181.440000000,65.833474536,2025-11-24 11:06:02.791000
105765,1479260,2025-11-21 13:56:00.148000,2025-11-24 00:00:00,Fulfilled,WHSMITH C/O HYPERION|DENVER|CO|80203|US,WHSMITH C/O HYPERION,DENVER,CO,80203,US,1801004,,"CB-SPD-BAN Bar - Coconut & Banana Super Dark Chocolate Bar, 3 oz.",Sale,36.000000000,36.000000000,5.040000000,181.440000000,59.999412096,2025-11-24 11:06:02.791000
105765,1479260,2025-11-21 13:56:00.148000,2025-11-24 00:00:00,Fulfilled,WHSMITH C/O HYPERION|DENVER|CO|80203|US,WHSMITH C/O HYPERION,DENVER,CO,80203,US,1801021,,"CB-EXO-BAC Bar- Bacon Exotic Chocolate Bar, 3 oz",Sale,24.000000000,24.000000000,5.040000000,120.960000000,43.245062520,2025-11-24 11:06:02.791000
105766,1479261,2025-11-21 13:57:48.014000,2025-11-24 00:00:00,Fulfilled,DISTRICT MARKET-LGA AP|Dayton|NJ|08810|US,DISTRICT MARKET-LGA AP,Dayton,NJ,08810,US,1801009,,"CB-SPD-GRE Bar - Matcha Green Tea Chocolate Bar, 3 oz.",Sale,24.000000000,24.000000000,5.040000000,120.960000000,43.888983024,2025-11-24 11:05:05.829000
105766,1479261,2025-11-21 13:57:48.014000,2025-11-24 00:00:00,Fulfilled,DISTRICT MARKET-LGA AP|Dayton|NJ|08810|US,DISTRICT MARKET-LGA AP,Dayton,NJ,08810,US,1801012,,"CB-EXO-PHC Bar - Pink Himalayan Crystal Salt Caramel Exotic Chocolate Bar, 3 oz.",Sale,24.000000000,24.000000000,5.040000000,120.960000000,34.224554952,2025-11-24 11:05:05.829000
105767,1479262,2025-11-21 13:59:18.138000,2025-11-24 00:00:00,Fulfilled,0449 EASTERN MARKET-DCA|Dayton|NJ|08810|US,0449 EASTERN MARKET-DCA,Dayton,NJ,08810,US,1801012,,"CB-EXO-PHC Bar - Pink Himalayan Crystal Salt Caramel Exotic Chocolate Bar, 3 oz.",Sale,24.000000000,24.000000000,5.040000000,120.960000000,34.224554952,2025-11-24 11:05:05.301000
105767,1479262,2025-11-21 13:59:18.138000,2025-11-24 00:00:00,Fulfilled,0449 EASTERN MARKET-DCA|Dayton|NJ|08810|US,0449 EASTERN MARKET-DCA,Dayton,NJ,08810,US,1801004,,"CB-SPD-BAN Bar - Coconut & Banana Super Dark Chocolate Bar, 3 oz.",Sale,12.000000000,12.000000000,5.040000000,60.480000000,19.999804032,2025-11-24 11:05:05.301000
105767,1479262,2025-11-21 13:59:18.138000,2025-11-24 00:00:00,Fulfilled,0449 EASTERN MARKET-DCA|Dayton|NJ|08810|US,0449 EASTERN MARKET-DCA,Dayton,NJ,08810,US,1801021,,"CB-EXO-BAC Bar- Bacon Exotic Chocolate Bar, 3 oz",Sale,12.000000000,12.000000000,5.040000000,60.480000000,21.622531260,2025-11-24 11:05:05.301000
105768,1479263,2025-11-21 14:00:53.666000,2025-11-24 00:00:00,Fulfilled,FLIGHT STOP-DEN AIRPORT (GATE 33 &  55)|Denver|CO|80203|US,FLIGHT STOP-DEN AIRPORT (GATE 33 &  55),Denver,CO,80203,US,1801009,,"CB-SPD-GRE Bar - Matcha Green Tea Chocolate Bar, 3 oz.",Sale,24.000000000,24.000000000,5.040000000,120.960000000,43.888983024,2025-11-24 11:01:01.924000
105768,1479263,2025-11-21 14:00:53.666000,2025-11-24 00:00:00,Fulfilled,FLIGHT STOP-DEN AIRPORT (GATE 33 &  55)|Denver|CO|80203|US,FLIGHT STOP-DEN AIRPORT (GATE 33 &  55),Denver,CO,80203,US,1801012,,"CB-EXO-PHC Bar - Pink Himalayan Crystal Salt Caramel Exotic Chocolate Bar, 3 oz.",Sale,36.000000000,36.000000000,5.040000000,181.440000000,51.336832428,2025-11-24 11:01:01.924000
105768,1479263,2025-11-21 14:00:53.666000,2025-11-24 00:00:00,Fulfilled,FLIGHT STOP-DEN AIRPORT (GATE 33 &  55)|Denver|CO|80203|US,FLIGHT STOP-DEN AIRPORT (GATE 33 &  55),Denver,CO,80203,US,1801004,,"CB-SPD-BAN Bar - Coconut & Banana Super Dark Chocolate Bar, 3 oz.",Sale,12.000000000,12.000000000,5.040000000,60.480000000,19.999804032,2025-11-24 11:01:01.924000
105768,1479263,2025-11-21 14:00:53.666000,2025-11-24 00:00:00,Fulfilled,FLIGHT STOP-DEN AIRPORT (GATE 33 &  55)|Denver|CO|80203|US,FLIGHT STOP-DEN AIRPORT (GATE 33 &  55),Denver,CO,80203,US,1801021,,"CB-EXO-BAC Bar- Bacon Exotic Chocolate Bar, 3 oz",Sale,24.000000000,24.000000000,5.040000000,120.960000000,43.245062520,2025-11-24 11:01:01.924000
105768,1479263,2025-11-21 14:00:53.666000,2025-11-24 00:00:00,Fulfilled,FLIGHT STOP-DEN AIRPORT (GATE 33 &  55)|Denver|CO|80203|US,FLIGHT STOP-DEN AIRPORT (GATE 33 &  55),Denver,CO,80203,US,ShipStation Shipping,,ShipStation shipping amount Tracking: 395714750019,Sale,1.000000000,1.000000000,0E-9,0E-9,0E-9,2025-11-24 11:01:01.924000
105764,1479259,2025-11-21 13:53:53.792000,2025-11-24 00:00:00,Fulfilled,DISTRICT MARKET-SFO AP|San Francisco|CA|94128|US,DISTRICT MARKET-SFO AP,San Francisco,CA,94128,US,ShipStation Shipping,,ShipStation shipping amount Tracking: 395715117362,Sale,1.000000000,1.000000000,0E-9,0E-9,0E-9,2025-11-24 11:05:04.598000
105767,1479262,2025-11-21 13:59:18.138000,2025-11-24 00:00:00,Fulfilled,0449 EASTERN MARKET-DCA|Dayton|NJ|08810|US,0449 EASTERN MARKET-DCA,Dayton,NJ,08810,US,ShipStation Shipping,,ShipStation shipping amount Tracking: 395715157778,Sale,1.000000000,1.000000000,0E-9,0E-9,0E-9,2025-11-24 11:05:05.301000
105766,1479261,2025-11-21 13:57:48.014000,2025-11-24 00:00:00,Fulfilled,DISTRICT MARKET-LGA AP|Dayton|NJ|08810|US,DISTRICT MARKET-LGA AP,Dayton,NJ,08810,US,ShipStation Shipping,,ShipStation shipping amount Tracking: 395715260870,Sale,1.000000000,1.000000000,0E-9,0E-9,0E-9,2025-11-24 11:05:05.829000
105765,1479260,2025-11-21 13:56:00.148000,2025-11-24 00:00:00,Fulfilled,WHSMITH C/O HYPERION|DENVER|CO|80203|US,WHSMITH C/O HYPERION,DENVER,CO,80203,US,ShipStation Shipping,,ShipStation shipping amount Tracking: 395715337705,Sale,1.000000000,1.000000000,0E-9,0E-9,0E-9,2025-11-24 11:06:02.791000
108975,1479405,2025-11-28 09:09:24.813000,2025-12-01 00:00:00,Fulfilled,UPTOWN KIOSK 2-PHX AP|Phoenix|AZ|85034|US,UPTOWN KIOSK 2-PHX AP,Phoenix,AZ,85034,US,1801009,,"CB-SPD-GRE Bar - Matcha Green Tea Chocolate Bar, 3 oz.",Sale,24.000000000,24.000000000,5.040000000,120.960000000,43.888983024,2025-12-01 17:15:32.390000
108975,1479405,2025-11-28 09:09:24.813000,2025-12-01 00:00:00,Fulfilled,UPTOWN KIOSK 2-PHX AP|Phoenix|AZ|85034|US,UPTOWN KIOSK 2-PHX AP,Phoenix,AZ,85034,US,1801012,,"CB-EXO-PHC Bar - Pink Himalayan Crystal Salt Caramel Exotic Chocolate Bar, 3 oz.",Sale,12.000000000,12.000000000,5.040000000,60.480000000,17.112277476,2025-12-01 17:15:32.390000
108975,1479405,2025-11-28 09:09:24.813000,2025-12-01 00:00:00,Fulfilled,UPTOWN KIOSK 2-PHX AP|Phoenix|AZ|85034|US,UPTOWN KIOSK 2-PHX AP,Phoenix,AZ,85034,US,1801022,,"CB-EXO-BAR Bar- Barcelona Exotic Chocolate Bar, 3oz",Sale,12.000000000,12.000000000,5.040000000,60.480000000,20.301027612,2025-12-01 17:15:32.390000
108976,1479406,2025-11-28 09:12:11.525000,2025-12-01 00:00:00,Fulfilled,DISTRICT MARKET-BWI AIRPORT|DAYTON|NJ|08810|US,DISTRICT MARKET-BWI AIRPORT,DAYTON,NJ,08810,US,1801009,,"CB-SPD-GRE Bar - Matcha Green Tea Chocolate Bar, 3 oz.",Sale,12.000000000,12.000000000,5.040000000,60.480000000,21.944491512,2025-12-01 17:15:32.687000
108976,1479406,2025-11-28 09:12:11.525000,2025-12-01 00:00:00,Fulfilled,DISTRICT MARKET-BWI AIRPORT|DAYTON|NJ|08810|US,DISTRICT MARKET-BWI AIRPORT,DAYTON,NJ,08810,US,1801012,,"CB-EXO-PHC Bar - Pink Himalayan Crystal Salt Caramel Exotic Chocolate Bar, 3 oz.",Sale,12.000000000,12.000000000,5.040000000,60.480000000,17.112277476,2025-12-01 17:15:32.687000
108976,1479406,2025-11-28 09:12:11.525000,2025-12-01 00:00:00,Fulfilled,DISTRICT MARKET-BWI AIRPORT|DAYTON|NJ|08810|US,DISTRICT MARKET-BWI AIRPORT,DAYTON,NJ,08810,US,1801021,,"CB-EXO-BAC Bar- Bacon Exotic Chocolate Bar, 3 oz",Sale,24.000000000,24.000000000,5.040000000,120.960000000,41.692820472,2025-12-01 17:15:32.687000
108977,1479408,2025-11-28 09:15:07.511000,2025-12-01 00:00:00,Fulfilled,SHOREPOINTS MARKET-EWR AIRPORT (T1)|DAYTON|NJ|08810|US,SHOREPOINTS MARKET-EWR AIRPORT (T1),DAYTON,NJ,08810,US,1801009,,"CB-SPD-GRE Bar - Matcha Green Tea Chocolate Bar, 3 oz.",Sale,12.000000000,12.000000000,5.040000000,60.480000000,21.944491512,2025-12-01 17:15:32.028000
108977,1479408,2025-11-28 09:15:07.511000,2025-12-01 00:00:00,Fulfilled,SHOREPOINTS MARKET-EWR AIRPORT (T1)|DAYTON|NJ|08810|US,SHOREPOINTS MARKET-EWR AIRPORT (T1),DAYTON,NJ,08810,US,1801012,,"CB-EXO-PHC Bar - Pink Himalayan Crystal Salt Caramel Exotic Chocolate Bar, 3 oz.",Sale,12.000000000,12.000000000,5.040000000,60.480000000,17.112277476,2025-12-01 17:15:32.028000
108977,1479408,2025-11-28 09:15:07.511000,2025-12-01 00:00:00,Fulfilled,SHOREPOINTS MARKET-EWR AIRPORT (T1)|DAYTON|NJ|08810|US,SHOREPOINTS MARKET-EWR AIRPORT (T1),DAYTON,NJ,08810,US,1801004,,"CB-SPD-BAN Bar - Coconut & Banana Super Dark Chocolate Bar, 3 oz.",Sale,24.000000000,24.000000000,5.040000000,120.960000000,39.999608064,2025-12-01 17:15:32.028000
108977,1479408,2025-11-28 09:15:07.511000,2025-12-01 00:00:00,Fulfilled,SHOREPOINTS MARKET-EWR AIRPORT (T1)|DAYTON|NJ|08810|US,SHOREPOINTS MARKET-EWR AIRPORT (T1),DAYTON,NJ,08810,US,ShipStation Shipping,,ShipStation shipping amount Tracking: 396057844391,Sale,1.000000000,1.000000000,0E-9,0E-9,0E-9,2025-12-01 17:15:32.028000
108975,1479405,2025-11-28 09:09:24.813000,2025-12-01 00:00:00,Fulfilled,UPTOWN KIOSK 2-PHX AP|Phoenix|AZ|85034|US,UPTOWN KIOSK 2-PHX AP,Phoenix,AZ,85034,US,ShipStation Shipping,,ShipStation shipping amount Tracking: 396057903648,Sale,1.000000000,1.000000000,0E-9,0E-9,0E-9,2025-12-01 17:15:32.390000
108976,1479406,2025-11-28 09:12:11.525000,2025-12-01 00:00:00,Fulfilled,DISTRICT MARKET-BWI AIRPORT|DAYTON|NJ|08810|US,DISTRICT MARKET-BWI AIRPORT,DAYTON,NJ,08810,US,ShipStation Shipping,,ShipStation shipping amount Tracking: 396057982101,Sale,1.000000000,1.000000000,0E-9,0E-9,0E-9,2025-12-01 17:15:32.687000
123106,1479784,2025-12-12 11:00:35.030000,2025-12-15 00:00:00,Fulfilled,THE BOWERY BAY SHOPS-LGA AP|Dayton|NJ|08810|US,THE BOWERY BAY SHOPS-LGA AP,Dayton,NJ,08810,US,1801009,,"CB-SPD-GRE Bar - Matcha Green Tea Chocolate Bar, 3 oz.",Sale,12.000000000,12.000000000,5.040000000,60.480000000,22.053203712,2025-12-18 15:06:05.736000
123106,1479784,2025-12-12 11:00:35.030000,2025-12-15 00:00:00,Fulfilled,THE BOWERY BAY SHOPS-LGA AP|Dayton|NJ|08810|US,THE BOWERY BAY SHOPS-LGA AP,Dayton,NJ,08810,US,1801012,,"CB-EXO-PHC Bar - Pink Himalayan Crystal Salt Caramel Exotic Chocolate Bar, 3 oz.",Sale,24.000000000,24.000000000,5.040000000,120.960000000,34.224554952,2025-12-18 15:06:05.736000
123106,1479784,2025-12-12 11:00:35.030000,2025-12-15 00:00:00,Fulfilled,THE BOWERY BAY SHOPS-LGA AP|Dayton|NJ|08810|US,THE BOWERY BAY SHOPS-LGA AP,Dayton,NJ,08810,US,1801004,,"CB-SPD-BAN Bar - Coconut & Banana Super Dark Chocolate Bar, 3 oz.",Sale,12.000000000,12.000000000,5.040000000,60.480000000,19.999804032,2025-12-18 15:06:05.736000
123106,1479784,2025-12-12 11:00:35.030000,2025-12-15 00:00:00,Fulfilled,THE BOWERY BAY SHOPS-LGA AP|Dayton|NJ|08810|US,THE BOWERY BAY SHOPS-LGA AP,Dayton,NJ,08810,US,1801022,,"CB-EXO-BAR Bar- Barcelona Exotic Chocolate Bar, 3oz",Sale,12.000000000,12.000000000,5.040000000,60.480000000,21.264954612,2025-12-18 15:06:05.736000
123106,1479784,2025-12-12 11:00:35.030000,2025-12-15 00:00:00,Fulfilled,THE BOWERY BAY SHOPS-LGA AP|Dayton|NJ|08810|US,THE BOWERY BAY SHOPS-LGA AP,Dayton,NJ,08810,US,1801027,,CF-CAR-6-SEA-W Caramel - Red Hawaiian Salt Caramel 6PC,Sale,24.000000000,24.000000000,7.500000000,180.000000000,70.452167784,2025-12-18 15:06:05.736000
123106,1479784,2025-12-12 11:00:35.030000,2025-12-15 00:00:00,Fulfilled,THE BOWERY BAY SHOPS-LGA AP|Dayton|NJ|08810|US,THE BOWERY BAY SHOPS-LGA AP,Dayton,NJ,08810,US,1801758,,"TC-LSL-004, Vosges Maison Truffle Collection 4PC, Purple Box w/Ribbon",Sale,24.000000000,24.000000000,7.000000000,168.000000000,47.497331640,2025-12-18 15:06:05.736000
123108,1479785,2025-12-12 11:03:07.496000,2025-12-15 00:00:00,Fulfilled,LA CONFIDENTIAL- LAX AP|El Segundo|CA|90245|US,LA CONFIDENTIAL- LAX AP,El Segundo,CA,90245,US,1801021,,"CB-EXO-BAC Bar- Bacon Exotic Chocolate Bar, 3 oz",Sale,12.000000000,12.000000000,5.040000000,60.480000000,15.802801368,2025-12-18 15:00:07.440000
123108,1479785,2025-12-12 11:03:07.496000,2025-12-15 00:00:00,Fulfilled,LA CONFIDENTIAL- LAX AP|El Segundo|CA|90245|US,LA CONFIDENTIAL- LAX AP,El Segundo,CA,90245,US,1801027,,CF-CAR-6-SEA-W Caramel - Red Hawaiian Salt Caramel 6PC,Sale,24.000000000,24.000000000,7.500000000,180.000000000,70.369200024,2025-12-18 15:00:07.440000
123108,1479785,2025-12-12 11:03:07.496000,2025-12-15 00:00:00,Fulfilled,LA CONFIDENTIAL- LAX AP|El Segundo|CA|90245|US,LA CONFIDENTIAL- LAX AP,El Segundo,CA,90245,US,1801758,,"TC-LSL-004, Vosges Maison Truffle Collection 4PC, Purple Box w/Ribbon",Sale,24.000000000,24.000000000,7.000000000,168.000000000,51.079315464,2025-12-18 15:00:07.440000
123110,1479786,2025-12-12 11:07:23.669000,2025-12-15 00:00:00,Fulfilled,SILICON VALLEY NEWS-SFO AP|San Francisco|CA|94128|US,SILICON VALLEY NEWS-SFO AP,San Francisco,CA,94128,US,1801009,,"CB-SPD-GRE Bar - Matcha Green Tea Chocolate Bar, 3 oz.",Sale,12.000000000,12.000000000,5.040000000,60.480000000,22.053203712,2025-12-18 15:06:06.435000
123110,1479786,2025-12-12 11:07:23.669000,2025-12-15 00:00:00,Fulfilled,SILICON VALLEY NEWS-SFO AP|San Francisco|CA|94128|US,SILICON VALLEY NEWS-SFO AP,San Francisco,CA,94128,US,1801004,,"CB-SPD-BAN Bar - Coconut & Banana Super Dark Chocolate Bar, 3 oz.",Sale,12.000000000,12.000000000,5.040000000,60.480000000,19.999804032,2025-12-18 15:06:06.435000
123110,1479786,2025-12-12 11:07:23.669000,2025-12-15 00:00:00,Fulfilled,SILICON VALLEY NEWS-SFO AP|San Francisco|CA|94128|US,SILICON VALLEY NEWS-SFO AP,San Francisco,CA,94128,US,1801022,,"CB-EXO-BAR Bar- Barcelona Exotic Chocolate Bar, 3oz",Sale,12.000000000,12.000000000,5.040000000,60.480000000,21.264954612,2025-12-18 15:06:06.435000
123110,1479786,2025-12-12 11:07:23.669000,2025-12-15 00:00:00,Fulfilled,SILICON VALLEY NEWS-SFO AP|San Francisco|CA|94128|US,SILICON VALLEY NEWS-SFO AP,San Francisco,CA,94128,US,1801027,,CF-CAR-6-SEA-W Caramel - Red Hawaiian Salt Caramel 6PC,Sale,24.000000000,24.000000000,7.500000000,180.000000000,70.452167784,2025-12-18 15:06:06.435000
123110,1479786,2025-12-12 11:07:23.669000,2025-12-15 00:00:00,Fulfilled,SILICON VALLEY NEWS-SFO AP|San Francisco|CA|94128|US,SILICON VALLEY NEWS-SFO AP,San Francisco,CA,94128,US,1801758,,"TC-LSL-004, Vosges Maison Truffle Collection 4PC, Purple Box w/Ribbon",Sale,24.000000000,24.000000000,7.000000000,168.000000000,47.497331640,2025-12-18 15:06:06.435000
123111,1479787,2025-12-12 11:15:58.400000,2025-12-15 00:00:00,Fulfilled,SHOREPOINTS MARKET-EWR AIRPORT (T1)|DAYTON|NJ|08810|US,SHOREPOINTS MARKET-EWR AIRPORT (T1),DAYTON,NJ,08810,US,1801027,,CF-CAR-6-SEA-W Caramel - Red Hawaiian Salt Caramel 6PC,Sale,48.000000000,48.000000000,7.500000000,360.000000000,140.406529008,2025-12-18 14:57:04.112000
123111,1479787,2025-12-12 11:15:58.400000,2025-12-15 00:00:00,Fulfilled,SHOREPOINTS MARKET-EWR AIRPORT (T1)|DAYTON|NJ|08810|US,SHOREPOINTS MARKET-EWR AIRPORT (T1),DAYTON,NJ,08810,US,1801758,,"TC-LSL-004, Vosges Maison Truffle Collection 4PC, Purple Box w/Ribbon",Sale,48.000000000,48.000000000,7.000000000,336.000000000,102.546932353,2025-12-18 14:57:04.112000
123112,1479788,2025-12-12 11:18:58.371000,2025-12-15 00:00:00,Fulfilled,NATALIES CANDY AT SEA-TAC  AP|Seattle|WA|98158|US,NATALIES CANDY AT SEA-TAC  AP,Seattle,WA,98158,US,1801012,,"CB-EXO-PHC Bar - Pink Himalayan Crystal Salt Caramel Exotic Chocolate Bar, 3 oz.",Sale,12.000000000,12.000000000,5.040000000,60.480000000,17.112277476,2025-12-18 15:27:04.512000
123112,1479788,2025-12-12 11:18:58.371000,2025-12-15 00:00:00,Fulfilled,NATALIES CANDY AT SEA-TAC  AP|Seattle|WA|98158|US,NATALIES CANDY AT SEA-TAC  AP,Seattle,WA,98158,US,1801004,,"CB-SPD-BAN Bar - Coconut & Banana Super Dark Chocolate Bar, 3 oz.",Sale,12.000000000,12.000000000,5.040000000,60.480000000,19.999804032,2025-12-18 15:27:04.512000
123112,1479788,2025-12-12 11:18:58.371000,2025-12-15 00:00:00,Fulfilled,NATALIES CANDY AT SEA-TAC  AP|Seattle|WA|98158|US,NATALIES CANDY AT SEA-TAC  AP,Seattle,WA,98158,US,1801027,,CF-CAR-6-SEA-W Caramel - Red Hawaiian Salt Caramel 6PC,Sale,24.000000000,24.000000000,7.500000000,180.000000000,70.452167784,2025-12-18 15:27:04.512000
123112,1479788,2025-12-12 11:18:58.371000,2025-12-15 00:00:00,Fulfilled,NATALIES CANDY AT SEA-TAC  AP|Seattle|WA|98158|US,NATALIES CANDY AT SEA-TAC  AP,Seattle,WA,98158,US,1801758,,"TC-LSL-004, Vosges Maison Truffle Collection 4PC, Purple Box w/Ribbon",Sale,24.000000000,24.000000000,7.000000000,168.000000000,47.497331640,2025-12-18 15:27:04.512000
123113,1479789,2025-12-12 11:27:20.959000,2025-12-15 00:00:00,Fulfilled,0430 Motown Greatest Hits #430 Suite 3-2|Detroit|MI|48242|US,0430 Motown Greatest Hits #430 Suite 3-2,Detroit,MI,48242,US,1801009,,"CB-SPD-GRE Bar - Matcha Green Tea Chocolate Bar, 3 oz.",Sale,12.000000000,12.000000000,5.040000000,60.480000000,22.053203712,2025-12-18 15:06:04.407000
123113,1479789,2025-12-12 11:27:20.959000,2025-12-15 00:00:00,Fulfilled,0430 Motown Greatest Hits #430 Suite 3-2|Detroit|MI|48242|US,0430 Motown Greatest Hits #430 Suite 3-2,Detroit,MI,48242,US,1801027,,CF-CAR-6-SEA-W Caramel - Red Hawaiian Salt Caramel 6PC,Sale,24.000000000,24.000000000,7.500000000,180.000000000,70.452167784,2025-12-18 15:06:04.407000
123113,1479789,2025-12-12 11:27:20.959000,2025-12-15 00:00:00,Fulfilled,0430 Motown Greatest Hits #430 Suite 3-2|Detroit|MI|48242|US,0430 Motown Greatest Hits #430 Suite 3-2,Detroit,MI,48242,US,1801758,,"TC-LSL-004, Vosges Maison Truffle Collection 4PC, Purple Box w/Ribbon",Sale,24.000000000,24.000000000,7.000000000,168.000000000,47.497331640,2025-12-18 15:06:04.407000
123124,1479790,2025-12-12 11:30:37.147000,2025-12-15 00:00:00,Fulfilled,0449 EASTERN MARKET-DCA|Dayton|NJ|08810|US,0449 EASTERN MARKET-DCA,Dayton,NJ,08810,US,1801009,,"CB-SPD-GRE Bar - Matcha Green Tea Chocolate Bar, 3 oz.",Sale,12.000000000,12.000000000,5.040000000,60.480000000,22.053203712,2025-12-18 15:03:04.955000
123124,1479790,2025-12-12 11:30:37.147000,2025-12-15 00:00:00,Fulfilled,0449 EASTERN MARKET-DCA|Dayton|NJ|08810|US,0449 EASTERN MARKET-DCA,Dayton,NJ,08810,US,1801027,,CF-CAR-6-SEA-W Caramel - Red Hawaiian Salt Caramel 6PC,Sale,24.000000000,24.000000000,7.500000000,180.000000000,70.452167784,2025-12-18 15:03:04.955000
123124,1479790,2025-12-12 11:30:37.147000,2025-12-15 00:00:00,Fulfilled,0449 EASTERN MARKET-DCA|Dayton|NJ|08810|US,0449 EASTERN MARKET-DCA,Dayton,NJ,08810,US,1801758,,"TC-LSL-004, Vosges Maison Truffle Collection 4PC, Purple Box w/Ribbon",Sale,24.000000000,24.000000000,7.000000000,168.000000000,47.497331640,2025-12-18 15:03:04.955000
123144,1479791,2025-12-12 11:33:12.281000,2025-12-15 00:00:00,Fulfilled,TRAVEL + RIGHT-SLC|SALT LAKE CITY|UT|84116|US,TRAVEL + RIGHT-SLC,SALT LAKE CITY,UT,84116,US,1801009,,"CB-SPD-GRE Bar - Matcha Green Tea Chocolate Bar, 3 oz.",Sale,12.000000000,12.000000000,5.040000000,60.480000000,22.053203712,2025-12-18 15:27:05.011000
123144,1479791,2025-12-12 11:33:12.281000,2025-12-15 00:00:00,Fulfilled,TRAVEL + RIGHT-SLC|SALT LAKE CITY|UT|84116|US,TRAVEL + RIGHT-SLC,SALT LAKE CITY,UT,84116,US,1801022,,"CB-EXO-BAR Bar- Barcelona Exotic Chocolate Bar, 3oz",Sale,12.000000000,12.000000000,5.040000000,60.480000000,21.264954612,2025-12-18 15:27:05.011000
123144,1479791,2025-12-12 11:33:12.281000,2025-12-15 00:00:00,Fulfilled,TRAVEL + RIGHT-SLC|SALT LAKE CITY|UT|84116|US,TRAVEL + RIGHT-SLC,SALT LAKE CITY,UT,84116,US,1801027,,CF-CAR-6-SEA-W Caramel - Red Hawaiian Salt Caramel 6PC,Sale,24.000000000,24.000000000,7.500000000,180.000000000,70.452167784,2025-12-18 15:27:05.011000
123144,1479791,2025-12-12 11:33:12.281000,2025-12-15 00:00:00,Fulfilled,TRAVEL + RIGHT-SLC|SALT LAKE CITY|UT|84116|US,TRAVEL + RIGHT-SLC,SALT LAKE CITY,UT,84116,US,1801758,,"TC-LSL-004, Vosges Maison Truffle Collection 4PC, Purple Box w/Ribbon",Sale,24.000000000,24.000000000,7.000000000,168.000000000,47.497331640,2025-12-18 15:27:05.011000
123155,1479792,2025-12-12 11:35:10.544000,2025-12-15 00:00:00,Fulfilled,LA PALMAS OASIS-PSP AP|Palm Springs|CA|92262|US,LA PALMAS OASIS-PSP AP,Palm Springs,CA,92262,US,1801022,,"CB-EXO-BAR Bar- Barcelona Exotic Chocolate Bar, 3oz",Sale,12.000000000,12.000000000,5.040000000,60.480000000,21.264954612,2025-12-18 15:00:07.862000
123155,1479792,2025-12-12 11:35:10.544000,2025-12-15 00:00:00,Fulfilled,LA PALMAS OASIS-PSP AP|Palm Springs|CA|92262|US,LA PALMAS OASIS-PSP AP,Palm Springs,CA,92262,US,1801027,,CF-CAR-6-SEA-W Caramel - Red Hawaiian Salt Caramel 6PC,Sale,24.000000000,24.000000000,7.500000000,180.000000000,70.452167784,2025-12-20 23:06:50.710000
123155,1479792,2025-12-12 11:35:10.544000,2025-12-15 00:00:00,Fulfilled,LA PALMAS OASIS-PSP AP|Palm Springs|CA|92262|US,LA PALMAS OASIS-PSP AP,Palm Springs,CA,92262,US,1801758,,"TC-LSL-004, Vosges Maison Truffle Collection 4PC, Purple Box w/Ribbon",Sale,24.000000000,24.000000000,7.000000000,168.000000000,49.437572878,2025-12-18 15:00:07.862000
123172,1479793,2025-12-12 11:37:26.806000,2025-12-15 00:00:00,Fulfilled,LICK-DFW AIRPORT|DALLAS|TX|75261|US,LICK-DFW AIRPORT,DALLAS,TX,75261,US,1801027,,CF-CAR-6-SEA-W Caramel - Red Hawaiian Salt Caramel 6PC,Sale,24.000000000,24.000000000,7.500000000,180.000000000,70.203264504,2025-12-18 14:57:05.222000
123172,1479793,2025-12-12 11:37:26.806000,2025-12-15 00:00:00,Fulfilled,LICK-DFW AIRPORT|DALLAS|TX|75261|US,LICK-DFW AIRPORT,DALLAS,TX,75261,US,1801758,,"TC-LSL-004, Vosges Maison Truffle Collection 4PC, Purple Box w/Ribbon",Sale,24.000000000,24.000000000,7.000000000,168.000000000,51.079315464,2025-12-18 14:57:05.222000
123172,1479793,2025-12-12 11:37:26.806000,2025-12-15 00:00:00,Fulfilled,LICK-DFW AIRPORT|DALLAS|TX|75261|US,LICK-DFW AIRPORT,DALLAS,TX,75261,US,1801012,,"CB-EXO-PHC Bar - Pink Himalayan Crystal Salt Caramel Exotic Chocolate Bar, 3 oz.",Sale,12.000000000,12.000000000,5.040000000,60.480000000,17.112277476,2025-12-18 14:57:05.222000
123189,1479794,2025-12-12 11:39:09.545000,2025-12-15 00:00:00,Fulfilled,GOTHAM NEWS-MOYNIHAN TRAIN HALL|Dayton|NJ|08810|US,GOTHAM NEWS-MOYNIHAN TRAIN HALL,Dayton,NJ,08810,US,1801027,,CF-CAR-6-SEA-W Caramel - Red Hawaiian Salt Caramel 6PC,Sale,24.000000000,24.000000000,7.500000000,180.000000000,70.452167784,2025-12-18 15:27:06.043000
123189,1479794,2025-12-12 11:39:09.545000,2025-12-15 00:00:00,Fulfilled,GOTHAM NEWS-MOYNIHAN TRAIN HALL|Dayton|NJ|08810|US,GOTHAM NEWS-MOYNIHAN TRAIN HALL,Dayton,NJ,08810,US,1801758,,"TC-LSL-004, Vosges Maison Truffle Collection 4PC, Purple Box w/Ribbon",Sale,24.000000000,24.000000000,7.000000000,168.000000000,47.497331640,2025-12-18 15:27:06.043000
123189,1479794,2025-12-12 11:39:09.545000,2025-12-15 00:00:00,Fulfilled,GOTHAM NEWS-MOYNIHAN TRAIN HALL|Dayton|NJ|08810|US,GOTHAM NEWS-MOYNIHAN TRAIN HALL,Dayton,NJ,08810,US,1801012,,"CB-EXO-PHC Bar - Pink Himalayan Crystal Salt Caramel Exotic Chocolate Bar, 3 oz.",Sale,12.000000000,12.000000000,5.040000000,60.480000000,17.112277476,2025-12-18 15:27:06.043000
123189,1479794,2025-12-12 11:39:09.545000,2025-12-15 00:00:00,Fulfilled,GOTHAM NEWS-MOYNIHAN TRAIN HALL|Dayton|NJ|08810|US,GOTHAM NEWS-MOYNIHAN TRAIN HALL,Dayton,NJ,08810,US,1801004,,"CB-SPD-BAN Bar - Coconut & Banana Super Dark Chocolate Bar, 3 oz.",Sale,12.000000000,12.000000000,5.040000000,60.480000000,19.999804032,2025-12-18 15:27:06.043000
123189,1479794,2025-12-12 11:39:09.545000,2025-12-15 00:00:00,Fulfilled,GOTHAM NEWS-MOYNIHAN TRAIN HALL|Dayton|NJ|08810|US,GOTHAM NEWS-MOYNIHAN TRAIN HALL,Dayton,NJ,08810,US,1801022,,"CB-EXO-BAR Bar- Barcelona Exotic Chocolate Bar, 3oz",Sale,12.000000000,12.000000000,5.040000000,60.480000000,21.264954612,2025-12-18 15:27:06.043000
123196,1479795,2025-12-12 11:40:44.447000,2025-12-15 00:00:00,Fulfilled,0522 SLC Public Market-SPace #CAE 2-003|Salt Lake City|UT|84116|US,0522 SLC Public Market-SPace #CAE 2-003,Salt Lake City,UT,84116,US,1801027,,CF-CAR-6-SEA-W Caramel - Red Hawaiian Salt Caramel 6PC,Sale,24.000000000,24.000000000,7.500000000,180.000000000,70.203264504,2025-12-18 15:00:06.920000
123196,1479795,2025-12-12 11:40:44.447000,2025-12-15 00:00:00,Fulfilled,0522 SLC Public Market-SPace #CAE 2-003|Salt Lake City|UT|84116|US,0522 SLC Public Market-SPace #CAE 2-003,Salt Lake City,UT,84116,US,1801758,,"TC-LSL-004, Vosges Maison Truffle Collection 4PC, Purple Box w/Ribbon",Sale,24.000000000,24.000000000,7.000000000,168.000000000,51.079315464,2025-12-18 15:00:06.920000
123209,1479796,2025-12-12 11:43:17.584000,2025-12-15 00:00:00,Fulfilled,SIX POINTS MARKET-ORD AP|Chicago|IL|60666|US,SIX POINTS MARKET-ORD AP,Chicago,IL,60666,US,1801027,,CF-CAR-6-SEA-W Caramel - Red Hawaiian Salt Caramel 6PC,Sale,24.000000000,24.000000000,7.500000000,180.000000000,70.452167784,2025-12-18 15:06:05.153000
123209,1479796,2025-12-12 11:43:17.584000,2025-12-15 00:00:00,Fulfilled,SIX POINTS MARKET-ORD AP|Chicago|IL|60666|US,SIX POINTS MARKET-ORD AP,Chicago,IL,60666,US,1801758,,"TC-LSL-004, Vosges Maison Truffle Collection 4PC, Purple Box w/Ribbon",Sale,24.000000000,24.000000000,7.000000000,168.000000000,47.497331640,2025-12-18 15:06:05.153000
123209,1479796,2025-12-12 11:43:17.584000,2025-12-15 00:00:00,Fulfilled,SIX POINTS MARKET-ORD AP|Chicago|IL|60666|US,SIX POINTS MARKET-ORD AP,Chicago,IL,60666,US,1801012,,"CB-EXO-PHC Bar - Pink Himalayan Crystal Salt Caramel Exotic Chocolate Bar, 3 oz.",Sale,12.000000000,12.000000000,5.040000000,60.480000000,17.112277476,2025-12-18 15:06:05.153000
123209,1479796,2025-12-12 11:43:17.584000,2025-12-15 00:00:00,Fulfilled,SIX POINTS MARKET-ORD AP|Chicago|IL|60666|US,SIX POINTS MARKET-ORD AP,Chicago,IL,60666,US,1801021,,"CB-EXO-BAC Bar- Bacon Exotic Chocolate Bar, 3 oz",Sale,12.000000000,12.000000000,5.040000000,60.480000000,15.802801368,2025-12-18 15:06:05.153000
123209,1479796,2025-12-12 11:43:17.584000,2025-12-15 00:00:00,Fulfilled,SIX POINTS MARKET-ORD AP|Chicago|IL|60666|US,SIX POINTS MARKET-ORD AP,Chicago,IL,60666,US,1801022,,"CB-EXO-BAR Bar- Barcelona Exotic Chocolate Bar, 3oz",Sale,12.000000000,12.000000000,5.040000000,60.480000000,21.264954612,2025-12-18 15:06:05.153000
123226,1479797,2025-12-12 11:45:14.328000,2025-12-15 00:00:00,Fulfilled,UPTOWN KIOSK 2-PHX AP|Phoenix|AZ|85034|US,UPTOWN KIOSK 2-PHX AP,Phoenix,AZ,85034,US,1801027,,CF-CAR-6-SEA-W Caramel - Red Hawaiian Salt Caramel 6PC,Sale,24.000000000,24.000000000,7.500000000,180.000000000,70.203264504,2025-12-18 15:00:06.468000
123226,1479797,2025-12-12 11:45:14.328000,2025-12-15 00:00:00,Fulfilled,UPTOWN KIOSK 2-PHX AP|Phoenix|AZ|85034|US,UPTOWN KIOSK 2-PHX AP,Phoenix,AZ,85034,US,1801758,,"TC-LSL-004, Vosges Maison Truffle Collection 4PC, Purple Box w/Ribbon",Sale,24.000000000,24.000000000,7.000000000,168.000000000,51.079315464,2025-12-18 15:00:06.468000
123229,1479798,2025-12-12 11:49:55.943000,2025-12-15 00:00:00,Fulfilled,CAPITOL FILE-DCA AP (T-CNC-7)|Dayton|NJ|08810|US,CAPITOL FILE-DCA AP (T-CNC-7),Dayton,NJ,08810,US,1801027,,CF-CAR-6-SEA-W Caramel - Red Hawaiian Salt Caramel 6PC,Sale,24.000000000,24.000000000,7.500000000,180.000000000,70.452167784,2025-12-18 15:03:04.654000
123229,1479798,2025-12-12 11:49:55.943000,2025-12-15 00:00:00,Fulfilled,CAPITOL FILE-DCA AP (T-CNC-7)|Dayton|NJ|08810|US,CAPITOL FILE-DCA AP (T-CNC-7),Dayton,NJ,08810,US,1801758,,"TC-LSL-004, Vosges Maison Truffle Collection 4PC, Purple Box w/Ribbon",Sale,24.000000000,24.000000000,7.000000000,168.000000000,47.497331640,2025-12-18 15:03:04.654000
123229,1479798,2025-12-12 11:49:55.943000,2025-12-15 00:00:00,Fulfilled,CAPITOL FILE-DCA AP (T-CNC-7)|Dayton|NJ|08810|US,CAPITOL FILE-DCA AP (T-CNC-7),Dayton,NJ,08810,US,1801009,,"CB-SPD-GRE Bar - Matcha Green Tea Chocolate Bar, 3 oz.",Sale,12.000000000,12.000000000,5.040000000,60.480000000,22.053203712,2025-12-18 15:03:04.654000
123255,1479799,2025-12-12 11:52:05.987000,2025-12-15 00:00:00,Fulfilled,FLIGHT STOP-DEN AIRPORT (GATE 33 &  55)|Denver|CO|80203|US,FLIGHT STOP-DEN AIRPORT (GATE 33 &  55),Denver,CO,80203,US,1801027,,CF-CAR-6-SEA-W Caramel - Red Hawaiian Salt Caramel 6PC,Sale,24.000000000,24.000000000,7.500000000,180.000000000,70.452167784,2025-12-18 15:31:05.453000
123255,1479799,2025-12-12 11:52:05.987000,2025-12-15 00:00:00,Fulfilled,FLIGHT STOP-DEN AIRPORT (GATE 33 &  55)|Denver|CO|80203|US,FLIGHT STOP-DEN AIRPORT (GATE 33 &  55),Denver,CO,80203,US,1801758,,"TC-LSL-004, Vosges Maison Truffle Collection 4PC, Purple Box w/Ribbon",Sale,24.000000000,24.000000000,7.000000000,168.000000000,47.497331640,2025-12-18 15:31:05.453000
123255,1479799,2025-12-12 11:52:05.987000,2025-12-15 00:00:00,Fulfilled,FLIGHT STOP-DEN AIRPORT (GATE 33 &  55)|Denver|CO|80203|US,FLIGHT STOP-DEN AIRPORT (GATE 33 &  55),Denver,CO,80203,US,1801009,,"CB-SPD-GRE Bar - Matcha Green Tea Chocolate Bar, 3 oz.",Sale,12.000000000,12.000000000,5.040000000,60.480000000,22.053203712,2025-12-18 15:31:05.453000
123255,1479799,2025-12-12 11:52:05.987000,2025-12-15 00:00:00,Fulfilled,FLIGHT STOP-DEN AIRPORT (GATE 33 &  55)|Denver|CO|80203|US,FLIGHT STOP-DEN AIRPORT (GATE 33 &  55),Denver,CO,80203,US,1801012,,"CB-EXO-PHC Bar - Pink Himalayan Crystal Salt Caramel Exotic Chocolate Bar, 3 oz.",Sale,12.000000000,12.000000000,5.040000000,60.480000000,17.112277476,2025-12-18 15:31:05.453000
123255,1479799,2025-12-12 11:52:05.987000,2025-12-15 00:00:00,Fulfilled,FLIGHT STOP-DEN AIRPORT (GATE 33 &  55)|Denver|CO|80203|US,FLIGHT STOP-DEN AIRPORT (GATE 33 &  55),Denver,CO,80203,US,1801004,,"CB-SPD-BAN Bar - Coconut & Banana Super Dark Chocolate Bar, 3 oz.",Sale,12.000000000,12.000000000,5.040000000,60.480000000,19.999804032,2025-12-18 15:31:05.453000
123262,1479800,2025-12-12 11:53:50.168000,2025-12-15 00:00:00,Fulfilled,DISTRICT MARKET-SFO AP|San Francisco|CA|94128|US,DISTRICT MARKET-SFO AP,San Francisco,CA,94128,US,1801027,,CF-CAR-6-SEA-W Caramel - Red Hawaiian Salt Caramel 6PC,Sale,24.000000000,24.000000000,7.500000000,180.000000000,70.452167784,2025-12-18 15:03:04.330000
123262,1479800,2025-12-12 11:53:50.168000,2025-12-15 00:00:00,Fulfilled,DISTRICT MARKET-SFO AP|San Francisco|CA|94128|US,DISTRICT MARKET-SFO AP,San Francisco,CA,94128,US,1801758,,"TC-LSL-004, Vosges Maison Truffle Collection 4PC, Purple Box w/Ribbon",Sale,24.000000000,24.000000000,7.000000000,168.000000000,47.497331640,2025-12-18 15:03:04.330000
123262,1479800,2025-12-12 11:53:50.168000,2025-12-15 00:00:00,Fulfilled,DISTRICT MARKET-SFO AP|San Francisco|CA|94128|US,DISTRICT MARKET-SFO AP,San Francisco,CA,94128,US,1801009,,"CB-SPD-GRE Bar - Matcha Green Tea Chocolate Bar, 3 oz.",Sale,12.000000000,12.000000000,5.040000000,60.480000000,22.053203712,2025-12-18 15:03:04.330000
123269,1479801,2025-12-12 11:56:03.272000,2025-12-15 00:00:00,Fulfilled,LARIMER STREET MARKET-DEN AP|Denver|CO|80203|US,LARIMER STREET MARKET-DEN AP,Denver,CO,80203,US,1801027,,CF-CAR-6-SEA-W Caramel - Red Hawaiian Salt Caramel 6PC,Sale,24.000000000,24.000000000,7.500000000,180.000000000,70.452167784,2025-12-18 15:00:16.784000
123269,1479801,2025-12-12 11:56:03.272000,2025-12-15 00:00:00,Fulfilled,LARIMER STREET MARKET-DEN AP|Denver|CO|80203|US,LARIMER STREET MARKET-DEN AP,Denver,CO,80203,US,1801758,,"TC-LSL-004, Vosges Maison Truffle Collection 4PC, Purple Box w/Ribbon",Sale,24.000000000,24.000000000,7.000000000,168.000000000,47.497331640,2025-12-18 15:00:16.784000
123269,1479801,2025-12-12 11:56:03.272000,2025-12-15 00:00:00,Fulfilled,LARIMER STREET MARKET-DEN AP|Denver|CO|80203|US,LARIMER STREET MARKET-DEN AP,Denver,CO,80203,US,1801009,,"CB-SPD-GRE Bar - Matcha Green Tea Chocolate Bar, 3 oz.",Sale,12.000000000,12.000000000,5.040000000,60.480000000,22.053203712,2025-12-18 15:00:16.784000
123287,1479802,2025-12-12 11:57:31.170000,2025-12-15 00:00:00,Fulfilled,DISTRICT MARKET-LGA AP|Dayton|NJ|08810|US,DISTRICT MARKET-LGA AP,Dayton,NJ,08810,US,1801027,,CF-CAR-6-SEA-W Caramel - Red Hawaiian Salt Caramel 6PC,Sale,24.000000000,24.000000000,7.500000000,180.000000000,70.452167784,2025-12-18 15:03:03.779000
123287,1479802,2025-12-12 11:57:31.170000,2025-12-15 00:00:00,Fulfilled,DISTRICT MARKET-LGA AP|Dayton|NJ|08810|US,DISTRICT MARKET-LGA AP,Dayton,NJ,08810,US,1801758,,"TC-LSL-004, Vosges Maison Truffle Collection 4PC, Purple Box w/Ribbon",Sale,24.000000000,24.000000000,7.000000000,168.000000000,47.497331640,2025-12-18 15:03:03.779000
123287,1479802,2025-12-12 11:57:31.170000,2025-12-15 00:00:00,Fulfilled,DISTRICT MARKET-LGA AP|Dayton|NJ|08810|US,DISTRICT MARKET-LGA AP,Dayton,NJ,08810,US,1801009,,"CB-SPD-GRE Bar - Matcha Green Tea Chocolate Bar, 3 oz.",Sale,12.000000000,12.000000000,5.040000000,60.480000000,22.053203712,2025-12-18 15:03:03.779000
123301,1479803,2025-12-12 11:59:20.087000,2025-12-15 00:00:00,Fulfilled,CITY ARTS MARKET-MCO AP|Orlando|FL|32827|US,CITY ARTS MARKET-MCO AP,Orlando,FL,32827,US,1801027,,CF-CAR-6-SEA-W Caramel - Red Hawaiian Salt Caramel 6PC,Sale,24.000000000,24.000000000,7.500000000,180.000000000,70.203264504,2025-12-18 14:57:04.831000
123301,1479803,2025-12-12 11:59:20.087000,2025-12-15 00:00:00,Fulfilled,CITY ARTS MARKET-MCO AP|Orlando|FL|32827|US,CITY ARTS MARKET-MCO AP,Orlando,FL,32827,US,1801758,,"TC-LSL-004, Vosges Maison Truffle Collection 4PC, Purple Box w/Ribbon",Sale,24.000000000,24.000000000,7.000000000,168.000000000,51.079315464,2025-12-18 14:57:04.831000
123301,1479803,2025-12-12 11:59:20.087000,2025-12-15 00:00:00,Fulfilled,CITY ARTS MARKET-MCO AP|Orlando|FL|32827|US,CITY ARTS MARKET-MCO AP,Orlando,FL,32827,US,1801012,,"CB-EXO-PHC Bar - Pink Himalayan Crystal Salt Caramel Exotic Chocolate Bar, 3 oz.",Sale,12.000000000,12.000000000,5.040000000,60.480000000,17.112277476,2025-12-18 14:57:04.831000
123316,1479804,2025-12-12 12:00:43.420000,2025-12-15 00:00:00,Fulfilled,DISTRICT MARKET-BWI AIRPORT|DAYTON|NJ|08810|US,DISTRICT MARKET-BWI AIRPORT,DAYTON,NJ,08810,US,1801027,,CF-CAR-6-SEA-W Caramel - Red Hawaiian Salt Caramel 6PC,Sale,24.000000000,24.000000000,7.500000000,180.000000000,70.203264504,2025-12-18 15:00:05.905000
123316,1479804,2025-12-12 12:00:43.420000,2025-12-15 00:00:00,Fulfilled,DISTRICT MARKET-BWI AIRPORT|DAYTON|NJ|08810|US,DISTRICT MARKET-BWI AIRPORT,DAYTON,NJ,08810,US,1801758,,"TC-LSL-004, Vosges Maison Truffle Collection 4PC, Purple Box w/Ribbon",Sale,24.000000000,24.000000000,7.000000000,168.000000000,51.079315464,2025-12-18 15:00:05.905000
123111,1479787,2025-12-12 11:15:58.400000,2025-12-15 00:00:00,Fulfilled,SHOREPOINTS MARKET-EWR AIRPORT (T1)|DAYTON|NJ|08810|US,SHOREPOINTS MARKET-EWR AIRPORT (T1),DAYTON,NJ,08810,US,ShipStation Shipping,,ShipStation shipping amount Tracking: 396936596640,Sale,1.000000000,1.000000000,0E-9,0E-9,0E-9,2025-12-18 14:57:04.112000
123301,1479803,2025-12-12 11:59:20.087000,2025-12-15 00:00:00,Fulfilled,CITY ARTS MARKET-MCO AP|Orlando|FL|32827|US,CITY ARTS MARKET-MCO AP,Orlando,FL,32827,US,ShipStation Shipping,,ShipStation shipping amount Tracking: 396936630135,Sale,1.000000000,1.000000000,0E-9,0E-9,0E-9,2025-12-18 14:57:04.831000
123172,1479793,2025-12-12 11:37:26.806000,2025-12-15 00:00:00,Fulfilled,LICK-DFW AIRPORT|DALLAS|TX|75261|US,LICK-DFW AIRPORT,DALLAS,TX,75261,US,ShipStation Shipping,,ShipStation shipping amount Tracking: 396936683941,Sale,1.000000000,1.000000000,0E-9,0E-9,0E-9,2025-12-18 14:57:05.222000
123316,1479804,2025-12-12 12:00:43.420000,2025-12-15 00:00:00,Fulfilled,DISTRICT MARKET-BWI AIRPORT|DAYTON|NJ|08810|US,DISTRICT MARKET-BWI AIRPORT,DAYTON,NJ,08810,US,ShipStation Shipping,,ShipStation shipping amount Tracking: 396936757947,Sale,1.000000000,1.000000000,0E-9,0E-9,0E-9,2025-12-18 15:00:05.905000
123226,1479797,2025-12-12 11:45:14.328000,2025-12-15 00:00:00,Fulfilled,UPTOWN KIOSK 2-PHX AP|Phoenix|AZ|85034|US,UPTOWN KIOSK 2-PHX AP,Phoenix,AZ,85034,US,ShipStation Shipping,,ShipStation shipping amount Tracking: 396936806353,Sale,1.000000000,1.000000000,0E-9,0E-9,0E-9,2025-12-18 15:00:06.468000
123196,1479795,2025-12-12 11:40:44.447000,2025-12-15 00:00:00,Fulfilled,0522 SLC Public Market-SPace #CAE 2-003|Salt Lake City|UT|84116|US,0522 SLC Public Market-SPace #CAE 2-003,Salt Lake City,UT,84116,US,ShipStation Shipping,,ShipStation shipping amount Tracking: 396936839790,Sale,1.000000000,1.000000000,0E-9,0E-9,0E-9,2025-12-18 15:00:06.920000
123108,1479785,2025-12-12 11:03:07.496000,2025-12-15 00:00:00,Fulfilled,LA CONFIDENTIAL- LAX AP|El Segundo|CA|90245|US,LA CONFIDENTIAL- LAX AP,El Segundo,CA,90245,US,ShipStation Shipping,,ShipStation shipping amount Tracking: 396936869141,Sale,1.000000000,1.000000000,0E-9,0E-9,0E-9,2025-12-18 15:00:07.440000
123155,1479792,2025-12-12 11:35:10.544000,2025-12-15 00:00:00,Fulfilled,LA PALMAS OASIS-PSP AP|Palm Springs|CA|92262|US,LA PALMAS OASIS-PSP AP,Palm Springs,CA,92262,US,ShipStation Shipping,,ShipStation shipping amount Tracking: 396936896580,Sale,1.000000000,1.000000000,0E-9,0E-9,0E-9,2025-12-18 15:00:07.862000
123269,1479801,2025-12-12 11:56:03.272000,2025-12-15 00:00:00,Fulfilled,LARIMER STREET MARKET-DEN AP|Denver|CO|80203|US,LARIMER STREET MARKET-DEN AP,Denver,CO,80203,US,ShipStation Shipping,,ShipStation shipping amount Tracking: 396936928832,Sale,1.000000000,1.000000000,0E-9,0E-9,0E-9,2025-12-18 15:00:16.784000
123287,1479802,2025-12-12 11:57:31.170000,2025-12-15 00:00:00,Fulfilled,DISTRICT MARKET-LGA AP|Dayton|NJ|08810|US,DISTRICT MARKET-LGA AP,Dayton,NJ,08810,US,ShipStation Shipping,,ShipStation shipping amount Tracking: 396936978193,Sale,1.000000000,1.000000000,0E-9,0E-9,0E-9,2025-12-18 15:03:03.779000
123262,1479800,2025-12-12 11:53:50.168000,2025-12-15 00:00:00,Fulfilled,DISTRICT MARKET-SFO AP|San Francisco|CA|94128|US,DISTRICT MARKET-SFO AP,San Francisco,CA,94128,US,ShipStation Shipping,,ShipStation shipping amount Tracking: 396937010865,Sale,1.000000000,1.000000000,0E-9,0E-9,0E-9,2025-12-18 15:03:04.330000
123229,1479798,2025-12-12 11:49:55.943000,2025-12-15 00:00:00,Fulfilled,CAPITOL FILE-DCA AP (T-CNC-7)|Dayton|NJ|08810|US,CAPITOL FILE-DCA AP (T-CNC-7),Dayton,NJ,08810,US,ShipStation Shipping,,ShipStation shipping amount Tracking: 396937055275,Sale,1.000000000,1.000000000,0E-9,0E-9,0E-9,2025-12-18 15:03:04.654000
123124,1479790,2025-12-12 11:30:37.147000,2025-12-15 00:00:00,Fulfilled,0449 EASTERN MARKET-DCA|Dayton|NJ|08810|US,0449 EASTERN MARKET-DCA,Dayton,NJ,08810,US,ShipStation Shipping,,ShipStation shipping amount Tracking: 396937092935,Sale,1.000000000,1.000000000,0E-9,0E-9,0E-9,2025-12-18 15:03:04.955000
123113,1479789,2025-12-12 11:27:20.959000,2025-12-15 00:00:00,Fulfilled,0430 Motown Greatest Hits #430 Suite 3-2|Detroit|MI|48242|US,0430 Motown Greatest Hits #430 Suite 3-2,Detroit,MI,48242,US,ShipStation Shipping,,ShipStation shipping amount Tracking: 396937137740,Sale,1.000000000,1.000000000,0E-9,0E-9,0E-9,2025-12-18 15:06:04.407000
123209,1479796,2025-12-12 11:43:17.584000,2025-12-15 00:00:00,Fulfilled,SIX POINTS MARKET-ORD AP|Chicago|IL|60666|US,SIX POINTS MARKET-ORD AP,Chicago,IL,60666,US,ShipStation Shipping,,ShipStation shipping amount Tracking: 396937178393,Sale,1.000000000,1.000000000,0E-9,0E-9,0E-9,2025-12-18 15:06:05.153000
123106,1479784,2025-12-12 11:00:35.030000,2025-12-15 00:00:00,Fulfilled,THE BOWERY BAY SHOPS-LGA AP|Dayton|NJ|08810|US,THE BOWERY BAY SHOPS-LGA AP,Dayton,NJ,08810,US,ShipStation Shipping,,ShipStation shipping amount Tracking: 396937214936,Sale,1.000000000,1.000000000,0E-9,0E-9,0E-9,2025-12-18 15:06:05.736000
123110,1479786,2025-12-12 11:07:23.669000,2025-12-15 00:00:00,Fulfilled,SILICON VALLEY NEWS-SFO AP|San Francisco|CA|94128|US,SILICON VALLEY NEWS-SFO AP,San Francisco,CA,94128,US,ShipStation Shipping,,ShipStation shipping amount Tracking: 396937250912,Sale,1.000000000,1.000000000,0E-9,0E-9,0E-9,2025-12-18 15:06:06.435000
123112,1479788,2025-12-12 11:18:58.371000,2025-12-15 00:00:00,Fulfilled,NATALIES CANDY AT SEA-TAC  AP|Seattle|WA|98158|US,NATALIES CANDY AT SEA-TAC  AP,Seattle,WA,98158,US,ShipStation Shipping,,ShipStation shipping amount Tracking: 396938437148,Sale,1.000000000,1.000000000,0E-9,0E-9,0E-9,2025-12-18 15:27:04.512000
123144,1479791,2025-12-12 11:33:12.281000,2025-12-15 00:00:00,Fulfilled,TRAVEL + RIGHT-SLC|SALT LAKE CITY|UT|84116|US,TRAVEL + RIGHT-SLC,SALT LAKE CITY,UT,84116,US,ShipStation Shipping,,ShipStation shipping amount Tracking: 396938474760,Sale,1.000000000,1.000000000,0E-9,0E-9,0E-9,2025-12-18 15:27:05.011000
123189,1479794,2025-12-12 11:39:09.545000,2025-12-15 00:00:00,Fulfilled,GOTHAM NEWS-MOYNIHAN TRAIN HALL|Dayton|NJ|08810|US,GOTHAM NEWS-MOYNIHAN TRAIN HALL,Dayton,NJ,08810,US,ShipStation Shipping,,ShipStation shipping amount Tracking: 396938499661,Sale,1.000000000,1.000000000,0E-9,0E-9,0E-9,2025-12-18 15:27:06.043000
123255,1479799,2025-12-12 11:52:05.987000,2025-12-15 00:00:00,Fulfilled,FLIGHT STOP-DEN AIRPORT (GATE 33 &  55)|Denver|CO|80203|US,FLIGHT STOP-DEN AIRPORT (GATE 33 &  55),Denver,CO,80203,US,ShipStation Shipping,,ShipStation shipping amount Tracking: 396938539990,Sale,1.000000000,1.000000000,0E-9,0E-9,0E-9,2025-12-18 15:31:05.453000
137729,1480600,2026-01-09 10:27:46.801000,2026-01-12 00:00:00,Fulfilled,La Palmas Oasis -- PSP|Palm Springs|CA|92262|US,La Palmas Oasis -- PSP,Palm Springs,CA,92262,US,1801004,,"CB-SPD-BAN Bar - Coconut & Banana Super Dark Chocolate Bar, 3 oz.",Sale,12.000000000,12.000000000,5.040000000,60.480000000,19.999804032,2026-01-12 15:09:05.964000
137729,1480600,2026-01-09 10:27:46.801000,2026-01-12 00:00:00,Fulfilled,La Palmas Oasis -- PSP|Palm Springs|CA|92262|US,La Palmas Oasis -- PSP,Palm Springs,CA,92262,US,1801021,,"CB-EXO-BAC Bar- Bacon Exotic Chocolate Bar, 3 oz",Sale,12.000000000,12.000000000,5.040000000,60.480000000,20.807521032,2026-01-12 15:09:05.964000
137729,1480600,2026-01-09 10:27:46.801000,2026-01-12 00:00:00,Fulfilled,La Palmas Oasis -- PSP|Palm Springs|CA|92262|US,La Palmas Oasis -- PSP,Palm Springs,CA,92262,US,1801027,,CF-CAR-6-SEA-W Caramel - Red Hawaiian Salt Caramel 6PC,Sale,12.000000000,12.000000000,7.500000000,90.000000000,35.775906372,2026-01-12 15:09:05.964000
137729,1480600,2026-01-09 10:27:46.801000,2026-01-12 00:00:00,Fulfilled,La Palmas Oasis -- PSP|Palm Springs|CA|92262|US,La Palmas Oasis -- PSP,Palm Springs,CA,92262,US,1801758,,"TC-LSL-004, Vosges Maison Truffle Collection 4PC, Purple Box w/Ribbon",Sale,12.000000000,12.000000000,7.000000000,84.000000000,23.748665820,2026-01-12 15:09:05.964000
137730,1480601,2026-01-09 10:29:26.326000,2026-01-12 00:00:00,Fulfilled,CAPITOL FILE-DCA AP (T-CNC-7)|Dayton|NJ|08810|US,CAPITOL FILE-DCA AP (T-CNC-7),Dayton,NJ,08810,US,1801012,,"CB-EXO-PHC Bar - Pink Himalayan Crystal Salt Caramel Exotic Chocolate Bar, 3 oz.",Sale,12.000000000,12.000000000,5.040000000,60.480000000,17.112277476,2026-01-12 15:09:04.258000
137730,1480601,2026-01-09 10:29:26.326000,2026-01-12 00:00:00,Fulfilled,CAPITOL FILE-DCA AP (T-CNC-7)|Dayton|NJ|08810|US,CAPITOL FILE-DCA AP (T-CNC-7),Dayton,NJ,08810,US,1801004,,"CB-SPD-BAN Bar - Coconut & Banana Super Dark Chocolate Bar, 3 oz.",Sale,12.000000000,12.000000000,5.040000000,60.480000000,19.999804032,2026-01-12 15:09:04.258000
137730,1480601,2026-01-09 10:29:26.326000,2026-01-12 00:00:00,Fulfilled,CAPITOL FILE-DCA AP (T-CNC-7)|Dayton|NJ|08810|US,CAPITOL FILE-DCA AP (T-CNC-7),Dayton,NJ,08810,US,1801021,,"CB-EXO-BAC Bar- Bacon Exotic Chocolate Bar, 3 oz",Sale,24.000000000,24.000000000,5.040000000,120.960000000,41.615042064,2026-01-12 15:09:04.258000
137731,1480602,2026-01-09 10:31:21.727000,2026-01-12 00:00:00,Fulfilled,DISTRICT MARKET-SFO AP|San Francisco|CA|94128|US,DISTRICT MARKET-SFO AP,San Francisco,CA,94128,US,1801009,,"CB-SPD-GRE Bar - Matcha Green Tea Chocolate Bar, 3 oz.",Sale,12.000000000,12.000000000,5.040000000,60.480000000,22.786329012,2026-01-12 15:09:05.288000
137731,1480602,2026-01-09 10:31:21.727000,2026-01-12 00:00:00,Fulfilled,DISTRICT MARKET-SFO AP|San Francisco|CA|94128|US,DISTRICT MARKET-SFO AP,San Francisco,CA,94128,US,1801012,,"CB-EXO-PHC Bar - Pink Himalayan Crystal Salt Caramel Exotic Chocolate Bar, 3 oz.",Sale,12.000000000,12.000000000,5.040000000,60.480000000,17.112277476,2026-01-12 15:09:05.288000
137731,1480602,2026-01-09 10:31:21.727000,2026-01-12 00:00:00,Fulfilled,DISTRICT MARKET-SFO AP|San Francisco|CA|94128|US,DISTRICT MARKET-SFO AP,San Francisco,CA,94128,US,1801004,,"CB-SPD-BAN Bar - Coconut & Banana Super Dark Chocolate Bar, 3 oz.",Sale,24.000000000,24.000000000,5.040000000,120.960000000,39.999608064,2026-01-12 15:09:05.288000
137731,1480602,2026-01-09 10:31:21.727000,2026-01-12 00:00:00,Fulfilled,DISTRICT MARKET-SFO AP|San Francisco|CA|94128|US,DISTRICT MARKET-SFO AP,San Francisco,CA,94128,US,1801022,,"CB-EXO-BAR Bar- Barcelona Exotic Chocolate Bar, 3oz",Sale,12.000000000,12.000000000,5.040000000,60.480000000,21.264954612,2026-01-12 15:09:05.288000
137732,1480603,2026-01-09 10:32:55.328000,2026-01-12 00:00:00,Fulfilled,SHOREPOINTS MARKET-EWR AIRPORT (T1)|DAYTON|NJ|08810|US,SHOREPOINTS MARKET-EWR AIRPORT (T1),DAYTON,NJ,08810,US,1801009,,"CB-SPD-GRE Bar - Matcha Green Tea Chocolate Bar, 3 oz.",Sale,12.000000000,12.000000000,5.040000000,60.480000000,22.786329012,2026-01-12 15:09:06.383000
137732,1480603,2026-01-09 10:32:55.328000,2026-01-12 00:00:00,Fulfilled,SHOREPOINTS MARKET-EWR AIRPORT (T1)|DAYTON|NJ|08810|US,SHOREPOINTS MARKET-EWR AIRPORT (T1),DAYTON,NJ,08810,US,1801012,,"CB-EXO-PHC Bar - Pink Himalayan Crystal Salt Caramel Exotic Chocolate Bar, 3 oz.",Sale,12.000000000,12.000000000,5.040000000,60.480000000,17.112277476,2026-01-12 15:09:06.383000
137732,1480603,2026-01-09 10:32:55.328000,2026-01-12 00:00:00,Fulfilled,SHOREPOINTS MARKET-EWR AIRPORT (T1)|DAYTON|NJ|08810|US,SHOREPOINTS MARKET-EWR AIRPORT (T1),DAYTON,NJ,08810,US,1801027,,CF-CAR-6-SEA-W Caramel - Red Hawaiian Salt Caramel 6PC,Sale,12.000000000,12.000000000,7.500000000,90.000000000,35.775906372,2026-01-12 15:09:06.383000
137730,1480601,2026-01-09 10:29:26.326000,2026-01-12 00:00:00,Fulfilled,CAPITOL FILE-DCA AP (T-CNC-7)|Dayton|NJ|08810|US,CAPITOL FILE-DCA AP (T-CNC-7),Dayton,NJ,08810,US,ShipStation Shipping,,ShipStation shipping amount Tracking: 397689707370,Sale,1.000000000,1.000000000,0E-9,0E-9,0E-9,2026-01-12 15:09:04.258000
137731,1480602,2026-01-09 10:31:21.727000,2026-01-12 00:00:00,Fulfilled,DISTRICT MARKET-SFO AP|San Francisco|CA|94128|US,DISTRICT MARKET-SFO AP,San Francisco,CA,94128,US,ShipStation Shipping,,ShipStation shipping amount Tracking: 397689753667,Sale,1.000000000,1.000000000,0E-9,0E-9,0E-9,2026-01-12 15:09:05.288000
137729,1480600,2026-01-09 10:27:46.801000,2026-01-12 00:00:00,Fulfilled,La Palmas Oasis -- PSP|Palm Springs|CA|92262|US,La Palmas Oasis -- PSP,Palm Springs,CA,92262,US,ShipStation Shipping,,ShipStation shipping amount Tracking: 397689785695,Sale,1.000000000,1.000000000,0E-9,0E-9,0E-9,2026-01-12 15:09:05.964000
137732,1480603,2026-01-09 10:32:55.328000,2026-01-12 00:00:00,Fulfilled,SHOREPOINTS MARKET-EWR AIRPORT (T1)|DAYTON|NJ|08810|US,SHOREPOINTS MARKET-EWR AIRPORT (T1),DAYTON,NJ,08810,US,ShipStation Shipping,,ShipStation shipping amount Tracking: 397689802382,Sale,1.000000000,1.000000000,0E-9,0E-9,0E-9,2026-01-12 15:09:06.383000
140439,1480711,2026-01-23 09:54:04.939000,2026-01-27 00:00:00,Fulfilled,SIX POINTS MARKET-ORD AP|Chicago|IL|60666|US,SIX POINTS MARKET-ORD AP,Chicago,IL,60666,US,1801009,,"CB-SPD-GRE Bar - Matcha Green Tea Chocolate Bar, 3 oz.",Sale,12.000000000,12.000000000,5.040000000,60.480000000,22.786320000,2026-01-27 14:54:03.698000
140439,1480711,2026-01-23 09:54:04.939000,2026-01-27 00:00:00,Fulfilled,SIX POINTS MARKET-ORD AP|Chicago|IL|60666|US,SIX POINTS MARKET-ORD AP,Chicago,IL,60666,US,1801012,,"CB-EXO-PHC Bar - Pink Himalayan Crystal Salt Caramel Exotic Chocolate Bar, 3 oz.",Sale,24.000000000,24.000000000,5.040000000,120.960000000,37.341360000,2026-01-27 14:54:03.698000
140439,1480711,2026-01-23 09:54:04.939000,2026-01-27 00:00:00,Fulfilled,SIX POINTS MARKET-ORD AP|Chicago|IL|60666|US,SIX POINTS MARKET-ORD AP,Chicago,IL,60666,US,1801021,,"CB-EXO-BAC Bar- Bacon Exotic Chocolate Bar, 3 oz",Sale,12.000000000,12.000000000,5.040000000,60.480000000,20.807520000,2026-01-27 14:54:03.698000
140439,1480711,2026-01-23 09:54:04.939000,2026-01-27 00:00:00,Fulfilled,SIX POINTS MARKET-ORD AP|Chicago|IL|60666|US,SIX POINTS MARKET-ORD AP,Chicago,IL,60666,US,1801022,,"CB-EXO-BAR Bar- Barcelona Exotic Chocolate Bar, 3oz",Sale,12.000000000,12.000000000,5.040000000,60.480000000,21.264960000,2026-01-27 14:54:03.698000
140440,1480712,2026-01-23 09:59:54.495000,2026-01-27 00:00:00,Fulfilled,FLIGHT STOP-DEN AIRPORT (GATE 33 &  55)|Denver|CO|80203|US,FLIGHT STOP-DEN AIRPORT (GATE 33 &  55),Denver,CO,80203,US,1801004,,"CB-SPD-BAN Bar - Coconut & Banana Super Dark Chocolate Bar, 3 oz.",Sale,12.000000000,12.000000000,5.040000000,60.480000000,19.999800000,2026-01-27 14:54:02.556000
140440,1480712,2026-01-23 09:59:54.495000,2026-01-27 00:00:00,Fulfilled,FLIGHT STOP-DEN AIRPORT (GATE 33 &  55)|Denver|CO|80203|US,FLIGHT STOP-DEN AIRPORT (GATE 33 &  55),Denver,CO,80203,US,1801021,,"CB-EXO-BAC Bar- Bacon Exotic Chocolate Bar, 3 oz",Sale,12.000000000,12.000000000,5.040000000,60.480000000,20.807520000,2026-01-27 14:54:02.556000
140440,1480712,2026-01-23 09:59:54.495000,2026-01-27 00:00:00,Fulfilled,FLIGHT STOP-DEN AIRPORT (GATE 33 &  55)|Denver|CO|80203|US,FLIGHT STOP-DEN AIRPORT (GATE 33 &  55),Denver,CO,80203,US,1801027,,CF-CAR-6-SEA-W Caramel - Red Hawaiian Salt Caramel 6PC,Sale,12.000000000,12.000000000,7.500000000,90.000000000,35.775960000,2026-01-27 14:54:02.556000
140441,1480713,2026-01-23 10:29:23.066000,2026-01-27 00:00:00,Fulfilled,DISTRICT MARKET-SFO AP|San Francisco|CA|94128|US,DISTRICT MARKET-SFO AP,San Francisco,CA,94128,US,1801009,,"CB-SPD-GRE Bar - Matcha Green Tea Chocolate Bar, 3 oz.",Sale,12.000000000,12.000000000,5.040000000,60.480000000,22.786320000,2026-01-27 14:54:03.053000
140441,1480713,2026-01-23 10:29:23.066000,2026-01-27 00:00:00,Fulfilled,DISTRICT MARKET-SFO AP|San Francisco|CA|94128|US,DISTRICT MARKET-SFO AP,San Francisco,CA,94128,US,1801027,,CF-CAR-6-SEA-W Caramel - Red Hawaiian Salt Caramel 6PC,Sale,24.000000000,24.000000000,7.500000000,180.000000000,71.551920000,2026-01-27 14:54:03.053000
140442,1480714,2026-01-23 10:37:01.541000,2026-01-27 00:00:00,Fulfilled,DISTRICT MARKET-BWI AIRPORT|DAYTON|NJ|08810|US,DISTRICT MARKET-BWI AIRPORT,DAYTON,NJ,08810,US,1801009,,"CB-SPD-GRE Bar - Matcha Green Tea Chocolate Bar, 3 oz.",Sale,12.000000000,12.000000000,5.040000000,60.480000000,22.786320000,2026-01-27 14:54:07.867000
140442,1480714,2026-01-23 10:37:01.541000,2026-01-27 00:00:00,Fulfilled,DISTRICT MARKET-BWI AIRPORT|DAYTON|NJ|08810|US,DISTRICT MARKET-BWI AIRPORT,DAYTON,NJ,08810,US,1801012,,"CB-EXO-PHC Bar - Pink Himalayan Crystal Salt Caramel Exotic Chocolate Bar, 3 oz.",Sale,12.000000000,12.000000000,5.040000000,60.480000000,18.670680000,2026-01-27 14:54:07.867000
140442,1480714,2026-01-23 10:37:01.541000,2026-01-27 00:00:00,Fulfilled,DISTRICT MARKET-BWI AIRPORT|DAYTON|NJ|08810|US,DISTRICT MARKET-BWI AIRPORT,DAYTON,NJ,08810,US,1801004,,"CB-SPD-BAN Bar - Coconut & Banana Super Dark Chocolate Bar, 3 oz.",Sale,12.000000000,12.000000000,5.040000000,60.480000000,19.999800000,2026-01-27 14:54:07.867000
140442,1480714,2026-01-23 10:37:01.541000,2026-01-27 00:00:00,Fulfilled,DISTRICT MARKET-BWI AIRPORT|DAYTON|NJ|08810|US,DISTRICT MARKET-BWI AIRPORT,DAYTON,NJ,08810,US,1801022,,"CB-EXO-BAR Bar- Barcelona Exotic Chocolate Bar, 3oz",Sale,12.000000000,12.000000000,5.040000000,60.480000000,21.264960000,2026-01-27 14:54:07.867000
140443,1480715,2026-01-23 10:41:04.654000,2026-01-27 00:00:00,Fulfilled,NATALIES CANDY AT SEA-TAC  AP|Seattle|WA|98158|US,NATALIES CANDY AT SEA-TAC  AP,Seattle,WA,98158,US,1801009,,"CB-SPD-GRE Bar - Matcha Green Tea Chocolate Bar, 3 oz.",Sale,12.000000000,12.000000000,5.040000000,60.480000000,22.786320000,2026-01-27 14:51:05.526000
140443,1480715,2026-01-23 10:41:04.654000,2026-01-27 00:00:00,Fulfilled,NATALIES CANDY AT SEA-TAC  AP|Seattle|WA|98158|US,NATALIES CANDY AT SEA-TAC  AP,Seattle,WA,98158,US,1801012,,"CB-EXO-PHC Bar - Pink Himalayan Crystal Salt Caramel Exotic Chocolate Bar, 3 oz.",Sale,12.000000000,12.000000000,5.040000000,60.480000000,18.670680000,2026-01-27 14:51:05.526000
140443,1480715,2026-01-23 10:41:04.654000,2026-01-27 00:00:00,Fulfilled,NATALIES CANDY AT SEA-TAC  AP|Seattle|WA|98158|US,NATALIES CANDY AT SEA-TAC  AP,Seattle,WA,98158,US,1801004,,"CB-SPD-BAN Bar - Coconut & Banana Super Dark Chocolate Bar, 3 oz.",Sale,12.000000000,12.000000000,5.040000000,60.480000000,19.999800000,2026-01-27 14:51:05.526000
140443,1480715,2026-01-23 10:41:04.654000,2026-01-27 00:00:00,Fulfilled,NATALIES CANDY AT SEA-TAC  AP|Seattle|WA|98158|US,NATALIES CANDY AT SEA-TAC  AP,Seattle,WA,98158,US,1801027,,CF-CAR-6-SEA-W Caramel - Red Hawaiian Salt Caramel 6PC,Sale,12.000000000,12.000000000,7.500000000,90.000000000,35.775960000,2026-01-27 14:51:05.526000
140444,1480716,2026-01-23 10:43:19.199000,2026-01-27 00:00:00,Fulfilled,THE ARTS DISTRICT MARKET - SAN|SAN DIEGO|CA|92110|US,THE ARTS DISTRICT MARKET - SAN,SAN DIEGO,CA,92110,US,1801012,,"CB-EXO-PHC Bar - Pink Himalayan Crystal Salt Caramel Exotic Chocolate Bar, 3 oz.",Sale,12.000000000,12.000000000,5.040000000,60.480000000,18.670680000,2026-01-27 14:54:04.819000
140444,1480716,2026-01-23 10:43:19.199000,2026-01-27 00:00:00,Fulfilled,THE ARTS DISTRICT MARKET - SAN|SAN DIEGO|CA|92110|US,THE ARTS DISTRICT MARKET - SAN,SAN DIEGO,CA,92110,US,1801021,,"CB-EXO-BAC Bar- Bacon Exotic Chocolate Bar, 3 oz",Sale,12.000000000,12.000000000,5.040000000,60.480000000,20.807520000,2026-01-27 14:54:04.819000
140444,1480716,2026-01-23 10:43:19.199000,2026-01-27 00:00:00,Fulfilled,THE ARTS DISTRICT MARKET - SAN|SAN DIEGO|CA|92110|US,THE ARTS DISTRICT MARKET - SAN,SAN DIEGO,CA,92110,US,1801022,,"CB-EXO-BAR Bar- Barcelona Exotic Chocolate Bar, 3oz",Sale,24.000000000,24.000000000,5.040000000,120.960000000,42.529920000,2026-01-27 14:54:04.819000
140445,1480717,2026-01-23 10:44:57.002000,2026-01-27 00:00:00,Fulfilled,16TH & DOLORES-SFO AP (T2)|SAN FRANCISCO|CA|94128|US,16TH & DOLORES-SFO AP (T2),SAN FRANCISCO,CA,94128,US,1801009,,"CB-SPD-GRE Bar - Matcha Green Tea Chocolate Bar, 3 oz.",Sale,12.000000000,12.000000000,5.040000000,60.480000000,22.786320000,2026-01-27 14:54:08.244000
140445,1480717,2026-01-23 10:44:57.002000,2026-01-27 00:00:00,Fulfilled,16TH & DOLORES-SFO AP (T2)|SAN FRANCISCO|CA|94128|US,16TH & DOLORES-SFO AP (T2),SAN FRANCISCO,CA,94128,US,1801012,,"CB-EXO-PHC Bar - Pink Himalayan Crystal Salt Caramel Exotic Chocolate Bar, 3 oz.",Sale,12.000000000,12.000000000,5.040000000,60.480000000,18.670680000,2026-01-27 14:54:08.244000
140445,1480717,2026-01-23 10:44:57.002000,2026-01-27 00:00:00,Fulfilled,16TH & DOLORES-SFO AP (T2)|SAN FRANCISCO|CA|94128|US,16TH & DOLORES-SFO AP (T2),SAN FRANCISCO,CA,94128,US,1801004,,"CB-SPD-BAN Bar - Coconut & Banana Super Dark Chocolate Bar, 3 oz.",Sale,24.000000000,24.000000000,5.040000000,120.960000000,39.999600000,2026-01-27 14:54:08.244000
140446,1480718,2026-01-23 10:46:52.480000,2026-01-27 00:00:00,Fulfilled,MRG KANSAS CITY LLC - SPACE # CC2-090|KANSAS CITY|MO|64153|US,MRG KANSAS CITY LLC - SPACE # CC2-090,KANSAS CITY,MO,64153,US,1801009,,"CB-SPD-GRE Bar - Matcha Green Tea Chocolate Bar, 3 oz.",Sale,24.000000000,24.000000000,5.040000000,120.960000000,45.572640000,2026-01-27 14:54:08.541000
140446,1480718,2026-01-23 10:46:52.480000,2026-01-27 00:00:00,Fulfilled,MRG KANSAS CITY LLC - SPACE # CC2-090|KANSAS CITY|MO|64153|US,MRG KANSAS CITY LLC - SPACE # CC2-090,KANSAS CITY,MO,64153,US,1801012,,"CB-EXO-PHC Bar - Pink Himalayan Crystal Salt Caramel Exotic Chocolate Bar, 3 oz.",Sale,24.000000000,24.000000000,5.040000000,120.960000000,37.341360000,2026-01-27 14:54:08.541000
140443,1480715,2026-01-23 10:41:04.654000,2026-01-27 00:00:00,Fulfilled,NATALIES CANDY AT SEA-TAC  AP|Seattle|WA|98158|US,NATALIES CANDY AT SEA-TAC  AP,Seattle,WA,98158,US,ShipStation Shipping,,ShipStation shipping amount Tracking: 398162635786,Sale,1.000000000,1.000000000,0E-9,0E-9,0E-9,2026-01-27 14:51:05.526000
140440,1480712,2026-01-23 09:59:54.495000,2026-01-27 00:00:00,Fulfilled,FLIGHT STOP-DEN AIRPORT (GATE 33 &  55)|Denver|CO|80203|US,FLIGHT STOP-DEN AIRPORT (GATE 33 &  55),Denver,CO,80203,US,ShipStation Shipping,,ShipStation shipping amount Tracking: 398162660331,Sale,1.000000000,1.000000000,0E-9,0E-9,0E-9,2026-01-27 14:54:02.556000
140441,1480713,2026-01-23 10:29:23.066000,2026-01-27 00:00:00,Fulfilled,DISTRICT MARKET-SFO AP|San Francisco|CA|94128|US,DISTRICT MARKET-SFO AP,San Francisco,CA,94128,US,ShipStation Shipping,,ShipStation shipping amount Tracking: 398162671270,Sale,1.000000000,1.000000000,0E-9,0E-9,0E-9,2026-01-27 14:54:03.053000
140439,1480711,2026-01-23 09:54:04.939000,2026-01-27 00:00:00,Fulfilled,SIX POINTS MARKET-ORD AP|Chicago|IL|60666|US,SIX POINTS MARKET-ORD AP,Chicago,IL,60666,US,ShipStation Shipping,,ShipStation shipping amount Tracking: 398162679774,Sale,1.000000000,1.000000000,0E-9,0E-9,0E-9,2026-01-27 14:54:03.698000
140444,1480716,2026-01-23 10:43:19.199000,2026-01-27 00:00:00,Fulfilled,THE ARTS DISTRICT MARKET - SAN|SAN DIEGO|CA|92110|US,THE ARTS DISTRICT MARKET - SAN,SAN DIEGO,CA,92110,US,ShipStation Shipping,,ShipStation shipping amount Tracking: 398162694682,Sale,1.000000000,1.000000000,0E-9,0E-9,0E-9,2026-01-27 14:54:04.819000
140442,1480714,2026-01-23 10:37:01.541000,2026-01-27 00:00:00,Fulfilled,DISTRICT MARKET-BWI AIRPORT|DAYTON|NJ|08810|US,DISTRICT MARKET-BWI AIRPORT,DAYTON,NJ,08810,US,ShipStation Shipping,,ShipStation shipping amount Tracking: 398162750848,Sale,1.000000000,1.000000000,0E-9,0E-9,0E-9,2026-01-27 14:54:07.867000
140445,1480717,2026-01-23 10:44:57.002000,2026-01-27 00:00:00,Fulfilled,16TH & DOLORES-SFO AP (T2)|SAN FRANCISCO|CA|94128|US,16TH & DOLORES-SFO AP (T2),SAN FRANCISCO,CA,94128,US,ShipStation Shipping,,ShipStation shipping amount Tracking: 398162760779,Sale,1.000000000,1.000000000,0E-9,0E-9,0E-9,2026-01-27 14:54:08.244000
140446,1480718,2026-01-23 10:46:52.480000,2026-01-27 00:00:00,Fulfilled,MRG KANSAS CITY LLC - SPACE # CC2-090|KANSAS CITY|MO|64153|US,MRG KANSAS CITY LLC - SPACE # CC2-090,KANSAS CITY,MO,64153,US,ShipStation Shipping,,ShipStation shipping amount Tracking: 398162771158,Sale,1.000000000,1.000000000,0E-9,0E-9,0E-9,2026-01-27 14:54:08.541000
142140,1480779,2026-01-29 10:25:22.357000,2026-02-02 00:00:00,Fulfilled,#546 Eastbank Market|Portland|OR|97220|US,#546 Eastbank Market,Portland,OR,97220,US,1801009,,"CB-SPD-GRE Bar - Matcha Green Tea Chocolate Bar, 3 oz.",Sale,24.000000000,24.000000000,5.040000000,120.960000000,45.572640000,2026-02-02 14:42:08.128000
142140,1480779,2026-01-29 10:25:22.357000,2026-02-02 00:00:00,Fulfilled,#546 Eastbank Market|Portland|OR|97220|US,#546 Eastbank Market,Portland,OR,97220,US,1801012,,"CB-EXO-PHC Bar - Pink Himalayan Crystal Salt Caramel Exotic Chocolate Bar, 3 oz.",Sale,24.000000000,24.000000000,5.040000000,120.960000000,37.341360000,2026-02-02 14:42:08.128000
142140,1480779,2026-01-29 10:25:22.357000,2026-02-02 00:00:00,Fulfilled,#546 Eastbank Market|Portland|OR|97220|US,#546 Eastbank Market,Portland,OR,97220,US,1801004,,"CB-SPD-BAN Bar - Coconut & Banana Super Dark Chocolate Bar, 3 oz.",Sale,24.000000000,24.000000000,5.040000000,120.960000000,39.999600000,2026-02-02 14:42:08.128000
142140,1480779,2026-01-29 10:25:22.357000,2026-02-02 00:00:00,Fulfilled,#546 Eastbank Market|Portland|OR|97220|US,#546 Eastbank Market,Portland,OR,97220,US,1801021,,"CB-EXO-BAC Bar- Bacon Exotic Chocolate Bar, 3 oz",Sale,24.000000000,24.000000000,5.040000000,120.960000000,41.615040000,2026-02-02 14:42:08.128000
142140,1480779,2026-01-29 10:25:22.357000,2026-02-02 00:00:00,Fulfilled,#546 Eastbank Market|Portland|OR|97220|US,#546 Eastbank Market,Portland,OR,97220,US,1801022,,"CB-EXO-BAR Bar- Barcelona Exotic Chocolate Bar, 3oz",Sale,24.000000000,24.000000000,5.040000000,120.960000000,42.529920000,2026-02-02 14:42:08.128000
142140,1480779,2026-01-29 10:25:22.357000,2026-02-02 00:00:00,Fulfilled,#546 Eastbank Market|Portland|OR|97220|US,#546 Eastbank Market,Portland,OR,97220,US,1801027,,CF-CAR-6-SEA-W Caramel - Red Hawaiian Salt Caramel 6PC,Sale,24.000000000,24.000000000,7.500000000,180.000000000,71.551920000,2026-02-02 14:42:08.128000
142140,1480779,2026-01-29 10:25:22.357000,2026-02-02 00:00:00,Fulfilled,#546 Eastbank Market|Portland|OR|97220|US,#546 Eastbank Market,Portland,OR,97220,US,1801758,,"TC-LSL-004, Vosges Maison Truffle Collection 4PC, Purple Box w/Ribbon",Sale,24.000000000,24.000000000,7.000000000,168.000000000,47.497440000,2026-02-02 14:42:08.128000
142140,1480779,2026-01-29 10:25:22.357000,2026-02-02 00:00:00,Fulfilled,#546 Eastbank Market|Portland|OR|97220|US,#546 Eastbank Market,Portland,OR,97220,US,ShipStation Shipping,,ShipStation shipping amount Tracking: 398346741772,Sale,1.000000000,1.000000000,0E-9,0E-9,0E-9,2026-02-02 14:42:08.128000
145509,1480813,2026-02-05 16:35:02.521000,2026-02-16 00:00:00,Fulfilled,0440 DC ARTS DISTRICT MARKET-DCA|Dayton|NJ|08810|US,0440 DC ARTS DISTRICT MARKET-DCA,Dayton,NJ,08810,US,1801009,,"CB-SPD-GRE Bar - Matcha Green Tea Chocolate Bar, 3 oz.",Sale,12.000000000,12.000000000,5.040000000,60.480000000,22.786320000,2026-02-17 13:57:06.170000
145509,1480813,2026-02-05 16:35:02.521000,2026-02-16 00:00:00,Fulfilled,0440 DC ARTS DISTRICT MARKET-DCA|Dayton|NJ|08810|US,0440 DC ARTS DISTRICT MARKET-DCA,Dayton,NJ,08810,US,1801012,,"CB-EXO-PHC Bar - Pink Himalayan Crystal Salt Caramel Exotic Chocolate Bar, 3 oz.",Sale,12.000000000,12.000000000,5.040000000,60.480000000,18.670680000,2026-02-17 13:57:06.170000
145509,1480813,2026-02-05 16:35:02.521000,2026-02-16 00:00:00,Fulfilled,0440 DC ARTS DISTRICT MARKET-DCA|Dayton|NJ|08810|US,0440 DC ARTS DISTRICT MARKET-DCA,Dayton,NJ,08810,US,1801022,,"CB-EXO-BAR Bar- Barcelona Exotic Chocolate Bar, 3oz",Sale,24.000000000,24.000000000,5.040000000,120.960000000,42.529920000,2026-02-17 13:57:06.170000
145510,1480814,2026-02-05 16:37:09.360000,2026-02-16 00:00:00,Fulfilled,0449 EASTERN MARKET-DCA|Dayton|NJ|08810|US,0449 EASTERN MARKET-DCA,Dayton,NJ,08810,US,1801012,,"CB-EXO-PHC Bar - Pink Himalayan Crystal Salt Caramel Exotic Chocolate Bar, 3 oz.",Sale,12.000000000,12.000000000,5.040000000,60.480000000,18.670680000,2026-02-18 13:57:04.539000
145510,1480814,2026-02-05 16:37:09.360000,2026-02-16 00:00:00,Fulfilled,0449 EASTERN MARKET-DCA|Dayton|NJ|08810|US,0449 EASTERN MARKET-DCA,Dayton,NJ,08810,US,1801021,,"CB-EXO-BAC Bar- Bacon Exotic Chocolate Bar, 3 oz",Sale,12.000000000,12.000000000,5.040000000,60.480000000,20.807520000,2026-02-18 13:57:04.539000
145510,1480814,2026-02-05 16:37:09.360000,2026-02-16 00:00:00,Fulfilled,0449 EASTERN MARKET-DCA|Dayton|NJ|08810|US,0449 EASTERN MARKET-DCA,Dayton,NJ,08810,US,1801027,,CF-CAR-6-SEA-W Caramel - Red Hawaiian Salt Caramel 6PC,Sale,12.000000000,12.000000000,7.500000000,90.000000000,37.459320000,2026-02-18 13:57:04.539000
145513,1480815,2026-02-05 16:40:54.989000,2026-02-16 00:00:00,Fulfilled,La Palmas Oasis -- PSP|Palm Springs|CA|92262|US,La Palmas Oasis -- PSP,Palm Springs,CA,92262,US,1801009,,"CB-SPD-GRE Bar - Matcha Green Tea Chocolate Bar, 3 oz.",Sale,24.000000000,24.000000000,5.040000000,120.960000000,45.572640000,2026-02-17 13:57:06.545000
145513,1480815,2026-02-05 16:40:54.989000,2026-02-16 00:00:00,Fulfilled,La Palmas Oasis -- PSP|Palm Springs|CA|92262|US,La Palmas Oasis -- PSP,Palm Springs,CA,92262,US,1801012,,"CB-EXO-PHC Bar - Pink Himalayan Crystal Salt Caramel Exotic Chocolate Bar, 3 oz.",Sale,24.000000000,24.000000000,5.040000000,120.960000000,37.341360000,2026-02-17 13:57:06.545000
145513,1480815,2026-02-05 16:40:54.989000,2026-02-16 00:00:00,Fulfilled,La Palmas Oasis -- PSP|Palm Springs|CA|92262|US,La Palmas Oasis -- PSP,Palm Springs,CA,92262,US,1801004,,"CB-SPD-BAN Bar - Coconut & Banana Super Dark Chocolate Bar, 3 oz.",Sale,12.000000000,12.000000000,5.040000000,60.480000000,19.999800000,2026-02-17 13:57:06.545000
145514,1480816,2026-02-05 16:42:52.294000,2026-02-16 00:00:00,Fulfilled,GOTHAM NEWS-MOYNIHAN TRAIN HALL|Dayton|NJ|08810|US,GOTHAM NEWS-MOYNIHAN TRAIN HALL,Dayton,NJ,08810,US,1801009,,"CB-SPD-GRE Bar - Matcha Green Tea Chocolate Bar, 3 oz.",Sale,12.000000000,12.000000000,5.040000000,60.480000000,22.786320000,2026-02-18 13:57:03.758000
145514,1480816,2026-02-05 16:42:52.294000,2026-02-16 00:00:00,Fulfilled,GOTHAM NEWS-MOYNIHAN TRAIN HALL|Dayton|NJ|08810|US,GOTHAM NEWS-MOYNIHAN TRAIN HALL,Dayton,NJ,08810,US,1801027,,CF-CAR-6-SEA-W Caramel - Red Hawaiian Salt Caramel 6PC,Sale,24.000000000,24.000000000,7.500000000,180.000000000,74.918640000,2026-02-18 13:57:03.758000
145515,1480817,2026-02-05 16:44:35.739000,2026-02-16 00:00:00,Fulfilled,MADE IN KC- MCI AP|Kansas City|MO|64153|US,MADE IN KC- MCI AP,Kansas City,MO,64153,US,1801009,,"CB-SPD-GRE Bar - Matcha Green Tea Chocolate Bar, 3 oz.",Sale,24.000000000,24.000000000,5.040000000,120.960000000,45.572640000,2026-02-17 13:57:06.889000
145515,1480817,2026-02-05 16:44:35.739000,2026-02-16 00:00:00,Fulfilled,MADE IN KC- MCI AP|Kansas City|MO|64153|US,MADE IN KC- MCI AP,Kansas City,MO,64153,US,1801012,,"CB-EXO-PHC Bar - Pink Himalayan Crystal Salt Caramel Exotic Chocolate Bar, 3 oz.",Sale,12.000000000,12.000000000,5.040000000,60.480000000,18.670680000,2026-02-17 13:57:06.889000
145515,1480817,2026-02-05 16:44:35.739000,2026-02-16 00:00:00,Fulfilled,MADE IN KC- MCI AP|Kansas City|MO|64153|US,MADE IN KC- MCI AP,Kansas City,MO,64153,US,1801004,,"CB-SPD-BAN Bar - Coconut & Banana Super Dark Chocolate Bar, 3 oz.",Sale,12.000000000,12.000000000,5.040000000,60.480000000,19.999800000,2026-02-17 13:57:06.889000
145516,1480818,2026-02-05 16:52:09.011000,2026-02-16 00:00:00,Fulfilled,UPTOWN KIOSK 2-PHX AP|Phoenix|AZ|85034|US,UPTOWN KIOSK 2-PHX AP,Phoenix,AZ,85034,US,1801012,,"CB-EXO-PHC Bar - Pink Himalayan Crystal Salt Caramel Exotic Chocolate Bar, 3 oz.",Sale,12.000000000,12.000000000,5.040000000,60.480000000,18.670680000,2026-02-17 15:13:54.767000
145516,1480818,2026-02-05 16:52:09.011000,2026-02-16 00:00:00,Fulfilled,UPTOWN KIOSK 2-PHX AP|Phoenix|AZ|85034|US,UPTOWN KIOSK 2-PHX AP,Phoenix,AZ,85034,US,1801004,,"CB-SPD-BAN Bar - Coconut & Banana Super Dark Chocolate Bar, 3 oz.",Sale,12.000000000,12.000000000,5.040000000,60.480000000,19.999800000,2026-02-17 15:13:54.767000
145516,1480818,2026-02-05 16:52:09.011000,2026-02-16 00:00:00,Fulfilled,UPTOWN KIOSK 2-PHX AP|Phoenix|AZ|85034|US,UPTOWN KIOSK 2-PHX AP,Phoenix,AZ,85034,US,1801021,,"CB-EXO-BAC Bar- Bacon Exotic Chocolate Bar, 3 oz",Sale,12.000000000,12.000000000,5.040000000,60.480000000,20.807520000,2026-02-17 15:13:54.767000
145516,1480818,2026-02-05 16:52:09.011000,2026-02-16 00:00:00,Fulfilled,UPTOWN KIOSK 2-PHX AP|Phoenix|AZ|85034|US,UPTOWN KIOSK 2-PHX AP,Phoenix,AZ,85034,US,1801027,,CF-CAR-6-SEA-W Caramel - Red Hawaiian Salt Caramel 6PC,Sale,12.000000000,12.000000000,7.500000000,90.000000000,37.459320000,2026-02-17 15:13:54.767000
145517,1480819,2026-02-05 16:53:47.285000,2026-02-16 00:00:00,Fulfilled,DISTRICT MARKET-SFO AP|San Francisco|CA|94128|US,DISTRICT MARKET-SFO AP,San Francisco,CA,94128,US,1801012,,"CB-EXO-PHC Bar - Pink Himalayan Crystal Salt Caramel Exotic Chocolate Bar, 3 oz.",Sale,12.000000000,12.000000000,5.040000000,60.480000000,18.670680000,2026-02-17 15:13:54.064000
145517,1480819,2026-02-05 16:53:47.285000,2026-02-16 00:00:00,Fulfilled,DISTRICT MARKET-SFO AP|San Francisco|CA|94128|US,DISTRICT MARKET-SFO AP,San Francisco,CA,94128,US,1801004,,"CB-SPD-BAN Bar - Coconut & Banana Super Dark Chocolate Bar, 3 oz.",Sale,12.000000000,12.000000000,5.040000000,60.480000000,19.999800000,2026-02-17 15:13:54.064000
145517,1480819,2026-02-05 16:53:47.285000,2026-02-16 00:00:00,Fulfilled,DISTRICT MARKET-SFO AP|San Francisco|CA|94128|US,DISTRICT MARKET-SFO AP,San Francisco,CA,94128,US,1801758,,"TC-LSL-004, Vosges Maison Truffle Collection 4PC, Purple Box w/Ribbon",Sale,12.000000000,12.000000000,7.000000000,84.000000000,23.748720000,2026-02-17 15:13:54.064000
145519,1480820,2026-02-05 16:56:48.081000,2026-02-16 00:00:00,Fulfilled,NATALIES CANDY AT SEA-TAC  AP|Seattle|WA|98158|US,NATALIES CANDY AT SEA-TAC  AP,Seattle,WA,98158,US,1801027,,CF-CAR-6-SEA-W Caramel - Red Hawaiian Salt Caramel 6PC,Sale,12.000000000,12.000000000,7.500000000,90.000000000,37.459320000,2026-02-18 13:57:04.883000
145519,1480820,2026-02-05 16:56:48.081000,2026-02-16 00:00:00,Fulfilled,NATALIES CANDY AT SEA-TAC  AP|Seattle|WA|98158|US,NATALIES CANDY AT SEA-TAC  AP,Seattle,WA,98158,US,1801758,,"TC-LSL-004, Vosges Maison Truffle Collection 4PC, Purple Box w/Ribbon",Sale,24.000000000,24.000000000,7.000000000,168.000000000,47.497440000,2026-02-18 13:57:04.883000
145520,1480821,2026-02-05 16:58:33.133000,2026-02-16 00:00:00,Fulfilled,SHOREPOINTS MARKET-EWR AP|Dayton|NJ|08810|US,SHOREPOINTS MARKET-EWR AP,Dayton,NJ,08810,US,1801009,,"CB-SPD-GRE Bar - Matcha Green Tea Chocolate Bar, 3 oz.",Sale,12.000000000,12.000000000,5.040000000,60.480000000,22.786320000,2026-02-18 13:57:04.070000
145520,1480821,2026-02-05 16:58:33.133000,2026-02-16 00:00:00,Fulfilled,SHOREPOINTS MARKET-EWR AP|Dayton|NJ|08810|US,SHOREPOINTS MARKET-EWR AP,Dayton,NJ,08810,US,1801004,,"CB-SPD-BAN Bar - Coconut & Banana Super Dark Chocolate Bar, 3 oz.",Sale,12.000000000,12.000000000,5.040000000,60.480000000,19.999800000,2026-02-18 13:57:04.070000
145520,1480821,2026-02-05 16:58:33.133000,2026-02-16 00:00:00,Fulfilled,SHOREPOINTS MARKET-EWR AP|Dayton|NJ|08810|US,SHOREPOINTS MARKET-EWR AP,Dayton,NJ,08810,US,1801027,,CF-CAR-6-SEA-W Caramel - Red Hawaiian Salt Caramel 6PC,Sale,12.000000000,12.000000000,7.500000000,90.000000000,37.459320000,2026-02-18 13:57:04.070000
145520,1480821,2026-02-05 16:58:33.133000,2026-02-16 00:00:00,Fulfilled,SHOREPOINTS MARKET-EWR AP|Dayton|NJ|08810|US,SHOREPOINTS MARKET-EWR AP,Dayton,NJ,08810,US,1801758,,"TC-LSL-004, Vosges Maison Truffle Collection 4PC, Purple Box w/Ribbon",Sale,12.000000000,12.000000000,7.000000000,84.000000000,23.748720000,2026-02-18 13:57:04.070000
145521,1480822,2026-02-05 17:01:11.431000,2026-02-16 00:00:00,Fulfilled,Fuel @ DTW-A|Detroit|MI|48242|US,Fuel @ DTW-A,Detroit,MI,48242,US,1801009,,"CB-SPD-GRE Bar - Matcha Green Tea Chocolate Bar, 3 oz.",Sale,24.000000000,24.000000000,5.040000000,120.960000000,45.572640000,2026-02-17 13:57:05.201000
145521,1480822,2026-02-05 17:01:11.431000,2026-02-16 00:00:00,Fulfilled,Fuel @ DTW-A|Detroit|MI|48242|US,Fuel @ DTW-A,Detroit,MI,48242,US,1801012,,"CB-EXO-PHC Bar - Pink Himalayan Crystal Salt Caramel Exotic Chocolate Bar, 3 oz.",Sale,24.000000000,24.000000000,5.040000000,120.960000000,37.341360000,2026-02-17 13:57:05.201000
145521,1480822,2026-02-05 17:01:11.431000,2026-02-16 00:00:00,Fulfilled,Fuel @ DTW-A|Detroit|MI|48242|US,Fuel @ DTW-A,Detroit,MI,48242,US,1801004,,"CB-SPD-BAN Bar - Coconut & Banana Super Dark Chocolate Bar, 3 oz.",Sale,24.000000000,24.000000000,5.040000000,120.960000000,39.999600000,2026-02-17 13:57:05.201000
145521,1480822,2026-02-05 17:01:11.431000,2026-02-16 00:00:00,Fulfilled,Fuel @ DTW-A|Detroit|MI|48242|US,Fuel @ DTW-A,Detroit,MI,48242,US,1801021,,"CB-EXO-BAC Bar- Bacon Exotic Chocolate Bar, 3 oz",Sale,24.000000000,24.000000000,5.040000000,120.960000000,41.615040000,2026-02-17 13:57:05.201000
145521,1480822,2026-02-05 17:01:11.431000,2026-02-16 00:00:00,Fulfilled,Fuel @ DTW-A|Detroit|MI|48242|US,Fuel @ DTW-A,Detroit,MI,48242,US,1801022,,"CB-EXO-BAR Bar- Barcelona Exotic Chocolate Bar, 3oz",Sale,24.000000000,24.000000000,5.040000000,120.960000000,42.529920000,2026-02-17 13:57:05.201000
145521,1480822,2026-02-05 17:01:11.431000,2026-02-16 00:00:00,Fulfilled,Fuel @ DTW-A|Detroit|MI|48242|US,Fuel @ DTW-A,Detroit,MI,48242,US,ShipStation Shipping,,ShipStation shipping amount Tracking: 398826152992,Sale,1.000000000,1.000000000,0E-9,0E-9,0E-9,2026-02-17 13:57:05.201000
145509,1480813,2026-02-05 16:35:02.521000,2026-02-16 00:00:00,Fulfilled,0440 DC ARTS DISTRICT MARKET-DCA|Dayton|NJ|08810|US,0440 DC ARTS DISTRICT MARKET-DCA,Dayton,NJ,08810,US,ShipStation Shipping,,ShipStation shipping amount Tracking: 398826167469,Sale,1.000000000,1.000000000,0E-9,0E-9,0E-9,2026-02-17 13:57:06.170000
145513,1480815,2026-02-05 16:40:54.989000,2026-02-16 00:00:00,Fulfilled,La Palmas Oasis -- PSP|Palm Springs|CA|92262|US,La Palmas Oasis -- PSP,Palm Springs,CA,92262,US,ShipStation Shipping,,ShipStation shipping amount Tracking: 398826182973,Sale,1.000000000,1.000000000,0E-9,0E-9,0E-9,2026-02-17 13:57:06.545000
145515,1480817,2026-02-05 16:44:35.739000,2026-02-16 00:00:00,Fulfilled,MADE IN KC- MCI AP|Kansas City|MO|64153|US,MADE IN KC- MCI AP,Kansas City,MO,64153,US,ShipStation Shipping,,ShipStation shipping amount Tracking: 398826198836,Sale,1.000000000,1.000000000,0E-9,0E-9,0E-9,2026-02-17 13:57:06.889000
145517,1480819,2026-02-05 16:53:47.285000,2026-02-16 00:00:00,Fulfilled,DISTRICT MARKET-SFO AP|San Francisco|CA|94128|US,DISTRICT MARKET-SFO AP,San Francisco,CA,94128,US,ShipStation Shipping,,ShipStation shipping amount Tracking: 398826634585,Sale,1.000000000,1.000000000,0E-9,0E-9,0E-9,2026-02-17 15:13:54.064000
145516,1480818,2026-02-05 16:52:09.011000,2026-02-16 00:00:00,Fulfilled,UPTOWN KIOSK 2-PHX AP|Phoenix|AZ|85034|US,UPTOWN KIOSK 2-PHX AP,Phoenix,AZ,85034,US,ShipStation Shipping,,ShipStation shipping amount Tracking: 398826641440,Sale,1.000000000,1.000000000,0E-9,0E-9,0E-9,2026-02-17 15:13:54.767000
145514,1480816,2026-02-05 16:42:52.294000,2026-02-16 00:00:00,Fulfilled,GOTHAM NEWS-MOYNIHAN TRAIN HALL|Dayton|NJ|08810|US,GOTHAM NEWS-MOYNIHAN TRAIN HALL,Dayton,NJ,08810,US,ShipStation Shipping,,ShipStation shipping amount Tracking: 398865155624,Sale,1.000000000,1.000000000,0E-9,0E-9,0E-9,2026-02-18 13:57:03.758000
145520,1480821,2026-02-05 16:58:33.133000,2026-02-16 00:00:00,Fulfilled,SHOREPOINTS MARKET-EWR AP|Dayton|NJ|08810|US,SHOREPOINTS MARKET-EWR AP,Dayton,NJ,08810,US,ShipStation Shipping,,ShipStation shipping amount Tracking: 398865165934,Sale,1.000000000,1.000000000,0E-9,0E-9,0E-9,2026-02-18 13:57:04.070000
145510,1480814,2026-02-05 16:37:09.360000,2026-02-16 00:00:00,Fulfilled,0449 EASTERN MARKET-DCA|Dayton|NJ|08810|US,0449 EASTERN MARKET-DCA,Dayton,NJ,08810,US,ShipStation Shipping,,ShipStation shipping amount Tracking: 398865178224,Sale,1.000000000,1.000000000,0E-9,0E-9,0E-9,2026-02-18 13:57:04.539000
145519,1480820,2026-02-05 16:56:48.081000,2026-02-16 00:00:00,Fulfilled,NATALIES CANDY AT SEA-TAC  AP|Seattle|WA|98158|US,NATALIES CANDY AT SEA-TAC  AP,Seattle,WA,98158,US,ShipStation Shipping,,ShipStation shipping amount Tracking: 398865197035,Sale,1.000000000,1.000000000,0E-9,0E-9,0E-9,2026-02-18 13:57:04.883000
150548,1480892,2026-02-20 07:35:29.713000,2026-02-25 00:00:00,Fulfilled,TRAVEL + RIGHT-SLC|SALT LAKE CITY|UT|84116|US,TRAVEL + RIGHT-SLC,SALT LAKE CITY,UT,84116,US,1801009,,"CB-SPD-GRE Bar - Matcha Green Tea Chocolate Bar, 3 oz.",Sale,12.000000000,12.000000000,5.040000000,60.480000000,21.719383608,2026-02-25 14:45:56.663000
150548,1480892,2026-02-20 07:35:29.713000,2026-02-25 00:00:00,Fulfilled,TRAVEL + RIGHT-SLC|SALT LAKE CITY|UT|84116|US,TRAVEL + RIGHT-SLC,SALT LAKE CITY,UT,84116,US,1801012,,"CB-EXO-PHC Bar - Pink Himalayan Crystal Salt Caramel Exotic Chocolate Bar, 3 oz.",Sale,12.000000000,12.000000000,5.040000000,60.480000000,18.670680000,2026-02-25 14:45:56.663000
150548,1480892,2026-02-20 07:35:29.713000,2026-02-25 00:00:00,Fulfilled,TRAVEL + RIGHT-SLC|SALT LAKE CITY|UT|84116|US,TRAVEL + RIGHT-SLC,SALT LAKE CITY,UT,84116,US,1801021,,"CB-EXO-BAC Bar- Bacon Exotic Chocolate Bar, 3 oz",Sale,24.000000000,24.000000000,5.040000000,120.960000000,41.615040000,2026-02-25 14:45:56.663000
150549,1480893,2026-02-20 07:39:54.931000,2026-02-25 00:00:00,Fulfilled,SIX POINTS MARKET-ORD AP|Chicago|IL|60666|US,SIX POINTS MARKET-ORD AP,Chicago,IL,60666,US,1801027,,CF-CAR-6-SEA-W Caramel - Red Hawaiian Salt Caramel 6PC,Sale,12.000000000,12.000000000,7.500000000,90.000000000,35.792483268,2026-02-25 14:46:00.282000
150549,1480893,2026-02-20 07:39:54.931000,2026-02-25 00:00:00,Fulfilled,SIX POINTS MARKET-ORD AP|Chicago|IL|60666|US,SIX POINTS MARKET-ORD AP,Chicago,IL,60666,US,1801758,,"TC-LSL-004, Vosges Maison Truffle Collection 4PC, Purple Box w/Ribbon",Sale,24.000000000,24.000000000,7.000000000,168.000000000,48.829766712,2026-02-25 14:46:00.282000
150550,1480894,2026-02-20 07:41:44.257000,2026-02-25 00:00:00,Fulfilled,UPTOWN KIOSK 2-PHX AP|Phoenix|AZ|85034|US,UPTOWN KIOSK 2-PHX AP,Phoenix,AZ,85034,US,1801009,,"CB-SPD-GRE Bar - Matcha Green Tea Chocolate Bar, 3 oz.",Sale,12.000000000,12.000000000,5.040000000,60.480000000,21.719383608,2026-02-25 14:45:57.622000
150550,1480894,2026-02-20 07:41:44.257000,2026-02-25 00:00:00,Fulfilled,UPTOWN KIOSK 2-PHX AP|Phoenix|AZ|85034|US,UPTOWN KIOSK 2-PHX AP,Phoenix,AZ,85034,US,1801012,,"CB-EXO-PHC Bar - Pink Himalayan Crystal Salt Caramel Exotic Chocolate Bar, 3 oz.",Sale,12.000000000,12.000000000,5.040000000,60.480000000,18.670680000,2026-02-25 14:45:57.622000
150550,1480894,2026-02-20 07:41:44.257000,2026-02-25 00:00:00,Fulfilled,UPTOWN KIOSK 2-PHX AP|Phoenix|AZ|85034|US,UPTOWN KIOSK 2-PHX AP,Phoenix,AZ,85034,US,1801022,,"CB-EXO-BAR Bar- Barcelona Exotic Chocolate Bar, 3oz",Sale,24.000000000,24.000000000,5.040000000,120.960000000,42.529920000,2026-02-25 14:45:57.622000
150551,1480895,2026-02-20 07:43:47.478000,2026-02-25 00:00:00,Fulfilled,DISTRICT MARKET-SFO AP|San Francisco|CA|94128|US,DISTRICT MARKET-SFO AP,San Francisco,CA,94128,US,1801009,,"CB-SPD-GRE Bar - Matcha Green Tea Chocolate Bar, 3 oz.",Sale,12.000000000,12.000000000,5.040000000,60.480000000,21.719383608,2026-02-25 14:45:58.298000
150551,1480895,2026-02-20 07:43:47.478000,2026-02-25 00:00:00,Fulfilled,DISTRICT MARKET-SFO AP|San Francisco|CA|94128|US,DISTRICT MARKET-SFO AP,San Francisco,CA,94128,US,1801012,,"CB-EXO-PHC Bar - Pink Himalayan Crystal Salt Caramel Exotic Chocolate Bar, 3 oz.",Sale,12.000000000,12.000000000,5.040000000,60.480000000,18.670680000,2026-02-25 14:45:58.298000
150551,1480895,2026-02-20 07:43:47.478000,2026-02-25 00:00:00,Fulfilled,DISTRICT MARKET-SFO AP|San Francisco|CA|94128|US,DISTRICT MARKET-SFO AP,San Francisco,CA,94128,US,1801004,,"CB-SPD-BAN Bar - Coconut & Banana Super Dark Chocolate Bar, 3 oz.",Sale,12.000000000,12.000000000,5.040000000,60.480000000,19.239001524,2026-02-25 14:45:58.298000
150551,1480895,2026-02-20 07:43:47.478000,2026-02-25 00:00:00,Fulfilled,DISTRICT MARKET-SFO AP|San Francisco|CA|94128|US,DISTRICT MARKET-SFO AP,San Francisco,CA,94128,US,1801022,,"CB-EXO-BAR Bar- Barcelona Exotic Chocolate Bar, 3oz",Sale,12.000000000,12.000000000,5.040000000,60.480000000,21.264960000,2026-02-25 14:45:58.298000
150551,1480895,2026-02-20 07:43:47.478000,2026-02-25 00:00:00,Fulfilled,DISTRICT MARKET-SFO AP|San Francisco|CA|94128|US,DISTRICT MARKET-SFO AP,San Francisco,CA,94128,US,1801027,,CF-CAR-6-SEA-W Caramel - Red Hawaiian Salt Caramel 6PC,Sale,24.000000000,24.000000000,7.500000000,180.000000000,71.584966536,2026-02-25 14:45:58.298000
150552,1480896,2026-02-20 07:45:50.155000,2026-02-25 00:00:00,Fulfilled,CITY ARTS MARKET-MCO AP|Orlando|FL|32827|US,CITY ARTS MARKET-MCO AP,Orlando,FL,32827,US,1801012,,"CB-EXO-PHC Bar - Pink Himalayan Crystal Salt Caramel Exotic Chocolate Bar, 3 oz.",Sale,12.000000000,12.000000000,5.040000000,60.480000000,18.670680000,2026-02-25 14:45:59.046000
150552,1480896,2026-02-20 07:45:50.155000,2026-02-25 00:00:00,Fulfilled,CITY ARTS MARKET-MCO AP|Orlando|FL|32827|US,CITY ARTS MARKET-MCO AP,Orlando,FL,32827,US,1801004,,"CB-SPD-BAN Bar - Coconut & Banana Super Dark Chocolate Bar, 3 oz.",Sale,12.000000000,12.000000000,5.040000000,60.480000000,19.239001524,2026-02-25 14:45:59.046000
150552,1480896,2026-02-20 07:45:50.155000,2026-02-25 00:00:00,Fulfilled,CITY ARTS MARKET-MCO AP|Orlando|FL|32827|US,CITY ARTS MARKET-MCO AP,Orlando,FL,32827,US,1801021,,"CB-EXO-BAC Bar- Bacon Exotic Chocolate Bar, 3 oz",Sale,12.000000000,12.000000000,5.040000000,60.480000000,20.807520000,2026-02-25 14:45:59.046000
150552,1480896,2026-02-20 07:45:50.155000,2026-02-25 00:00:00,Fulfilled,CITY ARTS MARKET-MCO AP|Orlando|FL|32827|US,CITY ARTS MARKET-MCO AP,Orlando,FL,32827,US,1801022,,"CB-EXO-BAR Bar- Barcelona Exotic Chocolate Bar, 3oz",Sale,12.000000000,12.000000000,5.040000000,60.480000000,21.264960000,2026-02-25 14:45:59.046000
150552,1480896,2026-02-20 07:45:50.155000,2026-02-25 00:00:00,Fulfilled,CITY ARTS MARKET-MCO AP|Orlando|FL|32827|US,CITY ARTS MARKET-MCO AP,Orlando,FL,32827,US,1801027,,CF-CAR-6-SEA-W Caramel - Red Hawaiian Salt Caramel 6PC,Sale,12.000000000,12.000000000,7.500000000,90.000000000,35.792483268,2026-02-25 14:45:59.046000
150553,1480897,2026-02-20 07:49:13.854000,2026-02-25 00:00:00,Fulfilled,THE BOWERY BAY SHOPS-LGA AP|Dayton|NJ|08810|US,THE BOWERY BAY SHOPS-LGA AP,Dayton,NJ,08810,US,1801012,,"CB-EXO-PHC Bar - Pink Himalayan Crystal Salt Caramel Exotic Chocolate Bar, 3 oz.",Sale,12.000000000,12.000000000,5.040000000,60.480000000,18.670680000,2026-02-25 14:54:02.481000
150553,1480897,2026-02-20 07:49:13.854000,2026-02-25 00:00:00,Fulfilled,THE BOWERY BAY SHOPS-LGA AP|Dayton|NJ|08810|US,THE BOWERY BAY SHOPS-LGA AP,Dayton,NJ,08810,US,1801004,,"CB-SPD-BAN Bar - Coconut & Banana Super Dark Chocolate Bar, 3 oz.",Sale,12.000000000,12.000000000,5.040000000,60.480000000,19.239001524,2026-02-25 14:54:02.481000
150553,1480897,2026-02-20 07:49:13.854000,2026-02-25 00:00:00,Fulfilled,THE BOWERY BAY SHOPS-LGA AP|Dayton|NJ|08810|US,THE BOWERY BAY SHOPS-LGA AP,Dayton,NJ,08810,US,1801021,,"CB-EXO-BAC Bar- Bacon Exotic Chocolate Bar, 3 oz",Sale,12.000000000,12.000000000,5.040000000,60.480000000,20.807520000,2026-02-25 14:54:02.481000
150553,1480897,2026-02-20 07:49:13.854000,2026-02-25 00:00:00,Fulfilled,THE BOWERY BAY SHOPS-LGA AP|Dayton|NJ|08810|US,THE BOWERY BAY SHOPS-LGA AP,Dayton,NJ,08810,US,1801758,,"TC-LSL-004, Vosges Maison Truffle Collection 4PC, Purple Box w/Ribbon",Sale,12.000000000,12.000000000,7.000000000,84.000000000,24.414883356,2026-02-25 14:54:02.481000
150554,1480898,2026-02-20 07:50:46.854000,2026-02-25 00:00:00,Fulfilled,SILICON VALLEY NEWS-SFO AP|San Francisco|CA|94128|US,SILICON VALLEY NEWS-SFO AP,San Francisco,CA,94128,US,1801009,,"CB-SPD-GRE Bar - Matcha Green Tea Chocolate Bar, 3 oz.",Sale,12.000000000,12.000000000,5.040000000,60.480000000,21.719383608,2026-02-25 14:54:01.755000
150554,1480898,2026-02-20 07:50:46.854000,2026-02-25 00:00:00,Fulfilled,SILICON VALLEY NEWS-SFO AP|San Francisco|CA|94128|US,SILICON VALLEY NEWS-SFO AP,San Francisco,CA,94128,US,1801012,,"CB-EXO-PHC Bar - Pink Himalayan Crystal Salt Caramel Exotic Chocolate Bar, 3 oz.",Sale,24.000000000,24.000000000,5.040000000,120.960000000,37.341360000,2026-02-25 14:54:01.755000
150554,1480898,2026-02-20 07:50:46.854000,2026-02-25 00:00:00,Fulfilled,SILICON VALLEY NEWS-SFO AP|San Francisco|CA|94128|US,SILICON VALLEY NEWS-SFO AP,San Francisco,CA,94128,US,1801021,,"CB-EXO-BAC Bar- Bacon Exotic Chocolate Bar, 3 oz",Sale,12.000000000,12.000000000,5.040000000,60.480000000,20.807520000,2026-02-25 14:54:01.755000
150554,1480898,2026-02-20 07:50:46.854000,2026-02-25 00:00:00,Fulfilled,SILICON VALLEY NEWS-SFO AP|San Francisco|CA|94128|US,SILICON VALLEY NEWS-SFO AP,San Francisco,CA,94128,US,1801027,,CF-CAR-6-SEA-W Caramel - Red Hawaiian Salt Caramel 6PC,Sale,12.000000000,12.000000000,7.500000000,90.000000000,35.792483268,2026-02-25 14:54:01.755000
150555,1480900,2026-02-20 07:53:29.744000,2026-02-25 00:00:00,Fulfilled,NATALIES CANDY AT SEA-TAC  AP|Seattle|WA|98158|US,NATALIES CANDY AT SEA-TAC  AP,Seattle,WA,98158,US,1801012,,"CB-EXO-PHC Bar - Pink Himalayan Crystal Salt Caramel Exotic Chocolate Bar, 3 oz.",Sale,12.000000000,12.000000000,5.040000000,60.480000000,18.670680000,2026-02-25 14:45:57.280000
150555,1480900,2026-02-20 07:53:29.744000,2026-02-25 00:00:00,Fulfilled,NATALIES CANDY AT SEA-TAC  AP|Seattle|WA|98158|US,NATALIES CANDY AT SEA-TAC  AP,Seattle,WA,98158,US,1801004,,"CB-SPD-BAN Bar - Coconut & Banana Super Dark Chocolate Bar, 3 oz.",Sale,12.000000000,12.000000000,5.040000000,60.480000000,19.239001524,2026-02-25 14:45:57.280000
150555,1480900,2026-02-20 07:53:29.744000,2026-02-25 00:00:00,Fulfilled,NATALIES CANDY AT SEA-TAC  AP|Seattle|WA|98158|US,NATALIES CANDY AT SEA-TAC  AP,Seattle,WA,98158,US,1801021,,"CB-EXO-BAC Bar- Bacon Exotic Chocolate Bar, 3 oz",Sale,24.000000000,24.000000000,5.040000000,120.960000000,41.615040000,2026-02-25 14:45:57.280000
150556,1480901,2026-02-20 07:55:12.368000,2026-02-25 00:00:00,Fulfilled,0449 EASTERN MARKET-DCA|Dayton|NJ|08810|US,0449 EASTERN MARKET-DCA,Dayton,NJ,08810,US,1801009,,"CB-SPD-GRE Bar - Matcha Green Tea Chocolate Bar, 3 oz.",Sale,12.000000000,12.000000000,5.040000000,60.480000000,21.719383608,2026-02-25 14:46:01.115000
150556,1480901,2026-02-20 07:55:12.368000,2026-02-25 00:00:00,Fulfilled,0449 EASTERN MARKET-DCA|Dayton|NJ|08810|US,0449 EASTERN MARKET-DCA,Dayton,NJ,08810,US,1801004,,"CB-SPD-BAN Bar - Coconut & Banana Super Dark Chocolate Bar, 3 oz.",Sale,12.000000000,12.000000000,5.040000000,60.480000000,19.239001524,2026-02-25 14:46:01.115000
150556,1480901,2026-02-20 07:55:12.368000,2026-02-25 00:00:00,Fulfilled,0449 EASTERN MARKET-DCA|Dayton|NJ|08810|US,0449 EASTERN MARKET-DCA,Dayton,NJ,08810,US,1801027,,CF-CAR-6-SEA-W Caramel - Red Hawaiian Salt Caramel 6PC,Sale,12.000000000,12.000000000,7.500000000,90.000000000,35.792483268,2026-02-25 14:46:01.115000
150556,1480901,2026-02-20 07:55:12.368000,2026-02-25 00:00:00,Fulfilled,0449 EASTERN MARKET-DCA|Dayton|NJ|08810|US,0449 EASTERN MARKET-DCA,Dayton,NJ,08810,US,1801758,,"TC-LSL-004, Vosges Maison Truffle Collection 4PC, Purple Box w/Ribbon",Sale,12.000000000,12.000000000,7.000000000,84.000000000,24.414883356,2026-02-25 14:46:01.115000
150605,1480909,2026-02-20 15:25:30.418000,2026-02-25 00:00:00,Fulfilled,PENN'S LANDING PHL|Dayton|NJ|08811|US,PENN'S LANDING PHL,Dayton,NJ,08811,US,1801009,,"CB-SPD-GRE Bar - Matcha Green Tea Chocolate Bar, 3 oz.",Sale,24.000000000,24.000000000,5.040000000,120.960000000,43.438767216,2026-02-25 15:00:58.678000
150605,1480909,2026-02-20 15:25:30.418000,2026-02-25 00:00:00,Fulfilled,PENN'S LANDING PHL|Dayton|NJ|08811|US,PENN'S LANDING PHL,Dayton,NJ,08811,US,1801012,,"CB-EXO-PHC Bar - Pink Himalayan Crystal Salt Caramel Exotic Chocolate Bar, 3 oz.",Sale,24.000000000,24.000000000,5.040000000,120.960000000,37.341360000,2026-02-25 15:00:58.678000
150605,1480909,2026-02-20 15:25:30.418000,2026-02-25 00:00:00,Fulfilled,PENN'S LANDING PHL|Dayton|NJ|08811|US,PENN'S LANDING PHL,Dayton,NJ,08811,US,1801004,,"CB-SPD-BAN Bar - Coconut & Banana Super Dark Chocolate Bar, 3 oz.",Sale,24.000000000,24.000000000,5.040000000,120.960000000,38.478003048,2026-02-25 15:00:58.678000
150605,1480909,2026-02-20 15:25:30.418000,2026-02-25 00:00:00,Fulfilled,PENN'S LANDING PHL|Dayton|NJ|08811|US,PENN'S LANDING PHL,Dayton,NJ,08811,US,1801021,,"CB-EXO-BAC Bar- Bacon Exotic Chocolate Bar, 3 oz",Sale,24.000000000,24.000000000,5.040000000,120.960000000,41.615040000,2026-02-25 15:00:58.678000
150605,1480909,2026-02-20 15:25:30.418000,2026-02-25 00:00:00,Fulfilled,PENN'S LANDING PHL|Dayton|NJ|08811|US,PENN'S LANDING PHL,Dayton,NJ,08811,US,1801022,,"CB-EXO-BAR Bar- Barcelona Exotic Chocolate Bar, 3oz",Sale,24.000000000,24.000000000,5.040000000,120.960000000,42.529920000,2026-02-25 15:00:58.678000
150605,1480909,2026-02-20 15:25:30.418000,2026-02-25 00:00:00,Fulfilled,PENN'S LANDING PHL|Dayton|NJ|08811|US,PENN'S LANDING PHL,Dayton,NJ,08811,US,1801027,,CF-CAR-6-SEA-W Caramel - Red Hawaiian Salt Caramel 6PC,Sale,24.000000000,24.000000000,7.500000000,180.000000000,71.584966536,2026-02-25 15:00:58.678000
150605,1480909,2026-02-20 15:25:30.418000,2026-02-25 00:00:00,Fulfilled,PENN'S LANDING PHL|Dayton|NJ|08811|US,PENN'S LANDING PHL,Dayton,NJ,08811,US,1801758,,"TC-LSL-004, Vosges Maison Truffle Collection 4PC, Purple Box w/Ribbon",Sale,24.000000000,24.000000000,7.000000000,168.000000000,48.829766712,2026-02-25 15:00:58.678000
150548,1480892,2026-02-20 07:35:29.713000,2026-02-25 00:00:00,Fulfilled,TRAVEL + RIGHT-SLC|SALT LAKE CITY|UT|84116|US,TRAVEL + RIGHT-SLC,SALT LAKE CITY,UT,84116,US,ShipStation Shipping,,ShipStation shipping amount Tracking: 399085888985,Sale,1.000000000,1.000000000,0E-9,0E-9,0E-9,2026-02-25 14:45:56.663000
150555,1480900,2026-02-20 07:53:29.744000,2026-02-25 00:00:00,Fulfilled,NATALIES CANDY AT SEA-TAC  AP|Seattle|WA|98158|US,NATALIES CANDY AT SEA-TAC  AP,Seattle,WA,98158,US,ShipStation Shipping,,ShipStation shipping amount Tracking: 399085902824,Sale,1.000000000,1.000000000,0E-9,0E-9,0E-9,2026-02-25 14:45:57.280000
150550,1480894,2026-02-20 07:41:44.257000,2026-02-25 00:00:00,Fulfilled,UPTOWN KIOSK 2-PHX AP|Phoenix|AZ|85034|US,UPTOWN KIOSK 2-PHX AP,Phoenix,AZ,85034,US,ShipStation Shipping,,ShipStation shipping amount Tracking: 399085914200,Sale,1.000000000,1.000000000,0E-9,0E-9,0E-9,2026-02-25 14:45:57.622000
150551,1480895,2026-02-20 07:43:47.478000,2026-02-25 00:00:00,Fulfilled,DISTRICT MARKET-SFO AP|San Francisco|CA|94128|US,DISTRICT MARKET-SFO AP,San Francisco,CA,94128,US,ShipStation Shipping,,ShipStation shipping amount Tracking: 399085925582,Sale,1.000000000,1.000000000,0E-9,0E-9,0E-9,2026-02-25 14:45:58.298000
150552,1480896,2026-02-20 07:45:50.155000,2026-02-25 00:00:00,Fulfilled,CITY ARTS MARKET-MCO AP|Orlando|FL|32827|US,CITY ARTS MARKET-MCO AP,Orlando,FL,32827,US,ShipStation Shipping,,ShipStation shipping amount Tracking: 399085931728,Sale,1.000000000,1.000000000,0E-9,0E-9,0E-9,2026-02-25 14:45:59.046000
150549,1480893,2026-02-20 07:39:54.931000,2026-02-25 00:00:00,Fulfilled,SIX POINTS MARKET-ORD AP|Chicago|IL|60666|US,SIX POINTS MARKET-ORD AP,Chicago,IL,60666,US,ShipStation Shipping,,ShipStation shipping amount Tracking: 399085958551,Sale,1.000000000,1.000000000,0E-9,0E-9,0E-9,2026-02-25 14:46:00.282000
150556,1480901,2026-02-20 07:55:12.368000,2026-02-25 00:00:00,Fulfilled,0449 EASTERN MARKET-DCA|Dayton|NJ|08810|US,0449 EASTERN MARKET-DCA,Dayton,NJ,08810,US,ShipStation Shipping,,ShipStation shipping amount Tracking: 399085987168,Sale,1.000000000,1.000000000,0E-9,0E-9,0E-9,2026-02-25 14:46:01.115000
150554,1480898,2026-02-20 07:50:46.854000,2026-02-25 00:00:00,Fulfilled,SILICON VALLEY NEWS-SFO AP|San Francisco|CA|94128|US,SILICON VALLEY NEWS-SFO AP,San Francisco,CA,94128,US,ShipStation Shipping,,ShipStation shipping amount Tracking: 399086351991,Sale,1.000000000,1.000000000,0E-9,0E-9,0E-9,2026-02-25 14:54:01.755000
150553,1480897,2026-02-20 07:49:13.854000,2026-02-25 00:00:00,Fulfilled,THE BOWERY BAY SHOPS-LGA AP|Dayton|NJ|08810|US,THE BOWERY BAY SHOPS-LGA AP,Dayton,NJ,08810,US,ShipStation Shipping,,ShipStation shipping amount Tracking: 399086364866,Sale,1.000000000,1.000000000,0E-9,0E-9,0E-9,2026-02-25 14:54:02.481000
150605,1480909,2026-02-20 15:25:30.418000,2026-02-25 00:00:00,Fulfilled,PENN'S LANDING PHL|Dayton|NJ|08811|US,PENN'S LANDING PHL,Dayton,NJ,08811,US,ShipStation Shipping,,ShipStation shipping amount Tracking: 399086698726,Sale,1.000000000,1.000000000,0E-9,0E-9,0E-9,2026-02-25 15:00:58.678000
151773,1480980,2026-03-04 13:55:02.675000,2026-03-09 00:00:00,Fulfilled,DEPARTURES AT SFO AP|San Francisco|CA|94128|US,DEPARTURES AT SFO AP,San Francisco,CA,94128,US,1801009,,"CB-SPD-GRE Bar - Matcha Green Tea Chocolate Bar, 3 oz.",Sale,12.000000000,12.000000000,5.040000000,60.480000000,21.282219576,2026-03-09 15:24:02.201000
151773,1480980,2026-03-04 13:55:02.675000,2026-03-09 00:00:00,Fulfilled,DEPARTURES AT SFO AP|San Francisco|CA|94128|US,DEPARTURES AT SFO AP,San Francisco,CA,94128,US,1801012,,"CB-EXO-PHC Bar - Pink Himalayan Crystal Salt Caramel Exotic Chocolate Bar, 3 oz.",Sale,12.000000000,12.000000000,5.040000000,60.480000000,18.670680000,2026-03-09 15:24:02.201000
151773,1480980,2026-03-04 13:55:02.675000,2026-03-09 00:00:00,Fulfilled,DEPARTURES AT SFO AP|San Francisco|CA|94128|US,DEPARTURES AT SFO AP,San Francisco,CA,94128,US,1801004,,"CB-SPD-BAN Bar - Coconut & Banana Super Dark Chocolate Bar, 3 oz.",Sale,12.000000000,12.000000000,5.040000000,60.480000000,19.239001524,2026-03-09 15:24:02.201000
151773,1480980,2026-03-04 13:55:02.675000,2026-03-09 00:00:00,Fulfilled,DEPARTURES AT SFO AP|San Francisco|CA|94128|US,DEPARTURES AT SFO AP,San Francisco,CA,94128,US,1801021,,"CB-EXO-BAC Bar- Bacon Exotic Chocolate Bar, 3 oz",Sale,12.000000000,12.000000000,5.040000000,60.480000000,20.807520000,2026-03-09 15:24:02.201000
151773,1480980,2026-03-04 13:55:02.675000,2026-03-09 00:00:00,Fulfilled,DEPARTURES AT SFO AP|San Francisco|CA|94128|US,DEPARTURES AT SFO AP,San Francisco,CA,94128,US,1801022,,"CB-EXO-BAR Bar- Barcelona Exotic Chocolate Bar, 3oz",Sale,12.000000000,12.000000000,5.040000000,60.480000000,21.264960000,2026-03-09 15:24:02.201000
151774,1480981,2026-03-04 13:57:55.605000,2026-03-09 00:00:00,Fulfilled,DISTRICT MARKET-SFO AP|San Francisco|CA|94128|US,DISTRICT MARKET-SFO AP,San Francisco,CA,94128,US,1801009,,"CB-SPD-GRE Bar - Matcha Green Tea Chocolate Bar, 3 oz.",Sale,12.000000000,12.000000000,5.040000000,60.480000000,21.282219576,2026-03-09 15:21:01.835000
151774,1480981,2026-03-04 13:57:55.605000,2026-03-09 00:00:00,Fulfilled,DISTRICT MARKET-SFO AP|San Francisco|CA|94128|US,DISTRICT MARKET-SFO AP,San Francisco,CA,94128,US,1801012,,"CB-EXO-PHC Bar - Pink Himalayan Crystal Salt Caramel Exotic Chocolate Bar, 3 oz.",Sale,12.000000000,12.000000000,5.040000000,60.480000000,18.670680000,2026-03-09 15:21:01.835000
151774,1480981,2026-03-04 13:57:55.605000,2026-03-09 00:00:00,Fulfilled,DISTRICT MARKET-SFO AP|San Francisco|CA|94128|US,DISTRICT MARKET-SFO AP,San Francisco,CA,94128,US,1801004,,"CB-SPD-BAN Bar - Coconut & Banana Super Dark Chocolate Bar, 3 oz.",Sale,12.000000000,12.000000000,5.040000000,60.480000000,19.239001524,2026-03-09 15:21:01.835000
151774,1480981,2026-03-04 13:57:55.605000,2026-03-09 00:00:00,Fulfilled,DISTRICT MARKET-SFO AP|San Francisco|CA|94128|US,DISTRICT MARKET-SFO AP,San Francisco,CA,94128,US,1801021,,"CB-EXO-BAC Bar- Bacon Exotic Chocolate Bar, 3 oz",Sale,12.000000000,12.000000000,5.040000000,60.480000000,20.807520000,2026-03-09 15:21:01.835000
151774,1480981,2026-03-04 13:57:55.605000,2026-03-09 00:00:00,Fulfilled,DISTRICT MARKET-SFO AP|San Francisco|CA|94128|US,DISTRICT MARKET-SFO AP,San Francisco,CA,94128,US,1801022,,"CB-EXO-BAR Bar- Barcelona Exotic Chocolate Bar, 3oz",Sale,12.000000000,12.000000000,5.040000000,60.480000000,21.264960000,2026-03-09 15:21:01.835000
151775,1480982,2026-03-04 14:01:23.929000,2026-03-09 00:00:00,Fulfilled,BRIGHTLEAF NEWS AND GIFT-RDU  AIRPORT 0603|MORRISVILLE|NC|27560|US,BRIGHTLEAF NEWS AND GIFT-RDU  AIRPORT 0603,MORRISVILLE,NC,27560,US,1801009,,"CB-SPD-GRE Bar - Matcha Green Tea Chocolate Bar, 3 oz.",Sale,12.000000000,12.000000000,5.040000000,60.480000000,21.282219576,2026-03-09 14:33:01.866000
151775,1480982,2026-03-04 14:01:23.929000,2026-03-09 00:00:00,Fulfilled,BRIGHTLEAF NEWS AND GIFT-RDU  AIRPORT 0603|MORRISVILLE|NC|27560|US,BRIGHTLEAF NEWS AND GIFT-RDU  AIRPORT 0603,MORRISVILLE,NC,27560,US,1801012,,"CB-EXO-PHC Bar - Pink Himalayan Crystal Salt Caramel Exotic Chocolate Bar, 3 oz.",Sale,12.000000000,12.000000000,5.040000000,60.480000000,18.670680000,2026-03-09 14:33:01.866000
151775,1480982,2026-03-04 14:01:23.929000,2026-03-09 00:00:00,Fulfilled,BRIGHTLEAF NEWS AND GIFT-RDU  AIRPORT 0603|MORRISVILLE|NC|27560|US,BRIGHTLEAF NEWS AND GIFT-RDU  AIRPORT 0603,MORRISVILLE,NC,27560,US,1801004,,"CB-SPD-BAN Bar - Coconut & Banana Super Dark Chocolate Bar, 3 oz.",Sale,12.000000000,12.000000000,5.040000000,60.480000000,19.239001524,2026-03-09 14:33:01.866000
151775,1480982,2026-03-04 14:01:23.929000,2026-03-09 00:00:00,Fulfilled,BRIGHTLEAF NEWS AND GIFT-RDU  AIRPORT 0603|MORRISVILLE|NC|27560|US,BRIGHTLEAF NEWS AND GIFT-RDU  AIRPORT 0603,MORRISVILLE,NC,27560,US,1801021,,"CB-EXO-BAC Bar- Bacon Exotic Chocolate Bar, 3 oz",Sale,12.000000000,12.000000000,5.040000000,60.480000000,20.807520000,2026-03-09 14:33:01.866000
151775,1480982,2026-03-04 14:01:23.929000,2026-03-09 00:00:00,Fulfilled,BRIGHTLEAF NEWS AND GIFT-RDU  AIRPORT 0603|MORRISVILLE|NC|27560|US,BRIGHTLEAF NEWS AND GIFT-RDU  AIRPORT 0603,MORRISVILLE,NC,27560,US,1801022,,"CB-EXO-BAR Bar- Barcelona Exotic Chocolate Bar, 3oz",Sale,12.000000000,12.000000000,5.040000000,60.480000000,21.264960000,2026-03-09 14:33:01.866000
151777,1480983,2026-03-04 14:03:05.007000,2026-03-09 00:00:00,Fulfilled,FIVE POINT NEWS AND GIFT-RDU  AIRPORT|MORRISVILLE|NC|27560|US,FIVE POINT NEWS AND GIFT-RDU  AIRPORT,MORRISVILLE,NC,27560,US,1801009,,"CB-SPD-GRE Bar - Matcha Green Tea Chocolate Bar, 3 oz.",Sale,12.000000000,12.000000000,5.040000000,60.480000000,21.282219576,2026-03-09 16:36:01.586000
151777,1480983,2026-03-04 14:03:05.007000,2026-03-09 00:00:00,Fulfilled,FIVE POINT NEWS AND GIFT-RDU  AIRPORT|MORRISVILLE|NC|27560|US,FIVE POINT NEWS AND GIFT-RDU  AIRPORT,MORRISVILLE,NC,27560,US,1801012,,"CB-EXO-PHC Bar - Pink Himalayan Crystal Salt Caramel Exotic Chocolate Bar, 3 oz.",Sale,12.000000000,12.000000000,5.040000000,60.480000000,18.670680000,2026-03-09 16:36:01.586000
151777,1480983,2026-03-04 14:03:05.007000,2026-03-09 00:00:00,Fulfilled,FIVE POINT NEWS AND GIFT-RDU  AIRPORT|MORRISVILLE|NC|27560|US,FIVE POINT NEWS AND GIFT-RDU  AIRPORT,MORRISVILLE,NC,27560,US,1801004,,"CB-SPD-BAN Bar - Coconut & Banana Super Dark Chocolate Bar, 3 oz.",Sale,12.000000000,12.000000000,5.040000000,60.480000000,19.239001524,2026-03-09 16:36:01.586000
151777,1480983,2026-03-04 14:03:05.007000,2026-03-09 00:00:00,Fulfilled,FIVE POINT NEWS AND GIFT-RDU  AIRPORT|MORRISVILLE|NC|27560|US,FIVE POINT NEWS AND GIFT-RDU  AIRPORT,MORRISVILLE,NC,27560,US,1801021,,"CB-EXO-BAC Bar- Bacon Exotic Chocolate Bar, 3 oz",Sale,12.000000000,12.000000000,5.040000000,60.480000000,20.807520000,2026-03-09 16:36:01.586000
151777,1480983,2026-03-04 14:03:05.007000,2026-03-09 00:00:00,Fulfilled,FIVE POINT NEWS AND GIFT-RDU  AIRPORT|MORRISVILLE|NC|27560|US,FIVE POINT NEWS AND GIFT-RDU  AIRPORT,MORRISVILLE,NC,27560,US,1801022,,"CB-EXO-BAR Bar- Barcelona Exotic Chocolate Bar, 3oz",Sale,12.000000000,12.000000000,5.040000000,60.480000000,21.264960000,2026-03-09 16:36:01.586000
151779,1480984,2026-03-04 14:04:54.995000,2026-03-09 00:00:00,Fulfilled,WH SMITH-DEN AP (CNC-A)|DENVER|CO|80203|US,WH SMITH-DEN AP (CNC-A),DENVER,CO,80203,US,1801009,,"CB-SPD-GRE Bar - Matcha Green Tea Chocolate Bar, 3 oz.",Sale,12.000000000,12.000000000,5.040000000,60.480000000,21.282219576,2026-03-09 15:21:02.593000
151779,1480984,2026-03-04 14:04:54.995000,2026-03-09 00:00:00,Fulfilled,WH SMITH-DEN AP (CNC-A)|DENVER|CO|80203|US,WH SMITH-DEN AP (CNC-A),DENVER,CO,80203,US,1801012,,"CB-EXO-PHC Bar - Pink Himalayan Crystal Salt Caramel Exotic Chocolate Bar, 3 oz.",Sale,12.000000000,12.000000000,5.040000000,60.480000000,18.670680000,2026-03-09 15:21:02.593000
151779,1480984,2026-03-04 14:04:54.995000,2026-03-09 00:00:00,Fulfilled,WH SMITH-DEN AP (CNC-A)|DENVER|CO|80203|US,WH SMITH-DEN AP (CNC-A),DENVER,CO,80203,US,1801004,,"CB-SPD-BAN Bar - Coconut & Banana Super Dark Chocolate Bar, 3 oz.",Sale,12.000000000,12.000000000,5.040000000,60.480000000,19.239001524,2026-03-09 15:21:02.593000
151779,1480984,2026-03-04 14:04:54.995000,2026-03-09 00:00:00,Fulfilled,WH SMITH-DEN AP (CNC-A)|DENVER|CO|80203|US,WH SMITH-DEN AP (CNC-A),DENVER,CO,80203,US,1801021,,"CB-EXO-BAC Bar- Bacon Exotic Chocolate Bar, 3 oz",Sale,12.000000000,12.000000000,5.040000000,60.480000000,20.807520000,2026-03-09 15:21:02.593000
151779,1480984,2026-03-04 14:04:54.995000,2026-03-09 00:00:00,Fulfilled,WH SMITH-DEN AP (CNC-A)|DENVER|CO|80203|US,WH SMITH-DEN AP (CNC-A),DENVER,CO,80203,US,1801022,,"CB-EXO-BAR Bar- Barcelona Exotic Chocolate Bar, 3oz",Sale,12.000000000,12.000000000,5.040000000,60.480000000,21.264960000,2026-03-09 15:21:02.593000
151780,1480985,2026-03-04 14:06:05.966000,2026-03-09 00:00:00,Fulfilled,CAPITOL FILE-DCA AP (T-CNC-7)|Dayton|NJ|08810|US,CAPITOL FILE-DCA AP (T-CNC-7),Dayton,NJ,08810,US,1801009,,"CB-SPD-GRE Bar - Matcha Green Tea Chocolate Bar, 3 oz.",Sale,12.000000000,12.000000000,5.040000000,60.480000000,21.282219576,2026-03-09 14:36:01.636000
151780,1480985,2026-03-04 14:06:05.966000,2026-03-09 00:00:00,Fulfilled,CAPITOL FILE-DCA AP (T-CNC-7)|Dayton|NJ|08810|US,CAPITOL FILE-DCA AP (T-CNC-7),Dayton,NJ,08810,US,1801012,,"CB-EXO-PHC Bar - Pink Himalayan Crystal Salt Caramel Exotic Chocolate Bar, 3 oz.",Sale,12.000000000,12.000000000,5.040000000,60.480000000,18.670680000,2026-03-09 14:36:01.636000
151780,1480985,2026-03-04 14:06:05.966000,2026-03-09 00:00:00,Fulfilled,CAPITOL FILE-DCA AP (T-CNC-7)|Dayton|NJ|08810|US,CAPITOL FILE-DCA AP (T-CNC-7),Dayton,NJ,08810,US,1801004,,"CB-SPD-BAN Bar - Coconut & Banana Super Dark Chocolate Bar, 3 oz.",Sale,12.000000000,12.000000000,5.040000000,60.480000000,19.239001524,2026-03-09 14:36:01.636000
151780,1480985,2026-03-04 14:06:05.966000,2026-03-09 00:00:00,Fulfilled,CAPITOL FILE-DCA AP (T-CNC-7)|Dayton|NJ|08810|US,CAPITOL FILE-DCA AP (T-CNC-7),Dayton,NJ,08810,US,1801021,,"CB-EXO-BAC Bar- Bacon Exotic Chocolate Bar, 3 oz",Sale,12.000000000,12.000000000,5.040000000,60.480000000,20.807520000,2026-03-09 14:36:01.636000
151780,1480985,2026-03-04 14:06:05.966000,2026-03-09 00:00:00,Fulfilled,CAPITOL FILE-DCA AP (T-CNC-7)|Dayton|NJ|08810|US,CAPITOL FILE-DCA AP (T-CNC-7),Dayton,NJ,08810,US,1801022,,"CB-EXO-BAR Bar- Barcelona Exotic Chocolate Bar, 3oz",Sale,12.000000000,12.000000000,5.040000000,60.480000000,21.264960000,2026-03-09 14:36:01.636000
151781,1480986,2026-03-04 14:07:20.268000,2026-03-09 00:00:00,Fulfilled,UPTOWN KIOSK 2-PHX AP|Phoenix|AZ|85034|US,UPTOWN KIOSK 2-PHX AP,Phoenix,AZ,85034,US,1801009,,"CB-SPD-GRE Bar - Matcha Green Tea Chocolate Bar, 3 oz.",Sale,12.000000000,12.000000000,5.040000000,60.480000000,21.282219576,2026-03-09 15:00:47.136000
151781,1480986,2026-03-04 14:07:20.268000,2026-03-09 00:00:00,Fulfilled,UPTOWN KIOSK 2-PHX AP|Phoenix|AZ|85034|US,UPTOWN KIOSK 2-PHX AP,Phoenix,AZ,85034,US,1801012,,"CB-EXO-PHC Bar - Pink Himalayan Crystal Salt Caramel Exotic Chocolate Bar, 3 oz.",Sale,12.000000000,12.000000000,5.040000000,60.480000000,18.670680000,2026-03-09 15:00:47.136000
151781,1480986,2026-03-04 14:07:20.268000,2026-03-09 00:00:00,Fulfilled,UPTOWN KIOSK 2-PHX AP|Phoenix|AZ|85034|US,UPTOWN KIOSK 2-PHX AP,Phoenix,AZ,85034,US,1801004,,"CB-SPD-BAN Bar - Coconut & Banana Super Dark Chocolate Bar, 3 oz.",Sale,12.000000000,12.000000000,5.040000000,60.480000000,19.239001524,2026-03-09 15:00:47.136000
151781,1480986,2026-03-04 14:07:20.268000,2026-03-09 00:00:00,Fulfilled,UPTOWN KIOSK 2-PHX AP|Phoenix|AZ|85034|US,UPTOWN KIOSK 2-PHX AP,Phoenix,AZ,85034,US,1801021,,"CB-EXO-BAC Bar- Bacon Exotic Chocolate Bar, 3 oz",Sale,12.000000000,12.000000000,5.040000000,60.480000000,20.807520000,2026-03-09 15:00:47.136000
151781,1480986,2026-03-04 14:07:20.268000,2026-03-09 00:00:00,Fulfilled,UPTOWN KIOSK 2-PHX AP|Phoenix|AZ|85034|US,UPTOWN KIOSK 2-PHX AP,Phoenix,AZ,85034,US,1801022,,"CB-EXO-BAR Bar- Barcelona Exotic Chocolate Bar, 3oz",Sale,12.000000000,12.000000000,5.040000000,60.480000000,21.264960000,2026-03-09 15:00:47.136000
151782,1480987,2026-03-04 14:08:23.030000,2026-03-09 00:00:00,Fulfilled,MRG KANSAS CITY LLC - SPACE # CC2-090|KANSAS CITY|MO|64153|US,MRG KANSAS CITY LLC - SPACE # CC2-090,KANSAS CITY,MO,64153,US,1801009,,"CB-SPD-GRE Bar - Matcha Green Tea Chocolate Bar, 3 oz.",Sale,12.000000000,12.000000000,5.040000000,60.480000000,21.282219576,2026-03-09 15:24:01.496000
151782,1480987,2026-03-04 14:08:23.030000,2026-03-09 00:00:00,Fulfilled,MRG KANSAS CITY LLC - SPACE # CC2-090|KANSAS CITY|MO|64153|US,MRG KANSAS CITY LLC - SPACE # CC2-090,KANSAS CITY,MO,64153,US,1801012,,"CB-EXO-PHC Bar - Pink Himalayan Crystal Salt Caramel Exotic Chocolate Bar, 3 oz.",Sale,12.000000000,12.000000000,5.040000000,60.480000000,18.670680000,2026-03-09 15:24:01.496000
151782,1480987,2026-03-04 14:08:23.030000,2026-03-09 00:00:00,Fulfilled,MRG KANSAS CITY LLC - SPACE # CC2-090|KANSAS CITY|MO|64153|US,MRG KANSAS CITY LLC - SPACE # CC2-090,KANSAS CITY,MO,64153,US,1801004,,"CB-SPD-BAN Bar - Coconut & Banana Super Dark Chocolate Bar, 3 oz.",Sale,12.000000000,12.000000000,5.040000000,60.480000000,19.239001524,2026-03-09 15:24:01.496000
151782,1480987,2026-03-04 14:08:23.030000,2026-03-09 00:00:00,Fulfilled,MRG KANSAS CITY LLC - SPACE # CC2-090|KANSAS CITY|MO|64153|US,MRG KANSAS CITY LLC - SPACE # CC2-090,KANSAS CITY,MO,64153,US,1801021,,"CB-EXO-BAC Bar- Bacon Exotic Chocolate Bar, 3 oz",Sale,12.000000000,12.000000000,5.040000000,60.480000000,20.807520000,2026-03-09 15:24:01.496000
151782,1480987,2026-03-04 14:08:23.030000,2026-03-09 00:00:00,Fulfilled,MRG KANSAS CITY LLC - SPACE # CC2-090|KANSAS CITY|MO|64153|US,MRG KANSAS CITY LLC - SPACE # CC2-090,KANSAS CITY,MO,64153,US,1801022,,"CB-EXO-BAR Bar- Barcelona Exotic Chocolate Bar, 3oz",Sale,12.000000000,12.000000000,5.040000000,60.480000000,21.264960000,2026-03-09 15:24:01.496000
151783,1480988,2026-03-04 14:09:33.169000,2026-03-09 00:00:00,Fulfilled,MADE IN KC- MCI AP|Kansas City|MO|64153|US,MADE IN KC- MCI AP,Kansas City,MO,64153,US,1801009,,"CB-SPD-GRE Bar - Matcha Green Tea Chocolate Bar, 3 oz.",Sale,12.000000000,12.000000000,5.040000000,60.480000000,21.282219576,2026-03-09 15:21:02.205000
151783,1480988,2026-03-04 14:09:33.169000,2026-03-09 00:00:00,Fulfilled,MADE IN KC- MCI AP|Kansas City|MO|64153|US,MADE IN KC- MCI AP,Kansas City,MO,64153,US,1801012,,"CB-EXO-PHC Bar - Pink Himalayan Crystal Salt Caramel Exotic Chocolate Bar, 3 oz.",Sale,12.000000000,12.000000000,5.040000000,60.480000000,18.670680000,2026-03-09 15:21:02.205000
151783,1480988,2026-03-04 14:09:33.169000,2026-03-09 00:00:00,Fulfilled,MADE IN KC- MCI AP|Kansas City|MO|64153|US,MADE IN KC- MCI AP,Kansas City,MO,64153,US,1801004,,"CB-SPD-BAN Bar - Coconut & Banana Super Dark Chocolate Bar, 3 oz.",Sale,12.000000000,12.000000000,5.040000000,60.480000000,19.239001524,2026-03-09 15:21:02.205000
151783,1480988,2026-03-04 14:09:33.169000,2026-03-09 00:00:00,Fulfilled,MADE IN KC- MCI AP|Kansas City|MO|64153|US,MADE IN KC- MCI AP,Kansas City,MO,64153,US,1801021,,"CB-EXO-BAC Bar- Bacon Exotic Chocolate Bar, 3 oz",Sale,12.000000000,12.000000000,5.040000000,60.480000000,20.807520000,2026-03-09 15:21:02.205000
151783,1480988,2026-03-04 14:09:33.169000,2026-03-09 00:00:00,Fulfilled,MADE IN KC- MCI AP|Kansas City|MO|64153|US,MADE IN KC- MCI AP,Kansas City,MO,64153,US,1801022,,"CB-EXO-BAR Bar- Barcelona Exotic Chocolate Bar, 3oz",Sale,12.000000000,12.000000000,5.040000000,60.480000000,21.264960000,2026-03-09 15:21:02.205000
151784,1480989,2026-03-04 14:10:33.133000,2026-03-09 00:00:00,Fulfilled,CITY MARKET - NOBE B SOUTH SPACE #CC2-64|KANSAS CITY|MO|64153|US,CITY MARKET - NOBE B SOUTH SPACE #CC2-64,KANSAS CITY,MO,64153,US,1801009,,"CB-SPD-GRE Bar - Matcha Green Tea Chocolate Bar, 3 oz.",Sale,12.000000000,12.000000000,5.040000000,60.480000000,21.282219576,2026-03-09 15:24:01.873000
151784,1480989,2026-03-04 14:10:33.133000,2026-03-09 00:00:00,Fulfilled,CITY MARKET - NOBE B SOUTH SPACE #CC2-64|KANSAS CITY|MO|64153|US,CITY MARKET - NOBE B SOUTH SPACE #CC2-64,KANSAS CITY,MO,64153,US,1801012,,"CB-EXO-PHC Bar - Pink Himalayan Crystal Salt Caramel Exotic Chocolate Bar, 3 oz.",Sale,12.000000000,12.000000000,5.040000000,60.480000000,18.670680000,2026-03-09 15:24:01.873000
151784,1480989,2026-03-04 14:10:33.133000,2026-03-09 00:00:00,Fulfilled,CITY MARKET - NOBE B SOUTH SPACE #CC2-64|KANSAS CITY|MO|64153|US,CITY MARKET - NOBE B SOUTH SPACE #CC2-64,KANSAS CITY,MO,64153,US,1801004,,"CB-SPD-BAN Bar - Coconut & Banana Super Dark Chocolate Bar, 3 oz.",Sale,12.000000000,12.000000000,5.040000000,60.480000000,19.239001524,2026-03-09 15:24:01.873000
151784,1480989,2026-03-04 14:10:33.133000,2026-03-09 00:00:00,Fulfilled,CITY MARKET - NOBE B SOUTH SPACE #CC2-64|KANSAS CITY|MO|64153|US,CITY MARKET - NOBE B SOUTH SPACE #CC2-64,KANSAS CITY,MO,64153,US,1801021,,"CB-EXO-BAC Bar- Bacon Exotic Chocolate Bar, 3 oz",Sale,12.000000000,12.000000000,5.040000000,60.480000000,20.807520000,2026-03-09 15:24:01.873000
151784,1480989,2026-03-04 14:10:33.133000,2026-03-09 00:00:00,Fulfilled,CITY MARKET - NOBE B SOUTH SPACE #CC2-64|KANSAS CITY|MO|64153|US,CITY MARKET - NOBE B SOUTH SPACE #CC2-64,KANSAS CITY,MO,64153,US,1801022,,"CB-EXO-BAR Bar- Barcelona Exotic Chocolate Bar, 3oz",Sale,12.000000000,12.000000000,5.040000000,60.480000000,21.264960000,2026-03-09 15:24:01.873000
151785,1480990,2026-03-04 14:13:19.458000,2026-03-10 00:00:00,Fulfilled,SHOREPOINTS MARKET-EWR AIRPORT (T1)|DAYTON|NJ|08810|US,SHOREPOINTS MARKET-EWR AIRPORT (T1),DAYTON,NJ,08810,US,1801009,,"CB-SPD-GRE Bar - Matcha Green Tea Chocolate Bar, 3 oz.",Sale,72.000000000,72.000000000,5.040000000,362.880000000,127.693317456,2026-03-10 15:03:01.660000
151785,1480990,2026-03-04 14:13:19.458000,2026-03-10 00:00:00,Fulfilled,SHOREPOINTS MARKET-EWR AIRPORT (T1)|DAYTON|NJ|08810|US,SHOREPOINTS MARKET-EWR AIRPORT (T1),DAYTON,NJ,08810,US,1801012,,"CB-EXO-PHC Bar - Pink Himalayan Crystal Salt Caramel Exotic Chocolate Bar, 3 oz.",Sale,72.000000000,72.000000000,5.040000000,362.880000000,112.024080000,2026-03-10 15:03:01.660000
151785,1480990,2026-03-04 14:13:19.458000,2026-03-10 00:00:00,Fulfilled,SHOREPOINTS MARKET-EWR AIRPORT (T1)|DAYTON|NJ|08810|US,SHOREPOINTS MARKET-EWR AIRPORT (T1),DAYTON,NJ,08810,US,1801004,,"CB-SPD-BAN Bar - Coconut & Banana Super Dark Chocolate Bar, 3 oz.",Sale,72.000000000,72.000000000,5.040000000,362.880000000,115.434009144,2026-03-10 15:03:01.660000
151785,1480990,2026-03-04 14:13:19.458000,2026-03-10 00:00:00,Fulfilled,SHOREPOINTS MARKET-EWR AIRPORT (T1)|DAYTON|NJ|08810|US,SHOREPOINTS MARKET-EWR AIRPORT (T1),DAYTON,NJ,08810,US,1801021,,"CB-EXO-BAC Bar- Bacon Exotic Chocolate Bar, 3 oz",Sale,72.000000000,72.000000000,5.040000000,362.880000000,43.349000000,2026-03-10 15:03:01.660000
151785,1480990,2026-03-04 14:13:19.458000,2026-03-10 00:00:00,Fulfilled,SHOREPOINTS MARKET-EWR AIRPORT (T1)|DAYTON|NJ|08810|US,SHOREPOINTS MARKET-EWR AIRPORT (T1),DAYTON,NJ,08810,US,1801022,,"CB-EXO-BAR Bar- Barcelona Exotic Chocolate Bar, 3oz",Sale,72.000000000,72.000000000,5.040000000,362.880000000,127.589760000,2026-03-10 15:03:01.660000
151786,1480991,2026-03-04 14:14:39.633000,2026-03-10 00:00:00,Fulfilled,BROOKSIDE LOCAL - MCI AP|KANSAS CITY|MO|64153|US,BROOKSIDE LOCAL - MCI AP,KANSAS CITY,MO,64153,US,1801009,,"CB-SPD-GRE Bar - Matcha Green Tea Chocolate Bar, 3 oz.",Sale,12.000000000,12.000000000,5.040000000,60.480000000,21.282219576,2026-03-10 15:09:02.991000
151786,1480991,2026-03-04 14:14:39.633000,2026-03-10 00:00:00,Fulfilled,BROOKSIDE LOCAL - MCI AP|KANSAS CITY|MO|64153|US,BROOKSIDE LOCAL - MCI AP,KANSAS CITY,MO,64153,US,1801012,,"CB-EXO-PHC Bar - Pink Himalayan Crystal Salt Caramel Exotic Chocolate Bar, 3 oz.",Sale,12.000000000,12.000000000,5.040000000,60.480000000,18.670680000,2026-03-10 15:09:02.991000
151786,1480991,2026-03-04 14:14:39.633000,2026-03-10 00:00:00,Fulfilled,BROOKSIDE LOCAL - MCI AP|KANSAS CITY|MO|64153|US,BROOKSIDE LOCAL - MCI AP,KANSAS CITY,MO,64153,US,1801004,,"CB-SPD-BAN Bar - Coconut & Banana Super Dark Chocolate Bar, 3 oz.",Sale,12.000000000,12.000000000,5.040000000,60.480000000,19.239001524,2026-03-10 15:09:02.991000
151786,1480991,2026-03-04 14:14:39.633000,2026-03-10 00:00:00,Fulfilled,BROOKSIDE LOCAL - MCI AP|KANSAS CITY|MO|64153|US,BROOKSIDE LOCAL - MCI AP,KANSAS CITY,MO,64153,US,1801021,,"CB-EXO-BAC Bar- Bacon Exotic Chocolate Bar, 3 oz",Sale,12.000000000,12.000000000,5.040000000,60.480000000,20.807520000,2026-03-10 15:09:02.991000
151786,1480991,2026-03-04 14:14:39.633000,2026-03-10 00:00:00,Fulfilled,BROOKSIDE LOCAL - MCI AP|KANSAS CITY|MO|64153|US,BROOKSIDE LOCAL - MCI AP,KANSAS CITY,MO,64153,US,1801022,,"CB-EXO-BAR Bar- Barcelona Exotic Chocolate Bar, 3oz",Sale,12.000000000,12.000000000,5.040000000,60.480000000,21.264960000,2026-03-10 15:09:02.991000
151787,1480992,2026-03-04 14:15:46.717000,2026-03-10 00:00:00,Fulfilled,18TH & VINE - MCI AP|KANSAS CITY|MO|64153|US,18TH & VINE - MCI AP,KANSAS CITY,MO,64153,US,1801009,,"CB-SPD-GRE Bar - Matcha Green Tea Chocolate Bar, 3 oz.",Sale,12.000000000,12.000000000,5.040000000,60.480000000,21.282219576,2026-03-10 15:09:02.636000
151787,1480992,2026-03-04 14:15:46.717000,2026-03-10 00:00:00,Fulfilled,18TH & VINE - MCI AP|KANSAS CITY|MO|64153|US,18TH & VINE - MCI AP,KANSAS CITY,MO,64153,US,1801012,,"CB-EXO-PHC Bar - Pink Himalayan Crystal Salt Caramel Exotic Chocolate Bar, 3 oz.",Sale,12.000000000,12.000000000,5.040000000,60.480000000,18.670680000,2026-03-10 15:09:02.636000
151787,1480992,2026-03-04 14:15:46.717000,2026-03-10 00:00:00,Fulfilled,18TH & VINE - MCI AP|KANSAS CITY|MO|64153|US,18TH & VINE - MCI AP,KANSAS CITY,MO,64153,US,1801004,,"CB-SPD-BAN Bar - Coconut & Banana Super Dark Chocolate Bar, 3 oz.",Sale,12.000000000,12.000000000,5.040000000,60.480000000,19.239001524,2026-03-10 15:09:02.636000
151787,1480992,2026-03-04 14:15:46.717000,2026-03-10 00:00:00,Fulfilled,18TH & VINE - MCI AP|KANSAS CITY|MO|64153|US,18TH & VINE - MCI AP,KANSAS CITY,MO,64153,US,1801021,,"CB-EXO-BAC Bar- Bacon Exotic Chocolate Bar, 3 oz",Sale,12.000000000,12.000000000,5.040000000,60.480000000,20.807520000,2026-03-10 15:09:02.636000
151787,1480992,2026-03-04 14:15:46.717000,2026-03-10 00:00:00,Fulfilled,18TH & VINE - MCI AP|KANSAS CITY|MO|64153|US,18TH & VINE - MCI AP,KANSAS CITY,MO,64153,US,1801022,,"CB-EXO-BAR Bar- Barcelona Exotic Chocolate Bar, 3oz",Sale,12.000000000,12.000000000,5.040000000,60.480000000,21.264960000,2026-03-10 15:09:02.636000
151788,1480993,2026-03-04 14:17:04.404000,2026-03-10 00:00:00,Fulfilled,SIX POINTS MARKET-ORD AP (T5)|Chicago|IL|60666|US,SIX POINTS MARKET-ORD AP (T5),Chicago,IL,60666,US,1801009,,"CB-SPD-GRE Bar - Matcha Green Tea Chocolate Bar, 3 oz.",Sale,12.000000000,12.000000000,5.040000000,60.480000000,21.282219576,2026-03-10 15:09:01.765000
151788,1480993,2026-03-04 14:17:04.404000,2026-03-10 00:00:00,Fulfilled,SIX POINTS MARKET-ORD AP (T5)|Chicago|IL|60666|US,SIX POINTS MARKET-ORD AP (T5),Chicago,IL,60666,US,1801012,,"CB-EXO-PHC Bar - Pink Himalayan Crystal Salt Caramel Exotic Chocolate Bar, 3 oz.",Sale,12.000000000,12.000000000,5.040000000,60.480000000,18.670680000,2026-03-10 15:09:01.765000
151788,1480993,2026-03-04 14:17:04.404000,2026-03-10 00:00:00,Fulfilled,SIX POINTS MARKET-ORD AP (T5)|Chicago|IL|60666|US,SIX POINTS MARKET-ORD AP (T5),Chicago,IL,60666,US,1801004,,"CB-SPD-BAN Bar - Coconut & Banana Super Dark Chocolate Bar, 3 oz.",Sale,12.000000000,12.000000000,5.040000000,60.480000000,19.239001524,2026-03-10 15:09:01.765000
151788,1480993,2026-03-04 14:17:04.404000,2026-03-10 00:00:00,Fulfilled,SIX POINTS MARKET-ORD AP (T5)|Chicago|IL|60666|US,SIX POINTS MARKET-ORD AP (T5),Chicago,IL,60666,US,1801021,,"CB-EXO-BAC Bar- Bacon Exotic Chocolate Bar, 3 oz",Sale,12.000000000,12.000000000,5.040000000,60.480000000,20.807520000,2026-03-10 15:09:01.765000
151788,1480993,2026-03-04 14:17:04.404000,2026-03-10 00:00:00,Fulfilled,SIX POINTS MARKET-ORD AP (T5)|Chicago|IL|60666|US,SIX POINTS MARKET-ORD AP (T5),Chicago,IL,60666,US,1801022,,"CB-EXO-BAR Bar- Barcelona Exotic Chocolate Bar, 3oz",Sale,12.000000000,12.000000000,5.040000000,60.480000000,21.264960000,2026-03-10 15:09:01.765000
151789,1480994,2026-03-04 14:18:19.070000,2026-03-10 00:00:00,Fulfilled,TRAVEL + RIGHT-SLC|SALT LAKE CITY|UT|84116|US,TRAVEL + RIGHT-SLC,SALT LAKE CITY,UT,84116,US,1801009,,"CB-SPD-GRE Bar - Matcha Green Tea Chocolate Bar, 3 oz.",Sale,12.000000000,12.000000000,5.040000000,60.480000000,21.282219576,2026-03-10 15:09:02.293000
151789,1480994,2026-03-04 14:18:19.070000,2026-03-10 00:00:00,Fulfilled,TRAVEL + RIGHT-SLC|SALT LAKE CITY|UT|84116|US,TRAVEL + RIGHT-SLC,SALT LAKE CITY,UT,84116,US,1801012,,"CB-EXO-PHC Bar - Pink Himalayan Crystal Salt Caramel Exotic Chocolate Bar, 3 oz.",Sale,12.000000000,12.000000000,5.040000000,60.480000000,18.670680000,2026-03-10 15:09:02.293000
151789,1480994,2026-03-04 14:18:19.070000,2026-03-10 00:00:00,Fulfilled,TRAVEL + RIGHT-SLC|SALT LAKE CITY|UT|84116|US,TRAVEL + RIGHT-SLC,SALT LAKE CITY,UT,84116,US,1801004,,"CB-SPD-BAN Bar - Coconut & Banana Super Dark Chocolate Bar, 3 oz.",Sale,12.000000000,12.000000000,5.040000000,60.480000000,19.239001524,2026-03-10 15:09:02.293000
151789,1480994,2026-03-04 14:18:19.070000,2026-03-10 00:00:00,Fulfilled,TRAVEL + RIGHT-SLC|SALT LAKE CITY|UT|84116|US,TRAVEL + RIGHT-SLC,SALT LAKE CITY,UT,84116,US,1801021,,"CB-EXO-BAC Bar- Bacon Exotic Chocolate Bar, 3 oz",Sale,12.000000000,12.000000000,5.040000000,60.480000000,20.807520000,2026-03-10 15:09:02.293000
151789,1480994,2026-03-04 14:18:19.070000,2026-03-10 00:00:00,Fulfilled,TRAVEL + RIGHT-SLC|SALT LAKE CITY|UT|84116|US,TRAVEL + RIGHT-SLC,SALT LAKE CITY,UT,84116,US,1801022,,"CB-EXO-BAR Bar- Barcelona Exotic Chocolate Bar, 3oz",Sale,12.000000000,12.000000000,5.040000000,60.480000000,21.264960000,2026-03-10 15:09:02.293000
151790,1480995,2026-03-04 14:20:40.655000,2026-03-10 00:00:00,Fulfilled,ESSENTIALS-TROP-LAUGHLIN|LAUGHLIN|NV|89029|US,ESSENTIALS-TROP-LAUGHLIN,LAUGHLIN,NV,89029,US,1801009,,"CB-SPD-GRE Bar - Matcha Green Tea Chocolate Bar, 3 oz.",Sale,12.000000000,12.000000000,5.040000000,60.480000000,21.282219576,2026-03-10 14:54:02.316000
151790,1480995,2026-03-04 14:20:40.655000,2026-03-10 00:00:00,Fulfilled,ESSENTIALS-TROP-LAUGHLIN|LAUGHLIN|NV|89029|US,ESSENTIALS-TROP-LAUGHLIN,LAUGHLIN,NV,89029,US,1801012,,"CB-EXO-PHC Bar - Pink Himalayan Crystal Salt Caramel Exotic Chocolate Bar, 3 oz.",Sale,12.000000000,12.000000000,5.040000000,60.480000000,18.670680000,2026-03-10 14:54:02.316000
151790,1480995,2026-03-04 14:20:40.655000,2026-03-10 00:00:00,Fulfilled,ESSENTIALS-TROP-LAUGHLIN|LAUGHLIN|NV|89029|US,ESSENTIALS-TROP-LAUGHLIN,LAUGHLIN,NV,89029,US,1801004,,"CB-SPD-BAN Bar - Coconut & Banana Super Dark Chocolate Bar, 3 oz.",Sale,12.000000000,12.000000000,5.040000000,60.480000000,19.239001524,2026-03-10 14:54:02.316000
151790,1480995,2026-03-04 14:20:40.655000,2026-03-10 00:00:00,Fulfilled,ESSENTIALS-TROP-LAUGHLIN|LAUGHLIN|NV|89029|US,ESSENTIALS-TROP-LAUGHLIN,LAUGHLIN,NV,89029,US,1801021,,"CB-EXO-BAC Bar- Bacon Exotic Chocolate Bar, 3 oz",Sale,12.000000000,12.000000000,5.040000000,60.480000000,0E-9,2026-03-10 14:54:02.316000
151790,1480995,2026-03-04 14:20:40.655000,2026-03-10 00:00:00,Fulfilled,ESSENTIALS-TROP-LAUGHLIN|LAUGHLIN|NV|89029|US,ESSENTIALS-TROP-LAUGHLIN,LAUGHLIN,NV,89029,US,1801022,,"CB-EXO-BAR Bar- Barcelona Exotic Chocolate Bar, 3oz",Sale,12.000000000,12.000000000,5.040000000,60.480000000,21.264960000,2026-03-10 14:54:02.316000
151791,1480996,2026-03-04 14:22:27.436000,2026-03-10 00:00:00,Fulfilled,GIFT SHOP-EDGEWATER|LAUGHLIN|NV|89029|US,GIFT SHOP-EDGEWATER,LAUGHLIN,NV,89029,US,1801009,,"CB-SPD-GRE Bar - Matcha Green Tea Chocolate Bar, 3 oz.",Sale,12.000000000,12.000000000,5.040000000,60.480000000,21.282219576,2026-03-10 14:54:01.772000
151791,1480996,2026-03-04 14:22:27.436000,2026-03-10 00:00:00,Fulfilled,GIFT SHOP-EDGEWATER|LAUGHLIN|NV|89029|US,GIFT SHOP-EDGEWATER,LAUGHLIN,NV,89029,US,1801012,,"CB-EXO-PHC Bar - Pink Himalayan Crystal Salt Caramel Exotic Chocolate Bar, 3 oz.",Sale,12.000000000,12.000000000,5.040000000,60.480000000,18.670680000,2026-03-10 14:54:01.772000
151791,1480996,2026-03-04 14:22:27.436000,2026-03-10 00:00:00,Fulfilled,GIFT SHOP-EDGEWATER|LAUGHLIN|NV|89029|US,GIFT SHOP-EDGEWATER,LAUGHLIN,NV,89029,US,1801004,,"CB-SPD-BAN Bar - Coconut & Banana Super Dark Chocolate Bar, 3 oz.",Sale,12.000000000,12.000000000,5.040000000,60.480000000,19.239001524,2026-03-10 14:54:01.772000
151791,1480996,2026-03-04 14:22:27.436000,2026-03-10 00:00:00,Fulfilled,GIFT SHOP-EDGEWATER|LAUGHLIN|NV|89029|US,GIFT SHOP-EDGEWATER,LAUGHLIN,NV,89029,US,1801021,,"CB-EXO-BAC Bar- Bacon Exotic Chocolate Bar, 3 oz",Sale,12.000000000,12.000000000,5.040000000,60.480000000,0E-9,2026-03-10 14:54:01.772000
151791,1480996,2026-03-04 14:22:27.436000,2026-03-10 00:00:00,Fulfilled,GIFT SHOP-EDGEWATER|LAUGHLIN|NV|89029|US,GIFT SHOP-EDGEWATER,LAUGHLIN,NV,89029,US,1801022,,"CB-EXO-BAR Bar- Barcelona Exotic Chocolate Bar, 3oz",Sale,12.000000000,12.000000000,5.040000000,60.480000000,21.264960000,2026-03-10 14:54:01.772000
151792,1480997,2026-03-04 14:23:39.480000,2026-03-10 00:00:00,Fulfilled,"GIFT SHOP-AQUARIUS|LAUGHLIN,|NV|89029|US",GIFT SHOP-AQUARIUS,"LAUGHLIN,",NV,89029,US,1801009,,"CB-SPD-GRE Bar - Matcha Green Tea Chocolate Bar, 3 oz.",Sale,12.000000000,12.000000000,5.040000000,60.480000000,21.282219576,2026-03-10 14:57:02.464000
151792,1480997,2026-03-04 14:23:39.480000,2026-03-10 00:00:00,Fulfilled,"GIFT SHOP-AQUARIUS|LAUGHLIN,|NV|89029|US",GIFT SHOP-AQUARIUS,"LAUGHLIN,",NV,89029,US,1801012,,"CB-EXO-PHC Bar - Pink Himalayan Crystal Salt Caramel Exotic Chocolate Bar, 3 oz.",Sale,12.000000000,12.000000000,5.040000000,60.480000000,18.670680000,2026-03-10 14:57:02.464000
151792,1480997,2026-03-04 14:23:39.480000,2026-03-10 00:00:00,Fulfilled,"GIFT SHOP-AQUARIUS|LAUGHLIN,|NV|89029|US",GIFT SHOP-AQUARIUS,"LAUGHLIN,",NV,89029,US,1801004,,"CB-SPD-BAN Bar - Coconut & Banana Super Dark Chocolate Bar, 3 oz.",Sale,12.000000000,12.000000000,5.040000000,60.480000000,19.239001524,2026-03-10 14:57:02.464000
151792,1480997,2026-03-04 14:23:39.480000,2026-03-10 00:00:00,Fulfilled,"GIFT SHOP-AQUARIUS|LAUGHLIN,|NV|89029|US",GIFT SHOP-AQUARIUS,"LAUGHLIN,",NV,89029,US,1801021,,"CB-EXO-BAC Bar- Bacon Exotic Chocolate Bar, 3 oz",Sale,12.000000000,12.000000000,5.040000000,60.480000000,0E-9,2026-03-10 14:57:02.464000
151792,1480997,2026-03-04 14:23:39.480000,2026-03-10 00:00:00,Fulfilled,"GIFT SHOP-AQUARIUS|LAUGHLIN,|NV|89029|US",GIFT SHOP-AQUARIUS,"LAUGHLIN,",NV,89029,US,1801022,,"CB-EXO-BAR Bar- Barcelona Exotic Chocolate Bar, 3oz",Sale,12.000000000,12.000000000,5.040000000,60.480000000,21.264960000,2026-03-10 14:57:02.464000
151793,1480998,2026-03-04 14:24:56.002000,2026-03-10 00:00:00,Fulfilled,GOTHAM NEWS-MOYNIHAN TRAIN HALL|Dayton|NJ|08810|US,GOTHAM NEWS-MOYNIHAN TRAIN HALL,Dayton,NJ,08810,US,1801009,,"CB-SPD-GRE Bar - Matcha Green Tea Chocolate Bar, 3 oz.",Sale,12.000000000,12.000000000,5.040000000,60.480000000,21.282219576,2026-03-10 14:54:02.670000
151793,1480998,2026-03-04 14:24:56.002000,2026-03-10 00:00:00,Fulfilled,GOTHAM NEWS-MOYNIHAN TRAIN HALL|Dayton|NJ|08810|US,GOTHAM NEWS-MOYNIHAN TRAIN HALL,Dayton,NJ,08810,US,1801012,,"CB-EXO-PHC Bar - Pink Himalayan Crystal Salt Caramel Exotic Chocolate Bar, 3 oz.",Sale,12.000000000,12.000000000,5.040000000,60.480000000,18.670680000,2026-03-10 14:54:02.670000
151793,1480998,2026-03-04 14:24:56.002000,2026-03-10 00:00:00,Fulfilled,GOTHAM NEWS-MOYNIHAN TRAIN HALL|Dayton|NJ|08810|US,GOTHAM NEWS-MOYNIHAN TRAIN HALL,Dayton,NJ,08810,US,1801004,,"CB-SPD-BAN Bar - Coconut & Banana Super Dark Chocolate Bar, 3 oz.",Sale,12.000000000,12.000000000,5.040000000,60.480000000,19.239001524,2026-03-10 14:54:02.670000
151793,1480998,2026-03-04 14:24:56.002000,2026-03-10 00:00:00,Fulfilled,GOTHAM NEWS-MOYNIHAN TRAIN HALL|Dayton|NJ|08810|US,GOTHAM NEWS-MOYNIHAN TRAIN HALL,Dayton,NJ,08810,US,1801021,,"CB-EXO-BAC Bar- Bacon Exotic Chocolate Bar, 3 oz",Sale,12.000000000,12.000000000,5.040000000,60.480000000,0E-9,2026-03-10 14:54:02.670000
151793,1480998,2026-03-04 14:24:56.002000,2026-03-10 00:00:00,Fulfilled,GOTHAM NEWS-MOYNIHAN TRAIN HALL|Dayton|NJ|08810|US,GOTHAM NEWS-MOYNIHAN TRAIN HALL,Dayton,NJ,08810,US,1801022,,"CB-EXO-BAR Bar- Barcelona Exotic Chocolate Bar, 3oz",Sale,12.000000000,12.000000000,5.040000000,60.480000000,21.264960000,2026-03-10 14:54:02.670000
151794,1480999,2026-03-04 14:27:02.259000,2026-03-10 00:00:00,Fulfilled,PENN STATION - GOTHAM NEWS|Dayton|NJ|08810|US,PENN STATION - GOTHAM NEWS,Dayton,NJ,08810,US,1801009,,"CB-SPD-GRE Bar - Matcha Green Tea Chocolate Bar, 3 oz.",Sale,12.000000000,12.000000000,5.040000000,60.480000000,21.282219576,2026-03-10 14:54:03.007000
151794,1480999,2026-03-04 14:27:02.259000,2026-03-10 00:00:00,Fulfilled,PENN STATION - GOTHAM NEWS|Dayton|NJ|08810|US,PENN STATION - GOTHAM NEWS,Dayton,NJ,08810,US,1801012,,"CB-EXO-PHC Bar - Pink Himalayan Crystal Salt Caramel Exotic Chocolate Bar, 3 oz.",Sale,12.000000000,12.000000000,5.040000000,60.480000000,18.670680000,2026-03-10 14:54:03.007000
151794,1480999,2026-03-04 14:27:02.259000,2026-03-10 00:00:00,Fulfilled,PENN STATION - GOTHAM NEWS|Dayton|NJ|08810|US,PENN STATION - GOTHAM NEWS,Dayton,NJ,08810,US,1801004,,"CB-SPD-BAN Bar - Coconut & Banana Super Dark Chocolate Bar, 3 oz.",Sale,12.000000000,12.000000000,5.040000000,60.480000000,19.239001524,2026-03-10 14:54:03.007000
151794,1480999,2026-03-04 14:27:02.259000,2026-03-10 00:00:00,Fulfilled,PENN STATION - GOTHAM NEWS|Dayton|NJ|08810|US,PENN STATION - GOTHAM NEWS,Dayton,NJ,08810,US,1801021,,"CB-EXO-BAC Bar- Bacon Exotic Chocolate Bar, 3 oz",Sale,12.000000000,12.000000000,5.040000000,60.480000000,0E-9,2026-03-10 14:54:03.007000
151794,1480999,2026-03-04 14:27:02.259000,2026-03-10 00:00:00,Fulfilled,PENN STATION - GOTHAM NEWS|Dayton|NJ|08810|US,PENN STATION - GOTHAM NEWS,Dayton,NJ,08810,US,1801022,,"CB-EXO-BAR Bar- Barcelona Exotic Chocolate Bar, 3oz",Sale,12.000000000,12.000000000,5.040000000,60.480000000,21.264960000,2026-03-10 14:54:03.007000
151796,1481000,2026-03-04 14:29:34.977000,2026-03-11 00:00:00,Fulfilled,360-Duke City Station @ ABQ|ALBUQUERQUE|NM|87106|US,360-Duke City Station @ ABQ,ALBUQUERQUE,NM,87106,US,1801009,,"CB-SPD-GRE Bar - Matcha Green Tea Chocolate Bar, 3 oz.",Sale,12.000000000,12.000000000,5.040000000,60.480000000,21.282219576,2026-03-11 12:06:28.592000
151796,1481000,2026-03-04 14:29:34.977000,2026-03-11 00:00:00,Fulfilled,360-Duke City Station @ ABQ|ALBUQUERQUE|NM|87106|US,360-Duke City Station @ ABQ,ALBUQUERQUE,NM,87106,US,1801012,,"CB-EXO-PHC Bar - Pink Himalayan Crystal Salt Caramel Exotic Chocolate Bar, 3 oz.",Sale,12.000000000,12.000000000,5.040000000,60.480000000,18.670680000,2026-03-11 12:06:28.592000
151796,1481000,2026-03-04 14:29:34.977000,2026-03-11 00:00:00,Fulfilled,360-Duke City Station @ ABQ|ALBUQUERQUE|NM|87106|US,360-Duke City Station @ ABQ,ALBUQUERQUE,NM,87106,US,1801004,,"CB-SPD-BAN Bar - Coconut & Banana Super Dark Chocolate Bar, 3 oz.",Sale,12.000000000,12.000000000,5.040000000,60.480000000,19.239001524,2026-03-11 12:06:28.592000
151796,1481000,2026-03-04 14:29:34.977000,2026-03-11 00:00:00,Fulfilled,360-Duke City Station @ ABQ|ALBUQUERQUE|NM|87106|US,360-Duke City Station @ ABQ,ALBUQUERQUE,NM,87106,US,1801021,,"CB-EXO-BAC Bar- Bacon Exotic Chocolate Bar, 3 oz",Sale,12.000000000,12.000000000,5.040000000,60.480000000,20.807520000,2026-03-11 12:06:28.592000
151796,1481000,2026-03-04 14:29:34.977000,2026-03-11 00:00:00,Fulfilled,360-Duke City Station @ ABQ|ALBUQUERQUE|NM|87106|US,360-Duke City Station @ ABQ,ALBUQUERQUE,NM,87106,US,1801022,,"CB-EXO-BAR Bar- Barcelona Exotic Chocolate Bar, 3oz",Sale,12.000000000,12.000000000,5.040000000,60.480000000,21.264960000,2026-03-11 12:06:28.592000
151798,1481001,2026-03-04 14:31:00.347000,2026-03-11 00:00:00,Fulfilled,DISCOVER NEW JERSEY-EWR AP (B)|DAYTON|NJ|08810|US,DISCOVER NEW JERSEY-EWR AP (B),DAYTON,NJ,08810,US,1801009,,"CB-SPD-GRE Bar - Matcha Green Tea Chocolate Bar, 3 oz.",Sale,12.000000000,12.000000000,5.040000000,60.480000000,21.282219576,2026-03-11 12:06:28.944000
151798,1481001,2026-03-04 14:31:00.347000,2026-03-11 00:00:00,Fulfilled,DISCOVER NEW JERSEY-EWR AP (B)|DAYTON|NJ|08810|US,DISCOVER NEW JERSEY-EWR AP (B),DAYTON,NJ,08810,US,1801012,,"CB-EXO-PHC Bar - Pink Himalayan Crystal Salt Caramel Exotic Chocolate Bar, 3 oz.",Sale,12.000000000,12.000000000,5.040000000,60.480000000,18.670680000,2026-03-11 12:06:28.944000
151798,1481001,2026-03-04 14:31:00.347000,2026-03-11 00:00:00,Fulfilled,DISCOVER NEW JERSEY-EWR AP (B)|DAYTON|NJ|08810|US,DISCOVER NEW JERSEY-EWR AP (B),DAYTON,NJ,08810,US,1801004,,"CB-SPD-BAN Bar - Coconut & Banana Super Dark Chocolate Bar, 3 oz.",Sale,12.000000000,12.000000000,5.040000000,60.480000000,19.239001524,2026-03-11 12:06:28.944000
151798,1481001,2026-03-04 14:31:00.347000,2026-03-11 00:00:00,Fulfilled,DISCOVER NEW JERSEY-EWR AP (B)|DAYTON|NJ|08810|US,DISCOVER NEW JERSEY-EWR AP (B),DAYTON,NJ,08810,US,1801021,,"CB-EXO-BAC Bar- Bacon Exotic Chocolate Bar, 3 oz",Sale,12.000000000,12.000000000,5.040000000,60.480000000,20.807520000,2026-03-11 12:06:28.944000
151798,1481001,2026-03-04 14:31:00.347000,2026-03-11 00:00:00,Fulfilled,DISCOVER NEW JERSEY-EWR AP (B)|DAYTON|NJ|08810|US,DISCOVER NEW JERSEY-EWR AP (B),DAYTON,NJ,08810,US,1801022,,"CB-EXO-BAR Bar- Barcelona Exotic Chocolate Bar, 3oz",Sale,12.000000000,12.000000000,5.040000000,60.480000000,21.264960000,2026-03-11 12:06:28.944000
151799,1481003,2026-03-04 14:31:51.731000,2026-03-11 00:00:00,Fulfilled,TELEGRAPH 1ST EDITION AC|DAYTON|NJ|08810|US,TELEGRAPH 1ST EDITION AC,DAYTON,NJ,08810,US,1801009,,"CB-SPD-GRE Bar - Matcha Green Tea Chocolate Bar, 3 oz.",Sale,12.000000000,12.000000000,5.040000000,60.480000000,21.282219576,2026-03-11 12:06:29.980000
151799,1481003,2026-03-04 14:31:51.731000,2026-03-11 00:00:00,Fulfilled,TELEGRAPH 1ST EDITION AC|DAYTON|NJ|08810|US,TELEGRAPH 1ST EDITION AC,DAYTON,NJ,08810,US,1801012,,"CB-EXO-PHC Bar - Pink Himalayan Crystal Salt Caramel Exotic Chocolate Bar, 3 oz.",Sale,12.000000000,12.000000000,5.040000000,60.480000000,18.670680000,2026-03-11 12:06:29.980000
151799,1481003,2026-03-04 14:31:51.731000,2026-03-11 00:00:00,Fulfilled,TELEGRAPH 1ST EDITION AC|DAYTON|NJ|08810|US,TELEGRAPH 1ST EDITION AC,DAYTON,NJ,08810,US,1801004,,"CB-SPD-BAN Bar - Coconut & Banana Super Dark Chocolate Bar, 3 oz.",Sale,12.000000000,12.000000000,5.040000000,60.480000000,19.239001524,2026-03-11 12:06:29.980000
151799,1481003,2026-03-04 14:31:51.731000,2026-03-11 00:00:00,Fulfilled,TELEGRAPH 1ST EDITION AC|DAYTON|NJ|08810|US,TELEGRAPH 1ST EDITION AC,DAYTON,NJ,08810,US,1801021,,"CB-EXO-BAC Bar- Bacon Exotic Chocolate Bar, 3 oz",Sale,12.000000000,12.000000000,5.040000000,60.480000000,20.807520000,2026-03-11 12:06:29.980000
151799,1481003,2026-03-04 14:31:51.731000,2026-03-11 00:00:00,Fulfilled,TELEGRAPH 1ST EDITION AC|DAYTON|NJ|08810|US,TELEGRAPH 1ST EDITION AC,DAYTON,NJ,08810,US,1801022,,"CB-EXO-BAR Bar- Barcelona Exotic Chocolate Bar, 3oz",Sale,12.000000000,12.000000000,5.040000000,60.480000000,21.264960000,2026-03-11 12:06:29.980000
151801,1481004,2026-03-04 14:33:16.379000,2026-03-11 00:00:00,Fulfilled,CORE REVELRY-OCEAN RESORT CASINO|DAYTON|NJ|08810|US,CORE REVELRY-OCEAN RESORT CASINO,DAYTON,NJ,08810,US,1801009,,"CB-SPD-GRE Bar - Matcha Green Tea Chocolate Bar, 3 oz.",Sale,12.000000000,12.000000000,5.040000000,60.480000000,21.282219576,2026-03-11 12:06:29.635000
151801,1481004,2026-03-04 14:33:16.379000,2026-03-11 00:00:00,Fulfilled,CORE REVELRY-OCEAN RESORT CASINO|DAYTON|NJ|08810|US,CORE REVELRY-OCEAN RESORT CASINO,DAYTON,NJ,08810,US,1801012,,"CB-EXO-PHC Bar - Pink Himalayan Crystal Salt Caramel Exotic Chocolate Bar, 3 oz.",Sale,12.000000000,12.000000000,5.040000000,60.480000000,18.670680000,2026-03-11 12:06:29.635000
151801,1481004,2026-03-04 14:33:16.379000,2026-03-11 00:00:00,Fulfilled,CORE REVELRY-OCEAN RESORT CASINO|DAYTON|NJ|08810|US,CORE REVELRY-OCEAN RESORT CASINO,DAYTON,NJ,08810,US,1801004,,"CB-SPD-BAN Bar - Coconut & Banana Super Dark Chocolate Bar, 3 oz.",Sale,12.000000000,12.000000000,5.040000000,60.480000000,19.239001524,2026-03-11 12:06:29.635000
151801,1481004,2026-03-04 14:33:16.379000,2026-03-11 00:00:00,Fulfilled,CORE REVELRY-OCEAN RESORT CASINO|DAYTON|NJ|08810|US,CORE REVELRY-OCEAN RESORT CASINO,DAYTON,NJ,08810,US,1801021,,"CB-EXO-BAC Bar- Bacon Exotic Chocolate Bar, 3 oz",Sale,12.000000000,12.000000000,5.040000000,60.480000000,20.807520000,2026-03-11 12:06:29.635000
151801,1481004,2026-03-04 14:33:16.379000,2026-03-11 00:00:00,Fulfilled,CORE REVELRY-OCEAN RESORT CASINO|DAYTON|NJ|08810|US,CORE REVELRY-OCEAN RESORT CASINO,DAYTON,NJ,08810,US,1801022,,"CB-EXO-BAR Bar- Barcelona Exotic Chocolate Bar, 3oz",Sale,12.000000000,12.000000000,5.040000000,60.480000000,21.264960000,2026-03-11 12:06:29.635000
151802,1481005,2026-03-04 14:34:46.455000,2026-03-11 00:00:00,Fulfilled,CORE LOBBY-OCEAN RESORT CASINO|DAYTON|NJ|08810|US,CORE LOBBY-OCEAN RESORT CASINO,DAYTON,NJ,08810,US,1801009,,"CB-SPD-GRE Bar - Matcha Green Tea Chocolate Bar, 3 oz.",Sale,12.000000000,12.000000000,5.040000000,60.480000000,21.282219576,2026-03-11 12:06:29.289000
151802,1481005,2026-03-04 14:34:46.455000,2026-03-11 00:00:00,Fulfilled,CORE LOBBY-OCEAN RESORT CASINO|DAYTON|NJ|08810|US,CORE LOBBY-OCEAN RESORT CASINO,DAYTON,NJ,08810,US,1801012,,"CB-EXO-PHC Bar - Pink Himalayan Crystal Salt Caramel Exotic Chocolate Bar, 3 oz.",Sale,12.000000000,12.000000000,5.040000000,60.480000000,18.670680000,2026-03-11 12:06:29.289000
151802,1481005,2026-03-04 14:34:46.455000,2026-03-11 00:00:00,Fulfilled,CORE LOBBY-OCEAN RESORT CASINO|DAYTON|NJ|08810|US,CORE LOBBY-OCEAN RESORT CASINO,DAYTON,NJ,08810,US,1801004,,"CB-SPD-BAN Bar - Coconut & Banana Super Dark Chocolate Bar, 3 oz.",Sale,12.000000000,12.000000000,5.040000000,60.480000000,19.239001524,2026-03-11 12:06:29.289000
151802,1481005,2026-03-04 14:34:46.455000,2026-03-11 00:00:00,Fulfilled,CORE LOBBY-OCEAN RESORT CASINO|DAYTON|NJ|08810|US,CORE LOBBY-OCEAN RESORT CASINO,DAYTON,NJ,08810,US,1801021,,"CB-EXO-BAC Bar- Bacon Exotic Chocolate Bar, 3 oz",Sale,12.000000000,12.000000000,5.040000000,60.480000000,20.807520000,2026-03-11 12:06:29.289000
151802,1481005,2026-03-04 14:34:46.455000,2026-03-11 00:00:00,Fulfilled,CORE LOBBY-OCEAN RESORT CASINO|DAYTON|NJ|08810|US,CORE LOBBY-OCEAN RESORT CASINO,DAYTON,NJ,08810,US,1801022,,"CB-EXO-BAR Bar- Barcelona Exotic Chocolate Bar, 3oz",Sale,12.000000000,12.000000000,5.040000000,60.480000000,21.264960000,2026-03-11 12:06:29.289000
151803,1481006,2026-03-04 14:36:12.295000,2026-03-11 00:00:00,Fulfilled,Welcome to LV-Forum Shops|Las Vegas|NV|89109|US,Welcome to LV-Forum Shops,Las Vegas,NV,89109,US,1801009,,"CB-SPD-GRE Bar - Matcha Green Tea Chocolate Bar, 3 oz.",Sale,12.000000000,12.000000000,5.040000000,60.480000000,21.282219576,2026-03-11 12:06:30.330000
151803,1481006,2026-03-04 14:36:12.295000,2026-03-11 00:00:00,Fulfilled,Welcome to LV-Forum Shops|Las Vegas|NV|89109|US,Welcome to LV-Forum Shops,Las Vegas,NV,89109,US,1801012,,"CB-EXO-PHC Bar - Pink Himalayan Crystal Salt Caramel Exotic Chocolate Bar, 3 oz.",Sale,12.000000000,12.000000000,5.040000000,60.480000000,18.670680000,2026-03-11 12:06:30.330000
151803,1481006,2026-03-04 14:36:12.295000,2026-03-11 00:00:00,Fulfilled,Welcome to LV-Forum Shops|Las Vegas|NV|89109|US,Welcome to LV-Forum Shops,Las Vegas,NV,89109,US,1801004,,"CB-SPD-BAN Bar - Coconut & Banana Super Dark Chocolate Bar, 3 oz.",Sale,12.000000000,12.000000000,5.040000000,60.480000000,19.239001524,2026-03-11 12:06:30.330000
151803,1481006,2026-03-04 14:36:12.295000,2026-03-11 00:00:00,Fulfilled,Welcome to LV-Forum Shops|Las Vegas|NV|89109|US,Welcome to LV-Forum Shops,Las Vegas,NV,89109,US,1801021,,"CB-EXO-BAC Bar- Bacon Exotic Chocolate Bar, 3 oz",Sale,12.000000000,12.000000000,5.040000000,60.480000000,20.807520000,2026-03-11 12:06:30.330000
151803,1481006,2026-03-04 14:36:12.295000,2026-03-11 00:00:00,Fulfilled,Welcome to LV-Forum Shops|Las Vegas|NV|89109|US,Welcome to LV-Forum Shops,Las Vegas,NV,89109,US,1801022,,"CB-EXO-BAR Bar- Barcelona Exotic Chocolate Bar, 3oz",Sale,12.000000000,12.000000000,5.040000000,60.480000000,21.264960000,2026-03-11 12:06:30.330000
151804,1481007,2026-03-04 14:37:27.168000,2026-03-11 00:00:00,Fulfilled,ESSENTIALS-HILTON ELARA|LAS VEGAS|NV|89109|US,ESSENTIALS-HILTON ELARA,LAS VEGAS,NV,89109,US,1801009,,"CB-SPD-GRE Bar - Matcha Green Tea Chocolate Bar, 3 oz.",Sale,12.000000000,12.000000000,5.040000000,60.480000000,21.282219576,2026-03-11 12:06:30.674000
151804,1481007,2026-03-04 14:37:27.168000,2026-03-11 00:00:00,Fulfilled,ESSENTIALS-HILTON ELARA|LAS VEGAS|NV|89109|US,ESSENTIALS-HILTON ELARA,LAS VEGAS,NV,89109,US,1801012,,"CB-EXO-PHC Bar - Pink Himalayan Crystal Salt Caramel Exotic Chocolate Bar, 3 oz.",Sale,12.000000000,12.000000000,5.040000000,60.480000000,18.670680000,2026-03-11 12:06:30.674000
151804,1481007,2026-03-04 14:37:27.168000,2026-03-11 00:00:00,Fulfilled,ESSENTIALS-HILTON ELARA|LAS VEGAS|NV|89109|US,ESSENTIALS-HILTON ELARA,LAS VEGAS,NV,89109,US,1801004,,"CB-SPD-BAN Bar - Coconut & Banana Super Dark Chocolate Bar, 3 oz.",Sale,12.000000000,12.000000000,5.040000000,60.480000000,19.239001524,2026-03-11 12:06:30.674000
151804,1481007,2026-03-04 14:37:27.168000,2026-03-11 00:00:00,Fulfilled,ESSENTIALS-HILTON ELARA|LAS VEGAS|NV|89109|US,ESSENTIALS-HILTON ELARA,LAS VEGAS,NV,89109,US,1801021,,"CB-EXO-BAC Bar- Bacon Exotic Chocolate Bar, 3 oz",Sale,12.000000000,12.000000000,5.040000000,60.480000000,20.807520000,2026-03-11 12:06:30.674000
151804,1481007,2026-03-04 14:37:27.168000,2026-03-11 00:00:00,Fulfilled,ESSENTIALS-HILTON ELARA|LAS VEGAS|NV|89109|US,ESSENTIALS-HILTON ELARA,LAS VEGAS,NV,89109,US,1801022,,"CB-EXO-BAR Bar- Barcelona Exotic Chocolate Bar, 3oz",Sale,12.000000000,12.000000000,5.040000000,60.480000000,21.264960000,2026-03-11 12:06:30.674000
151805,1481008,2026-03-04 14:38:17.857000,2026-03-11 00:00:00,Fulfilled,La Palmas Oasis -- PSP|Palm Springs|CA|92262|US,La Palmas Oasis -- PSP,Palm Springs,CA,92262,US,1801009,,"CB-SPD-GRE Bar - Matcha Green Tea Chocolate Bar, 3 oz.",Sale,12.000000000,12.000000000,5.040000000,60.480000000,21.282219576,2026-03-11 12:06:31.357000
151805,1481008,2026-03-04 14:38:17.857000,2026-03-11 00:00:00,Fulfilled,La Palmas Oasis -- PSP|Palm Springs|CA|92262|US,La Palmas Oasis -- PSP,Palm Springs,CA,92262,US,1801012,,"CB-EXO-PHC Bar - Pink Himalayan Crystal Salt Caramel Exotic Chocolate Bar, 3 oz.",Sale,12.000000000,12.000000000,5.040000000,60.480000000,18.670680000,2026-03-11 12:06:31.357000
151805,1481008,2026-03-04 14:38:17.857000,2026-03-11 00:00:00,Fulfilled,La Palmas Oasis -- PSP|Palm Springs|CA|92262|US,La Palmas Oasis -- PSP,Palm Springs,CA,92262,US,1801004,,"CB-SPD-BAN Bar - Coconut & Banana Super Dark Chocolate Bar, 3 oz.",Sale,12.000000000,12.000000000,5.040000000,60.480000000,19.239001524,2026-03-11 12:06:31.357000
151805,1481008,2026-03-04 14:38:17.857000,2026-03-11 00:00:00,Fulfilled,La Palmas Oasis -- PSP|Palm Springs|CA|92262|US,La Palmas Oasis -- PSP,Palm Springs,CA,92262,US,1801021,,"CB-EXO-BAC Bar- Bacon Exotic Chocolate Bar, 3 oz",Sale,12.000000000,12.000000000,5.040000000,60.480000000,20.807520000,2026-03-11 12:06:31.357000
151805,1481008,2026-03-04 14:38:17.857000,2026-03-11 00:00:00,Fulfilled,La Palmas Oasis -- PSP|Palm Springs|CA|92262|US,La Palmas Oasis -- PSP,Palm Springs,CA,92262,US,1801022,,"CB-EXO-BAR Bar- Barcelona Exotic Chocolate Bar, 3oz",Sale,12.000000000,12.000000000,5.040000000,60.480000000,21.264960000,2026-03-11 12:06:31.357000
151806,1481009,2026-03-04 14:39:31.499000,2026-03-11 00:00:00,Fulfilled,UPTOWN ESSENTIALS-PSP AP|Palm Springs|CA|92262|US,UPTOWN ESSENTIALS-PSP AP,Palm Springs,CA,92262,US,1801009,,"CB-SPD-GRE Bar - Matcha Green Tea Chocolate Bar, 3 oz.",Sale,12.000000000,12.000000000,5.040000000,60.480000000,21.282219576,2026-03-11 12:06:31.020000
151806,1481009,2026-03-04 14:39:31.499000,2026-03-11 00:00:00,Fulfilled,UPTOWN ESSENTIALS-PSP AP|Palm Springs|CA|92262|US,UPTOWN ESSENTIALS-PSP AP,Palm Springs,CA,92262,US,1801012,,"CB-EXO-PHC Bar - Pink Himalayan Crystal Salt Caramel Exotic Chocolate Bar, 3 oz.",Sale,12.000000000,12.000000000,5.040000000,60.480000000,18.670680000,2026-03-11 12:06:31.020000
151806,1481009,2026-03-04 14:39:31.499000,2026-03-11 00:00:00,Fulfilled,UPTOWN ESSENTIALS-PSP AP|Palm Springs|CA|92262|US,UPTOWN ESSENTIALS-PSP AP,Palm Springs,CA,92262,US,1801004,,"CB-SPD-BAN Bar - Coconut & Banana Super Dark Chocolate Bar, 3 oz.",Sale,12.000000000,12.000000000,5.040000000,60.480000000,19.239001524,2026-03-11 12:06:31.020000
151806,1481009,2026-03-04 14:39:31.499000,2026-03-11 00:00:00,Fulfilled,UPTOWN ESSENTIALS-PSP AP|Palm Springs|CA|92262|US,UPTOWN ESSENTIALS-PSP AP,Palm Springs,CA,92262,US,1801021,,"CB-EXO-BAC Bar- Bacon Exotic Chocolate Bar, 3 oz",Sale,12.000000000,12.000000000,5.040000000,60.480000000,20.807520000,2026-03-11 12:06:31.020000
151806,1481009,2026-03-04 14:39:31.499000,2026-03-11 00:00:00,Fulfilled,UPTOWN ESSENTIALS-PSP AP|Palm Springs|CA|92262|US,UPTOWN ESSENTIALS-PSP AP,Palm Springs,CA,92262,US,1801022,,"CB-EXO-BAR Bar- Barcelona Exotic Chocolate Bar, 3oz",Sale,12.000000000,12.000000000,5.040000000,60.480000000,21.264960000,2026-03-11 12:06:31.020000
151807,1481010,2026-03-04 14:41:32.809000,2026-03-16 00:00:00,Fulfilled,Welcome to LV-Forum Shops|Las Vegas|NV|89109|US,Welcome to LV-Forum Shops,Las Vegas,NV,89109,US,1801009,,"CB-SPD-GRE Bar - Matcha Green Tea Chocolate Bar, 3 oz.",Sale,12.000000000,12.000000000,5.040000000,60.480000000,21.282219576,2026-03-17 14:57:01.911000
151807,1481010,2026-03-04 14:41:32.809000,2026-03-16 00:00:00,Fulfilled,Welcome to LV-Forum Shops|Las Vegas|NV|89109|US,Welcome to LV-Forum Shops,Las Vegas,NV,89109,US,1801012,,"CB-EXO-PHC Bar - Pink Himalayan Crystal Salt Caramel Exotic Chocolate Bar, 3 oz.",Sale,12.000000000,12.000000000,5.040000000,60.480000000,15.649422828,2026-03-17 14:57:01.911000
151807,1481010,2026-03-04 14:41:32.809000,2026-03-16 00:00:00,Fulfilled,Welcome to LV-Forum Shops|Las Vegas|NV|89109|US,Welcome to LV-Forum Shops,Las Vegas,NV,89109,US,1801004,,"CB-SPD-BAN Bar - Coconut & Banana Super Dark Chocolate Bar, 3 oz.",Sale,12.000000000,12.000000000,5.040000000,60.480000000,19.239001524,2026-03-17 14:57:01.911000
151807,1481010,2026-03-04 14:41:32.809000,2026-03-16 00:00:00,Fulfilled,Welcome to LV-Forum Shops|Las Vegas|NV|89109|US,Welcome to LV-Forum Shops,Las Vegas,NV,89109,US,1801021,,"CB-EXO-BAC Bar- Bacon Exotic Chocolate Bar, 3 oz",Sale,12.000000000,12.000000000,5.040000000,60.480000000,20.807520000,2026-03-17 14:57:01.911000
151807,1481010,2026-03-04 14:41:32.809000,2026-03-16 00:00:00,Fulfilled,Welcome to LV-Forum Shops|Las Vegas|NV|89109|US,Welcome to LV-Forum Shops,Las Vegas,NV,89109,US,1801022,,"CB-EXO-BAR Bar- Barcelona Exotic Chocolate Bar, 3oz",Sale,12.000000000,12.000000000,5.040000000,60.480000000,21.264960000,2026-03-17 14:57:01.911000
151808,1481011,2026-03-04 14:44:25.168000,2026-03-12 00:00:00,Fulfilled,WELCOME LAS VEGAS-PROJECT 63|Las Vegas|NV|89109|US,WELCOME LAS VEGAS-PROJECT 63,Las Vegas,NV,89109,US,1801009,,"CB-SPD-GRE Bar - Matcha Green Tea Chocolate Bar, 3 oz.",Sale,12.000000000,12.000000000,5.040000000,60.480000000,21.282219576,2026-03-16 15:09:02.011000
151808,1481011,2026-03-04 14:44:25.168000,2026-03-12 00:00:00,Fulfilled,WELCOME LAS VEGAS-PROJECT 63|Las Vegas|NV|89109|US,WELCOME LAS VEGAS-PROJECT 63,Las Vegas,NV,89109,US,1801012,,"CB-EXO-PHC Bar - Pink Himalayan Crystal Salt Caramel Exotic Chocolate Bar, 3 oz.",Sale,12.000000000,12.000000000,5.040000000,60.480000000,15.649422828,2026-03-16 15:09:02.011000
151808,1481011,2026-03-04 14:44:25.168000,2026-03-12 00:00:00,Fulfilled,WELCOME LAS VEGAS-PROJECT 63|Las Vegas|NV|89109|US,WELCOME LAS VEGAS-PROJECT 63,Las Vegas,NV,89109,US,1801004,,"CB-SPD-BAN Bar - Coconut & Banana Super Dark Chocolate Bar, 3 oz.",Sale,12.000000000,12.000000000,5.040000000,60.480000000,19.239001524,2026-03-16 15:09:02.011000
151808,1481011,2026-03-04 14:44:25.168000,2026-03-12 00:00:00,Fulfilled,WELCOME LAS VEGAS-PROJECT 63|Las Vegas|NV|89109|US,WELCOME LAS VEGAS-PROJECT 63,Las Vegas,NV,89109,US,1801021,,"CB-EXO-BAC Bar- Bacon Exotic Chocolate Bar, 3 oz",Sale,12.000000000,12.000000000,5.040000000,60.480000000,20.807520000,2026-03-16 15:09:02.011000
151808,1481011,2026-03-04 14:44:25.168000,2026-03-12 00:00:00,Fulfilled,WELCOME LAS VEGAS-PROJECT 63|Las Vegas|NV|89109|US,WELCOME LAS VEGAS-PROJECT 63,Las Vegas,NV,89109,US,1801022,,"CB-EXO-BAR Bar- Barcelona Exotic Chocolate Bar, 3oz",Sale,12.000000000,12.000000000,5.040000000,60.480000000,21.264960000,2026-03-16 15:09:02.011000
151809,1481012,2026-03-04 14:46:19.943000,2026-03-12 00:00:00,Fulfilled,0153 FUEL AT CIRCA|LAS VEGAS|NV|89101|US,0153 FUEL AT CIRCA,LAS VEGAS,NV,89101,US,1801009,,"CB-SPD-GRE Bar - Matcha Green Tea Chocolate Bar, 3 oz.",Sale,12.000000000,12.000000000,5.040000000,60.480000000,21.282219576,2026-03-16 16:30:49.241000
151809,1481012,2026-03-04 14:46:19.943000,2026-03-12 00:00:00,Fulfilled,0153 FUEL AT CIRCA|LAS VEGAS|NV|89101|US,0153 FUEL AT CIRCA,LAS VEGAS,NV,89101,US,1801012,,"CB-EXO-PHC Bar - Pink Himalayan Crystal Salt Caramel Exotic Chocolate Bar, 3 oz.",Sale,12.000000000,12.000000000,5.040000000,60.480000000,15.649422828,2026-03-16 16:30:49.241000
151809,1481012,2026-03-04 14:46:19.943000,2026-03-12 00:00:00,Fulfilled,0153 FUEL AT CIRCA|LAS VEGAS|NV|89101|US,0153 FUEL AT CIRCA,LAS VEGAS,NV,89101,US,1801004,,"CB-SPD-BAN Bar - Coconut & Banana Super Dark Chocolate Bar, 3 oz.",Sale,12.000000000,12.000000000,5.040000000,60.480000000,19.239001524,2026-03-16 16:30:49.241000
151809,1481012,2026-03-04 14:46:19.943000,2026-03-12 00:00:00,Fulfilled,0153 FUEL AT CIRCA|LAS VEGAS|NV|89101|US,0153 FUEL AT CIRCA,LAS VEGAS,NV,89101,US,1801021,,"CB-EXO-BAC Bar- Bacon Exotic Chocolate Bar, 3 oz",Sale,12.000000000,12.000000000,5.040000000,60.480000000,20.807520000,2026-03-16 16:30:49.241000
151809,1481012,2026-03-04 14:46:19.943000,2026-03-12 00:00:00,Fulfilled,0153 FUEL AT CIRCA|LAS VEGAS|NV|89101|US,0153 FUEL AT CIRCA,LAS VEGAS,NV,89101,US,1801022,,"CB-EXO-BAR Bar- Barcelona Exotic Chocolate Bar, 3oz",Sale,12.000000000,12.000000000,5.040000000,60.480000000,21.264960000,2026-03-16 16:30:49.241000
151810,1481013,2026-03-04 14:47:58.860000,2026-03-12 00:00:00,Fulfilled,0711 TMZ-LAX AIRPORT (TBIT)|EL SEGUNDO|CA|90245|US,0711 TMZ-LAX AIRPORT (TBIT),EL SEGUNDO,CA,90245,US,1801009,,"CB-SPD-GRE Bar - Matcha Green Tea Chocolate Bar, 3 oz.",Sale,12.000000000,12.000000000,5.040000000,60.480000000,21.282219576,2026-03-16 15:09:02.619000
151810,1481013,2026-03-04 14:47:58.860000,2026-03-12 00:00:00,Fulfilled,0711 TMZ-LAX AIRPORT (TBIT)|EL SEGUNDO|CA|90245|US,0711 TMZ-LAX AIRPORT (TBIT),EL SEGUNDO,CA,90245,US,1801012,,"CB-EXO-PHC Bar - Pink Himalayan Crystal Salt Caramel Exotic Chocolate Bar, 3 oz.",Sale,12.000000000,12.000000000,5.040000000,60.480000000,15.649422828,2026-03-16 15:09:02.619000
151810,1481013,2026-03-04 14:47:58.860000,2026-03-12 00:00:00,Fulfilled,0711 TMZ-LAX AIRPORT (TBIT)|EL SEGUNDO|CA|90245|US,0711 TMZ-LAX AIRPORT (TBIT),EL SEGUNDO,CA,90245,US,1801004,,"CB-SPD-BAN Bar - Coconut & Banana Super Dark Chocolate Bar, 3 oz.",Sale,12.000000000,12.000000000,5.040000000,60.480000000,19.239001524,2026-03-16 15:09:02.619000
151810,1481013,2026-03-04 14:47:58.860000,2026-03-12 00:00:00,Fulfilled,0711 TMZ-LAX AIRPORT (TBIT)|EL SEGUNDO|CA|90245|US,0711 TMZ-LAX AIRPORT (TBIT),EL SEGUNDO,CA,90245,US,1801021,,"CB-EXO-BAC Bar- Bacon Exotic Chocolate Bar, 3 oz",Sale,12.000000000,12.000000000,5.040000000,60.480000000,20.807520000,2026-03-16 15:09:02.619000
151810,1481013,2026-03-04 14:47:58.860000,2026-03-12 00:00:00,Fulfilled,0711 TMZ-LAX AIRPORT (TBIT)|EL SEGUNDO|CA|90245|US,0711 TMZ-LAX AIRPORT (TBIT),EL SEGUNDO,CA,90245,US,1801022,,"CB-EXO-BAR Bar- Barcelona Exotic Chocolate Bar, 3oz",Sale,12.000000000,12.000000000,5.040000000,60.480000000,21.264960000,2026-03-16 15:09:02.619000
151811,1481014,2026-03-04 14:50:07.997000,2026-03-12 00:00:00,Fulfilled,0151 WELCOME LAS VEGAS-GRAND CANAL  SHOPS (2|LAS VEGAS|NV|89109|US,0151 WELCOME LAS VEGAS-GRAND CANAL  SHOPS (2,LAS VEGAS,NV,89109,US,1801009,,"CB-SPD-GRE Bar - Matcha Green Tea Chocolate Bar, 3 oz.",Sale,12.000000000,12.000000000,5.040000000,60.480000000,21.282219576,2026-03-16 16:30:50.318000
151811,1481014,2026-03-04 14:50:07.997000,2026-03-12 00:00:00,Fulfilled,0151 WELCOME LAS VEGAS-GRAND CANAL  SHOPS (2|LAS VEGAS|NV|89109|US,0151 WELCOME LAS VEGAS-GRAND CANAL  SHOPS (2,LAS VEGAS,NV,89109,US,1801012,,"CB-EXO-PHC Bar - Pink Himalayan Crystal Salt Caramel Exotic Chocolate Bar, 3 oz.",Sale,12.000000000,12.000000000,5.040000000,60.480000000,15.649422828,2026-03-16 16:30:50.318000
151811,1481014,2026-03-04 14:50:07.997000,2026-03-12 00:00:00,Fulfilled,0151 WELCOME LAS VEGAS-GRAND CANAL  SHOPS (2|LAS VEGAS|NV|89109|US,0151 WELCOME LAS VEGAS-GRAND CANAL  SHOPS (2,LAS VEGAS,NV,89109,US,1801004,,"CB-SPD-BAN Bar - Coconut & Banana Super Dark Chocolate Bar, 3 oz.",Sale,12.000000000,12.000000000,5.040000000,60.480000000,19.239001524,2026-03-16 16:30:50.318000
151811,1481014,2026-03-04 14:50:07.997000,2026-03-12 00:00:00,Fulfilled,0151 WELCOME LAS VEGAS-GRAND CANAL  SHOPS (2|LAS VEGAS|NV|89109|US,0151 WELCOME LAS VEGAS-GRAND CANAL  SHOPS (2,LAS VEGAS,NV,89109,US,1801021,,"CB-EXO-BAC Bar- Bacon Exotic Chocolate Bar, 3 oz",Sale,12.000000000,12.000000000,5.040000000,60.480000000,20.807520000,2026-03-16 16:30:50.318000
151811,1481014,2026-03-04 14:50:07.997000,2026-03-12 00:00:00,Fulfilled,0151 WELCOME LAS VEGAS-GRAND CANAL  SHOPS (2|LAS VEGAS|NV|89109|US,0151 WELCOME LAS VEGAS-GRAND CANAL  SHOPS (2,LAS VEGAS,NV,89109,US,1801022,,"CB-EXO-BAR Bar- Barcelona Exotic Chocolate Bar, 3oz",Sale,12.000000000,12.000000000,5.040000000,60.480000000,21.264960000,2026-03-16 16:30:50.318000
151812,1481015,2026-03-04 14:51:57.532000,2026-03-12 00:00:00,Fulfilled,0143 THE D SHOP|LAS VEGAS|NV|89101|US,0143 THE D SHOP,LAS VEGAS,NV,89101,US,1801009,,"CB-SPD-GRE Bar - Matcha Green Tea Chocolate Bar, 3 oz.",Sale,12.000000000,12.000000000,5.040000000,60.480000000,21.282219576,2026-03-16 16:30:51.946000
151812,1481015,2026-03-04 14:51:57.532000,2026-03-12 00:00:00,Fulfilled,0143 THE D SHOP|LAS VEGAS|NV|89101|US,0143 THE D SHOP,LAS VEGAS,NV,89101,US,1801012,,"CB-EXO-PHC Bar - Pink Himalayan Crystal Salt Caramel Exotic Chocolate Bar, 3 oz.",Sale,12.000000000,12.000000000,5.040000000,60.480000000,15.649422828,2026-03-16 16:30:51.946000
151812,1481015,2026-03-04 14:51:57.532000,2026-03-12 00:00:00,Fulfilled,0143 THE D SHOP|LAS VEGAS|NV|89101|US,0143 THE D SHOP,LAS VEGAS,NV,89101,US,1801004,,"CB-SPD-BAN Bar - Coconut & Banana Super Dark Chocolate Bar, 3 oz.",Sale,12.000000000,12.000000000,5.040000000,60.480000000,19.239001524,2026-03-16 16:30:51.946000
151812,1481015,2026-03-04 14:51:57.532000,2026-03-12 00:00:00,Fulfilled,0143 THE D SHOP|LAS VEGAS|NV|89101|US,0143 THE D SHOP,LAS VEGAS,NV,89101,US,1801021,,"CB-EXO-BAC Bar- Bacon Exotic Chocolate Bar, 3 oz",Sale,12.000000000,12.000000000,5.040000000,60.480000000,20.807520000,2026-03-16 16:30:51.946000
151812,1481015,2026-03-04 14:51:57.532000,2026-03-12 00:00:00,Fulfilled,0143 THE D SHOP|LAS VEGAS|NV|89101|US,0143 THE D SHOP,LAS VEGAS,NV,89101,US,1801022,,"CB-EXO-BAR Bar- Barcelona Exotic Chocolate Bar, 3oz",Sale,12.000000000,12.000000000,5.040000000,60.480000000,21.264960000,2026-03-16 16:30:51.946000
151813,1481016,2026-03-04 14:53:49.921000,2026-03-12 00:00:00,Fulfilled,0131 IMPULSE-SAHARA|LAS VEGAS|NV|89109|US,0131 IMPULSE-SAHARA,LAS VEGAS,NV,89109,US,1801009,,"CB-SPD-GRE Bar - Matcha Green Tea Chocolate Bar, 3 oz.",Sale,12.000000000,12.000000000,5.040000000,60.480000000,21.282219576,2026-03-16 16:27:03.553000
151813,1481016,2026-03-04 14:53:49.921000,2026-03-12 00:00:00,Fulfilled,0131 IMPULSE-SAHARA|LAS VEGAS|NV|89109|US,0131 IMPULSE-SAHARA,LAS VEGAS,NV,89109,US,1801012,,"CB-EXO-PHC Bar - Pink Himalayan Crystal Salt Caramel Exotic Chocolate Bar, 3 oz.",Sale,12.000000000,12.000000000,5.040000000,60.480000000,15.649422828,2026-03-16 16:27:03.553000
151813,1481016,2026-03-04 14:53:49.921000,2026-03-12 00:00:00,Fulfilled,0131 IMPULSE-SAHARA|LAS VEGAS|NV|89109|US,0131 IMPULSE-SAHARA,LAS VEGAS,NV,89109,US,1801004,,"CB-SPD-BAN Bar - Coconut & Banana Super Dark Chocolate Bar, 3 oz.",Sale,12.000000000,12.000000000,5.040000000,60.480000000,19.239001524,2026-03-16 16:27:03.553000
151813,1481016,2026-03-04 14:53:49.921000,2026-03-12 00:00:00,Fulfilled,0131 IMPULSE-SAHARA|LAS VEGAS|NV|89109|US,0131 IMPULSE-SAHARA,LAS VEGAS,NV,89109,US,1801021,,"CB-EXO-BAC Bar- Bacon Exotic Chocolate Bar, 3 oz",Sale,12.000000000,12.000000000,5.040000000,60.480000000,20.807520000,2026-03-16 16:27:03.553000
151813,1481016,2026-03-04 14:53:49.921000,2026-03-12 00:00:00,Fulfilled,0131 IMPULSE-SAHARA|LAS VEGAS|NV|89109|US,0131 IMPULSE-SAHARA,LAS VEGAS,NV,89109,US,1801022,,"CB-EXO-BAR Bar- Barcelona Exotic Chocolate Bar, 3oz",Sale,12.000000000,12.000000000,5.040000000,60.480000000,21.264960000,2026-03-16 16:27:03.553000
151814,1481017,2026-03-04 14:55:30.326000,2026-03-12 00:00:00,Fulfilled,GIFT SHOP-FORUM SHOPS (VALET)|LAS VEGAS|NV|89109|US,GIFT SHOP-FORUM SHOPS (VALET),LAS VEGAS,NV,89109,US,1801009,,"CB-SPD-GRE Bar - Matcha Green Tea Chocolate Bar, 3 oz.",Sale,12.000000000,12.000000000,5.040000000,60.480000000,21.282219576,2026-03-16 16:30:51.127000
151814,1481017,2026-03-04 14:55:30.326000,2026-03-12 00:00:00,Fulfilled,GIFT SHOP-FORUM SHOPS (VALET)|LAS VEGAS|NV|89109|US,GIFT SHOP-FORUM SHOPS (VALET),LAS VEGAS,NV,89109,US,1801012,,"CB-EXO-PHC Bar - Pink Himalayan Crystal Salt Caramel Exotic Chocolate Bar, 3 oz.",Sale,12.000000000,12.000000000,5.040000000,60.480000000,15.649422828,2026-03-16 16:30:51.127000
151814,1481017,2026-03-04 14:55:30.326000,2026-03-12 00:00:00,Fulfilled,GIFT SHOP-FORUM SHOPS (VALET)|LAS VEGAS|NV|89109|US,GIFT SHOP-FORUM SHOPS (VALET),LAS VEGAS,NV,89109,US,1801004,,"CB-SPD-BAN Bar - Coconut & Banana Super Dark Chocolate Bar, 3 oz.",Sale,12.000000000,12.000000000,5.040000000,60.480000000,19.239001524,2026-03-16 16:30:51.127000
151814,1481017,2026-03-04 14:55:30.326000,2026-03-12 00:00:00,Fulfilled,GIFT SHOP-FORUM SHOPS (VALET)|LAS VEGAS|NV|89109|US,GIFT SHOP-FORUM SHOPS (VALET),LAS VEGAS,NV,89109,US,1801021,,"CB-EXO-BAC Bar- Bacon Exotic Chocolate Bar, 3 oz",Sale,12.000000000,12.000000000,5.040000000,60.480000000,20.807520000,2026-03-16 16:30:51.127000
151814,1481017,2026-03-04 14:55:30.326000,2026-03-12 00:00:00,Fulfilled,GIFT SHOP-FORUM SHOPS (VALET)|LAS VEGAS|NV|89109|US,GIFT SHOP-FORUM SHOPS (VALET),LAS VEGAS,NV,89109,US,1801022,,"CB-EXO-BAR Bar- Barcelona Exotic Chocolate Bar, 3oz",Sale,12.000000000,12.000000000,5.040000000,60.480000000,21.264960000,2026-03-16 16:30:51.127000
151815,1481018,2026-03-04 14:56:58.942000,2026-03-12 00:00:00,Fulfilled,WELCOME LAS VEGAS-THE STRAT|LAS VEGAS|NV|89104|US,WELCOME LAS VEGAS-THE STRAT,LAS VEGAS,NV,89104,US,1801009,,"CB-SPD-GRE Bar - Matcha Green Tea Chocolate Bar, 3 oz.",Sale,12.000000000,12.000000000,5.040000000,60.480000000,21.282219576,2026-03-16 16:30:51.534000
151815,1481018,2026-03-04 14:56:58.942000,2026-03-12 00:00:00,Fulfilled,WELCOME LAS VEGAS-THE STRAT|LAS VEGAS|NV|89104|US,WELCOME LAS VEGAS-THE STRAT,LAS VEGAS,NV,89104,US,1801012,,"CB-EXO-PHC Bar - Pink Himalayan Crystal Salt Caramel Exotic Chocolate Bar, 3 oz.",Sale,12.000000000,12.000000000,5.040000000,60.480000000,15.649422828,2026-03-16 16:30:51.534000
151815,1481018,2026-03-04 14:56:58.942000,2026-03-12 00:00:00,Fulfilled,WELCOME LAS VEGAS-THE STRAT|LAS VEGAS|NV|89104|US,WELCOME LAS VEGAS-THE STRAT,LAS VEGAS,NV,89104,US,1801004,,"CB-SPD-BAN Bar - Coconut & Banana Super Dark Chocolate Bar, 3 oz.",Sale,12.000000000,12.000000000,5.040000000,60.480000000,19.239001524,2026-03-16 16:30:51.534000
151815,1481018,2026-03-04 14:56:58.942000,2026-03-12 00:00:00,Fulfilled,WELCOME LAS VEGAS-THE STRAT|LAS VEGAS|NV|89104|US,WELCOME LAS VEGAS-THE STRAT,LAS VEGAS,NV,89104,US,1801021,,"CB-EXO-BAC Bar- Bacon Exotic Chocolate Bar, 3 oz",Sale,12.000000000,12.000000000,5.040000000,60.480000000,20.807520000,2026-03-16 16:30:51.534000
151815,1481018,2026-03-04 14:56:58.942000,2026-03-12 00:00:00,Fulfilled,WELCOME LAS VEGAS-THE STRAT|LAS VEGAS|NV|89104|US,WELCOME LAS VEGAS-THE STRAT,LAS VEGAS,NV,89104,US,1801022,,"CB-EXO-BAR Bar- Barcelona Exotic Chocolate Bar, 3oz",Sale,12.000000000,12.000000000,5.040000000,60.480000000,21.264960000,2026-03-16 16:30:51.534000
151816,1481019,2026-03-04 14:58:21.264000,2026-03-12 00:00:00,Fulfilled,EXHILARATE 108-THE STRAT|LAS VEGAS|NV|89104|US,EXHILARATE 108-THE STRAT,LAS VEGAS,NV,89104,US,1801009,,"CB-SPD-GRE Bar - Matcha Green Tea Chocolate Bar, 3 oz.",Sale,12.000000000,12.000000000,5.040000000,60.480000000,21.282219576,2026-03-16 16:30:50.727000
151816,1481019,2026-03-04 14:58:21.264000,2026-03-12 00:00:00,Fulfilled,EXHILARATE 108-THE STRAT|LAS VEGAS|NV|89104|US,EXHILARATE 108-THE STRAT,LAS VEGAS,NV,89104,US,1801012,,"CB-EXO-PHC Bar - Pink Himalayan Crystal Salt Caramel Exotic Chocolate Bar, 3 oz.",Sale,12.000000000,12.000000000,5.040000000,60.480000000,15.649422828,2026-03-16 16:30:50.727000
151816,1481019,2026-03-04 14:58:21.264000,2026-03-12 00:00:00,Fulfilled,EXHILARATE 108-THE STRAT|LAS VEGAS|NV|89104|US,EXHILARATE 108-THE STRAT,LAS VEGAS,NV,89104,US,1801004,,"CB-SPD-BAN Bar - Coconut & Banana Super Dark Chocolate Bar, 3 oz.",Sale,12.000000000,12.000000000,5.040000000,60.480000000,19.239001524,2026-03-16 16:30:50.727000
151816,1481019,2026-03-04 14:58:21.264000,2026-03-12 00:00:00,Fulfilled,EXHILARATE 108-THE STRAT|LAS VEGAS|NV|89104|US,EXHILARATE 108-THE STRAT,LAS VEGAS,NV,89104,US,1801021,,"CB-EXO-BAC Bar- Bacon Exotic Chocolate Bar, 3 oz",Sale,12.000000000,12.000000000,5.040000000,60.480000000,20.807520000,2026-03-16 16:30:50.727000
151816,1481019,2026-03-04 14:58:21.264000,2026-03-12 00:00:00,Fulfilled,EXHILARATE 108-THE STRAT|LAS VEGAS|NV|89104|US,EXHILARATE 108-THE STRAT,LAS VEGAS,NV,89104,US,1801022,,"CB-EXO-BAR Bar- Barcelona Exotic Chocolate Bar, 3oz",Sale,12.000000000,12.000000000,5.040000000,60.480000000,21.264960000,2026-03-16 16:30:50.727000
151817,1481020,2026-03-04 15:00:09.221000,2026-03-12 00:00:00,Fulfilled,0016-WELCOME LAS VEGAS-VENETIAN|LAS VEGAS|NV|89109|US,0016-WELCOME LAS VEGAS-VENETIAN,LAS VEGAS,NV,89109,US,1801009,,"CB-SPD-GRE Bar - Matcha Green Tea Chocolate Bar, 3 oz.",Sale,12.000000000,12.000000000,5.040000000,60.480000000,21.282219576,2026-03-16 16:30:49.913000
151817,1481020,2026-03-04 15:00:09.221000,2026-03-12 00:00:00,Fulfilled,0016-WELCOME LAS VEGAS-VENETIAN|LAS VEGAS|NV|89109|US,0016-WELCOME LAS VEGAS-VENETIAN,LAS VEGAS,NV,89109,US,1801012,,"CB-EXO-PHC Bar - Pink Himalayan Crystal Salt Caramel Exotic Chocolate Bar, 3 oz.",Sale,12.000000000,12.000000000,5.040000000,60.480000000,15.649422828,2026-03-16 16:30:49.913000
151817,1481020,2026-03-04 15:00:09.221000,2026-03-12 00:00:00,Fulfilled,0016-WELCOME LAS VEGAS-VENETIAN|LAS VEGAS|NV|89109|US,0016-WELCOME LAS VEGAS-VENETIAN,LAS VEGAS,NV,89109,US,1801004,,"CB-SPD-BAN Bar - Coconut & Banana Super Dark Chocolate Bar, 3 oz.",Sale,12.000000000,12.000000000,5.040000000,60.480000000,19.239001524,2026-03-16 16:30:49.913000
151817,1481020,2026-03-04 15:00:09.221000,2026-03-12 00:00:00,Fulfilled,0016-WELCOME LAS VEGAS-VENETIAN|LAS VEGAS|NV|89109|US,0016-WELCOME LAS VEGAS-VENETIAN,LAS VEGAS,NV,89109,US,1801021,,"CB-EXO-BAC Bar- Bacon Exotic Chocolate Bar, 3 oz",Sale,12.000000000,12.000000000,5.040000000,60.480000000,20.807520000,2026-03-16 16:30:49.913000
151817,1481020,2026-03-04 15:00:09.221000,2026-03-12 00:00:00,Fulfilled,0016-WELCOME LAS VEGAS-VENETIAN|LAS VEGAS|NV|89109|US,0016-WELCOME LAS VEGAS-VENETIAN,LAS VEGAS,NV,89109,US,1801022,,"CB-EXO-BAR Bar- Barcelona Exotic Chocolate Bar, 3oz",Sale,12.000000000,12.000000000,5.040000000,60.480000000,21.264960000,2026-03-16 16:30:49.913000
151819,1481021,2026-03-04 15:03:13.632000,2026-03-12 00:00:00,Fulfilled,0003 WELCOME LAS VEGAS GRAND CANAL  SHOPS|LAS VEGAS|NV|89109|US,0003 WELCOME LAS VEGAS GRAND CANAL  SHOPS,LAS VEGAS,NV,89109,US,1801009,,"CB-SPD-GRE Bar - Matcha Green Tea Chocolate Bar, 3 oz.",Sale,12.000000000,12.000000000,5.040000000,60.480000000,21.282219576,2026-03-16 15:09:03.128000
151819,1481021,2026-03-04 15:03:13.632000,2026-03-12 00:00:00,Fulfilled,0003 WELCOME LAS VEGAS GRAND CANAL  SHOPS|LAS VEGAS|NV|89109|US,0003 WELCOME LAS VEGAS GRAND CANAL  SHOPS,LAS VEGAS,NV,89109,US,1801012,,"CB-EXO-PHC Bar - Pink Himalayan Crystal Salt Caramel Exotic Chocolate Bar, 3 oz.",Sale,12.000000000,12.000000000,5.040000000,60.480000000,15.649422828,2026-03-16 15:09:03.128000
151819,1481021,2026-03-04 15:03:13.632000,2026-03-12 00:00:00,Fulfilled,0003 WELCOME LAS VEGAS GRAND CANAL  SHOPS|LAS VEGAS|NV|89109|US,0003 WELCOME LAS VEGAS GRAND CANAL  SHOPS,LAS VEGAS,NV,89109,US,1801004,,"CB-SPD-BAN Bar - Coconut & Banana Super Dark Chocolate Bar, 3 oz.",Sale,12.000000000,12.000000000,5.040000000,60.480000000,19.239001524,2026-03-16 15:09:03.128000
151819,1481021,2026-03-04 15:03:13.632000,2026-03-12 00:00:00,Fulfilled,0003 WELCOME LAS VEGAS GRAND CANAL  SHOPS|LAS VEGAS|NV|89109|US,0003 WELCOME LAS VEGAS GRAND CANAL  SHOPS,LAS VEGAS,NV,89109,US,1801021,,"CB-EXO-BAC Bar- Bacon Exotic Chocolate Bar, 3 oz",Sale,12.000000000,12.000000000,5.040000000,60.480000000,20.807520000,2026-03-16 15:09:03.128000
151819,1481021,2026-03-04 15:03:13.632000,2026-03-12 00:00:00,Fulfilled,0003 WELCOME LAS VEGAS GRAND CANAL  SHOPS|LAS VEGAS|NV|89109|US,0003 WELCOME LAS VEGAS GRAND CANAL  SHOPS,LAS VEGAS,NV,89109,US,1801022,,"CB-EXO-BAR Bar- Barcelona Exotic Chocolate Bar, 3oz",Sale,12.000000000,12.000000000,5.040000000,60.480000000,21.264960000,2026-03-16 15:09:03.128000
151820,1481022,2026-03-04 15:06:35.046000,2026-03-12 00:00:00,Fulfilled,THE BOWERY BAY SHOPS-LGA AP|Dayton|NJ|08810|US,THE BOWERY BAY SHOPS-LGA AP,Dayton,NJ,08810,US,1801009,,"CB-SPD-GRE Bar - Matcha Green Tea Chocolate Bar, 3 oz.",Sale,12.000000000,12.000000000,5.040000000,60.480000000,21.282219576,2026-03-16 14:25:54.041000
151820,1481022,2026-03-04 15:06:35.046000,2026-03-12 00:00:00,Fulfilled,THE BOWERY BAY SHOPS-LGA AP|Dayton|NJ|08810|US,THE BOWERY BAY SHOPS-LGA AP,Dayton,NJ,08810,US,1801012,,"CB-EXO-PHC Bar - Pink Himalayan Crystal Salt Caramel Exotic Chocolate Bar, 3 oz.",Sale,12.000000000,12.000000000,5.040000000,60.480000000,15.649422828,2026-03-16 14:25:54.041000
151820,1481022,2026-03-04 15:06:35.046000,2026-03-12 00:00:00,Fulfilled,THE BOWERY BAY SHOPS-LGA AP|Dayton|NJ|08810|US,THE BOWERY BAY SHOPS-LGA AP,Dayton,NJ,08810,US,1801004,,"CB-SPD-BAN Bar - Coconut & Banana Super Dark Chocolate Bar, 3 oz.",Sale,12.000000000,12.000000000,5.040000000,60.480000000,19.239001524,2026-03-16 14:25:54.041000
151820,1481022,2026-03-04 15:06:35.046000,2026-03-12 00:00:00,Fulfilled,THE BOWERY BAY SHOPS-LGA AP|Dayton|NJ|08810|US,THE BOWERY BAY SHOPS-LGA AP,Dayton,NJ,08810,US,1801021,,"CB-EXO-BAC Bar- Bacon Exotic Chocolate Bar, 3 oz",Sale,12.000000000,12.000000000,5.040000000,60.480000000,20.807520000,2026-03-17 07:27:02.210000
151820,1481022,2026-03-04 15:06:35.046000,2026-03-12 00:00:00,Fulfilled,THE BOWERY BAY SHOPS-LGA AP|Dayton|NJ|08810|US,THE BOWERY BAY SHOPS-LGA AP,Dayton,NJ,08810,US,1801022,,"CB-EXO-BAR Bar- Barcelona Exotic Chocolate Bar, 3oz",Sale,12.000000000,12.000000000,5.040000000,60.480000000,21.264960000,2026-03-16 14:25:54.041000
151821,1481023,2026-03-04 15:09:27.067000,2026-03-12 00:00:00,Fulfilled,DISTRICT MARKET-BWI AIRPORT|DAYTON|NJ|08810|US,DISTRICT MARKET-BWI AIRPORT,DAYTON,NJ,08810,US,1801009,,"CB-SPD-GRE Bar - Matcha Green Tea Chocolate Bar, 3 oz.",Sale,12.000000000,12.000000000,5.040000000,60.480000000,21.282219576,2026-03-16 14:25:51.507000
151821,1481023,2026-03-04 15:09:27.067000,2026-03-12 00:00:00,Fulfilled,DISTRICT MARKET-BWI AIRPORT|DAYTON|NJ|08810|US,DISTRICT MARKET-BWI AIRPORT,DAYTON,NJ,08810,US,1801012,,"CB-EXO-PHC Bar - Pink Himalayan Crystal Salt Caramel Exotic Chocolate Bar, 3 oz.",Sale,12.000000000,12.000000000,5.040000000,60.480000000,15.649422828,2026-03-16 14:25:51.507000
151821,1481023,2026-03-04 15:09:27.067000,2026-03-12 00:00:00,Fulfilled,DISTRICT MARKET-BWI AIRPORT|DAYTON|NJ|08810|US,DISTRICT MARKET-BWI AIRPORT,DAYTON,NJ,08810,US,1801004,,"CB-SPD-BAN Bar - Coconut & Banana Super Dark Chocolate Bar, 3 oz.",Sale,12.000000000,12.000000000,5.040000000,60.480000000,19.239001524,2026-03-16 14:25:51.507000
151821,1481023,2026-03-04 15:09:27.067000,2026-03-12 00:00:00,Fulfilled,DISTRICT MARKET-BWI AIRPORT|DAYTON|NJ|08810|US,DISTRICT MARKET-BWI AIRPORT,DAYTON,NJ,08810,US,1801021,,"CB-EXO-BAC Bar- Bacon Exotic Chocolate Bar, 3 oz",Sale,12.000000000,12.000000000,5.040000000,60.480000000,20.807520000,2026-03-17 07:27:01.306000
151821,1481023,2026-03-04 15:09:27.067000,2026-03-12 00:00:00,Fulfilled,DISTRICT MARKET-BWI AIRPORT|DAYTON|NJ|08810|US,DISTRICT MARKET-BWI AIRPORT,DAYTON,NJ,08810,US,1801022,,"CB-EXO-BAR Bar- Barcelona Exotic Chocolate Bar, 3oz",Sale,12.000000000,12.000000000,5.040000000,60.480000000,21.264960000,2026-03-16 14:25:51.507000
151822,1481024,2026-03-04 15:10:34.593000,2026-03-12 00:00:00,Fulfilled,CITY ARTS MARKET-MCO AP|Orlando|FL|32827|US,CITY ARTS MARKET-MCO AP,Orlando,FL,32827,US,1801009,,"CB-SPD-GRE Bar - Matcha Green Tea Chocolate Bar, 3 oz.",Sale,12.000000000,12.000000000,5.040000000,60.480000000,21.282219576,2026-03-16 14:25:53.487000
151822,1481024,2026-03-04 15:10:34.593000,2026-03-12 00:00:00,Fulfilled,CITY ARTS MARKET-MCO AP|Orlando|FL|32827|US,CITY ARTS MARKET-MCO AP,Orlando,FL,32827,US,1801012,,"CB-EXO-PHC Bar - Pink Himalayan Crystal Salt Caramel Exotic Chocolate Bar, 3 oz.",Sale,12.000000000,12.000000000,5.040000000,60.480000000,15.649422828,2026-03-16 14:25:53.487000
151822,1481024,2026-03-04 15:10:34.593000,2026-03-12 00:00:00,Fulfilled,CITY ARTS MARKET-MCO AP|Orlando|FL|32827|US,CITY ARTS MARKET-MCO AP,Orlando,FL,32827,US,1801004,,"CB-SPD-BAN Bar - Coconut & Banana Super Dark Chocolate Bar, 3 oz.",Sale,12.000000000,12.000000000,5.040000000,60.480000000,19.239001524,2026-03-16 14:25:53.487000
151822,1481024,2026-03-04 15:10:34.593000,2026-03-12 00:00:00,Fulfilled,CITY ARTS MARKET-MCO AP|Orlando|FL|32827|US,CITY ARTS MARKET-MCO AP,Orlando,FL,32827,US,1801021,,"CB-EXO-BAC Bar- Bacon Exotic Chocolate Bar, 3 oz",Sale,12.000000000,12.000000000,5.040000000,60.480000000,20.807520000,2026-03-17 07:27:02.032000
151822,1481024,2026-03-04 15:10:34.593000,2026-03-12 00:00:00,Fulfilled,CITY ARTS MARKET-MCO AP|Orlando|FL|32827|US,CITY ARTS MARKET-MCO AP,Orlando,FL,32827,US,1801022,,"CB-EXO-BAR Bar- Barcelona Exotic Chocolate Bar, 3oz",Sale,12.000000000,12.000000000,5.040000000,60.480000000,21.264960000,2026-03-16 14:25:53.487000
151823,1481025,2026-03-04 15:11:30.676000,2026-03-12 00:00:00,Fulfilled,MAINSTREET MARKET-MCO AIRPORT|ORLANDO|FL|32827|US,MAINSTREET MARKET-MCO AIRPORT,ORLANDO,FL,32827,US,1801009,,"CB-SPD-GRE Bar - Matcha Green Tea Chocolate Bar, 3 oz.",Sale,12.000000000,12.000000000,5.040000000,60.480000000,21.282219576,2026-03-16 14:25:55.002000
151823,1481025,2026-03-04 15:11:30.676000,2026-03-12 00:00:00,Fulfilled,MAINSTREET MARKET-MCO AIRPORT|ORLANDO|FL|32827|US,MAINSTREET MARKET-MCO AIRPORT,ORLANDO,FL,32827,US,1801012,,"CB-EXO-PHC Bar - Pink Himalayan Crystal Salt Caramel Exotic Chocolate Bar, 3 oz.",Sale,12.000000000,12.000000000,5.040000000,60.480000000,15.649422828,2026-03-16 14:25:55.002000
151823,1481025,2026-03-04 15:11:30.676000,2026-03-12 00:00:00,Fulfilled,MAINSTREET MARKET-MCO AIRPORT|ORLANDO|FL|32827|US,MAINSTREET MARKET-MCO AIRPORT,ORLANDO,FL,32827,US,1801004,,"CB-SPD-BAN Bar - Coconut & Banana Super Dark Chocolate Bar, 3 oz.",Sale,12.000000000,12.000000000,5.040000000,60.480000000,19.239001524,2026-03-16 14:25:55.002000
151823,1481025,2026-03-04 15:11:30.676000,2026-03-12 00:00:00,Fulfilled,MAINSTREET MARKET-MCO AIRPORT|ORLANDO|FL|32827|US,MAINSTREET MARKET-MCO AIRPORT,ORLANDO,FL,32827,US,1801021,,"CB-EXO-BAC Bar- Bacon Exotic Chocolate Bar, 3 oz",Sale,12.000000000,12.000000000,5.040000000,60.480000000,20.807520000,2026-03-17 07:27:01.865000
151823,1481025,2026-03-04 15:11:30.676000,2026-03-12 00:00:00,Fulfilled,MAINSTREET MARKET-MCO AIRPORT|ORLANDO|FL|32827|US,MAINSTREET MARKET-MCO AIRPORT,ORLANDO,FL,32827,US,1801022,,"CB-EXO-BAR Bar- Barcelona Exotic Chocolate Bar, 3oz",Sale,12.000000000,12.000000000,5.040000000,60.480000000,21.264960000,2026-03-16 14:25:55.002000
151824,1481026,2026-03-04 15:13:03.144000,2026-03-12 00:00:00,Fulfilled,REPLENISH-MCO AIRPORT|ORLANDO|FL|32827|US,REPLENISH-MCO AIRPORT,ORLANDO,FL,32827,US,1801009,,"CB-SPD-GRE Bar - Matcha Green Tea Chocolate Bar, 3 oz.",Sale,12.000000000,12.000000000,5.040000000,60.480000000,21.282219576,2026-03-16 14:25:54.354000
151824,1481026,2026-03-04 15:13:03.144000,2026-03-12 00:00:00,Fulfilled,REPLENISH-MCO AIRPORT|ORLANDO|FL|32827|US,REPLENISH-MCO AIRPORT,ORLANDO,FL,32827,US,1801012,,"CB-EXO-PHC Bar - Pink Himalayan Crystal Salt Caramel Exotic Chocolate Bar, 3 oz.",Sale,12.000000000,12.000000000,5.040000000,60.480000000,15.649422828,2026-03-16 14:25:54.354000
151824,1481026,2026-03-04 15:13:03.144000,2026-03-12 00:00:00,Fulfilled,REPLENISH-MCO AIRPORT|ORLANDO|FL|32827|US,REPLENISH-MCO AIRPORT,ORLANDO,FL,32827,US,1801004,,"CB-SPD-BAN Bar - Coconut & Banana Super Dark Chocolate Bar, 3 oz.",Sale,12.000000000,12.000000000,5.040000000,60.480000000,19.239001524,2026-03-16 14:25:54.354000
151824,1481026,2026-03-04 15:13:03.144000,2026-03-12 00:00:00,Fulfilled,REPLENISH-MCO AIRPORT|ORLANDO|FL|32827|US,REPLENISH-MCO AIRPORT,ORLANDO,FL,32827,US,1801021,,"CB-EXO-BAC Bar- Bacon Exotic Chocolate Bar, 3 oz",Sale,12.000000000,12.000000000,5.040000000,60.480000000,20.807520000,2026-03-17 07:27:02.384000
151824,1481026,2026-03-04 15:13:03.144000,2026-03-12 00:00:00,Fulfilled,REPLENISH-MCO AIRPORT|ORLANDO|FL|32827|US,REPLENISH-MCO AIRPORT,ORLANDO,FL,32827,US,1801022,,"CB-EXO-BAR Bar- Barcelona Exotic Chocolate Bar, 3oz",Sale,12.000000000,12.000000000,5.040000000,60.480000000,21.264960000,2026-03-16 14:25:54.354000
151988,1481034,2026-03-06 10:45:55.060000,2026-03-16 00:00:00,Fulfilled,LICK-DFW AIRPORT|DALLAS|TX|75261|US,LICK-DFW AIRPORT,DALLAS,TX,75261,US,1801012,,"CB-EXO-PHC Bar - Pink Himalayan Crystal Salt Caramel Exotic Chocolate Bar, 3 oz.",Sale,12.000000000,12.000000000,5.040000000,60.480000000,15.649422828,2026-03-17 14:54:02.758000
151988,1481034,2026-03-06 10:45:55.060000,2026-03-16 00:00:00,Fulfilled,LICK-DFW AIRPORT|DALLAS|TX|75261|US,LICK-DFW AIRPORT,DALLAS,TX,75261,US,1801004,,"CB-SPD-BAN Bar - Coconut & Banana Super Dark Chocolate Bar, 3 oz.",Sale,12.000000000,12.000000000,5.040000000,60.480000000,19.239001524,2026-03-17 14:54:02.758000
151988,1481034,2026-03-06 10:45:55.060000,2026-03-16 00:00:00,Fulfilled,LICK-DFW AIRPORT|DALLAS|TX|75261|US,LICK-DFW AIRPORT,DALLAS,TX,75261,US,1801027,,CF-CAR-6-SEA-W Caramel - Red Hawaiian Salt Caramel 6PC,Sale,12.000000000,12.000000000,7.500000000,90.000000000,35.644320000,2026-03-17 14:54:02.758000
151989,1481035,2026-03-06 10:51:57.123000,2026-03-16 00:00:00,Fulfilled,LARIMER STREET MARKET-DEN AP|Denver|CO|80203|US,LARIMER STREET MARKET-DEN AP,Denver,CO,80203,US,1801021,,"CB-EXO-BAC Bar- Bacon Exotic Chocolate Bar, 3 oz",Sale,12.000000000,12.000000000,5.040000000,60.480000000,20.807520000,2026-03-17 14:57:02.678000
151989,1481035,2026-03-06 10:51:57.123000,2026-03-16 00:00:00,Fulfilled,LARIMER STREET MARKET-DEN AP|Denver|CO|80203|US,LARIMER STREET MARKET-DEN AP,Denver,CO,80203,US,1801022,,"CB-EXO-BAR Bar- Barcelona Exotic Chocolate Bar, 3oz",Sale,12.000000000,12.000000000,5.040000000,60.480000000,21.264960000,2026-03-17 14:57:02.678000
151989,1481035,2026-03-06 10:51:57.123000,2026-03-16 00:00:00,Fulfilled,LARIMER STREET MARKET-DEN AP|Denver|CO|80203|US,LARIMER STREET MARKET-DEN AP,Denver,CO,80203,US,1801027,,CF-CAR-6-SEA-W Caramel - Red Hawaiian Salt Caramel 6PC,Sale,12.000000000,12.000000000,7.500000000,90.000000000,35.644320000,2026-03-17 14:57:02.678000
151990,1481036,2026-03-06 10:53:57.495000,2026-03-16 00:00:00,Fulfilled,DISTRICT MARKET-LGA AP|Dayton|NJ|08810|US,DISTRICT MARKET-LGA AP,Dayton,NJ,08810,US,1801027,,CF-CAR-6-SEA-W Caramel - Red Hawaiian Salt Caramel 6PC,Sale,24.000000000,24.000000000,7.500000000,180.000000000,71.288640000,2026-03-17 14:57:01.585000
151990,1481036,2026-03-06 10:53:57.495000,2026-03-16 00:00:00,Fulfilled,DISTRICT MARKET-LGA AP|Dayton|NJ|08810|US,DISTRICT MARKET-LGA AP,Dayton,NJ,08810,US,1801012,,"CB-EXO-PHC Bar - Pink Himalayan Crystal Salt Caramel Exotic Chocolate Bar, 3 oz.",Sale,24.000000000,24.000000000,5.040000000,120.960000000,31.298845656,2026-03-17 14:57:01.585000
151775,1480982,2026-03-04 14:01:23.929000,2026-03-09 00:00:00,Fulfilled,BRIGHTLEAF NEWS AND GIFT-RDU  AIRPORT 0603|MORRISVILLE|NC|27560|US,BRIGHTLEAF NEWS AND GIFT-RDU  AIRPORT 0603,MORRISVILLE,NC,27560,US,ShipStation Shipping,,ShipStation shipping amount Tracking: 399449923538,Sale,1.000000000,1.000000000,0E-9,0E-9,0E-9,2026-03-09 14:33:01.866000
151780,1480985,2026-03-04 14:06:05.966000,2026-03-09 00:00:00,Fulfilled,CAPITOL FILE-DCA AP (T-CNC-7)|Dayton|NJ|08810|US,CAPITOL FILE-DCA AP (T-CNC-7),Dayton,NJ,08810,US,ShipStation Shipping,,ShipStation shipping amount Tracking: 399449931271,Sale,1.000000000,1.000000000,0E-9,0E-9,0E-9,2026-03-09 14:36:01.636000
151781,1480986,2026-03-04 14:07:20.268000,2026-03-09 00:00:00,Fulfilled,UPTOWN KIOSK 2-PHX AP|Phoenix|AZ|85034|US,UPTOWN KIOSK 2-PHX AP,Phoenix,AZ,85034,US,ShipStation Shipping,,ShipStation shipping amount Tracking: 399451462987,Sale,1.000000000,1.000000000,0E-9,0E-9,0E-9,2026-03-09 15:00:47.136000
151774,1480981,2026-03-04 13:57:55.605000,2026-03-09 00:00:00,Fulfilled,DISTRICT MARKET-SFO AP|San Francisco|CA|94128|US,DISTRICT MARKET-SFO AP,San Francisco,CA,94128,US,ShipStation Shipping,,ShipStation shipping amount Tracking: 399452608867,Sale,1.000000000,1.000000000,0E-9,0E-9,0E-9,2026-03-09 15:21:01.835000
151783,1480988,2026-03-04 14:09:33.169000,2026-03-09 00:00:00,Fulfilled,MADE IN KC- MCI AP|Kansas City|MO|64153|US,MADE IN KC- MCI AP,Kansas City,MO,64153,US,ShipStation Shipping,,ShipStation shipping amount Tracking: 399452634522,Sale,1.000000000,1.000000000,0E-9,0E-9,0E-9,2026-03-09 15:21:02.205000
151779,1480984,2026-03-04 14:04:54.995000,2026-03-09 00:00:00,Fulfilled,WH SMITH-DEN AP (CNC-A)|DENVER|CO|80203|US,WH SMITH-DEN AP (CNC-A),DENVER,CO,80203,US,ShipStation Shipping,,ShipStation shipping amount Tracking: 399452654877,Sale,1.000000000,1.000000000,0E-9,0E-9,0E-9,2026-03-09 15:21:02.593000
151782,1480987,2026-03-04 14:08:23.030000,2026-03-09 00:00:00,Fulfilled,MRG KANSAS CITY LLC - SPACE # CC2-090|KANSAS CITY|MO|64153|US,MRG KANSAS CITY LLC - SPACE # CC2-090,KANSAS CITY,MO,64153,US,ShipStation Shipping,,ShipStation shipping amount Tracking: 399452695903,Sale,1.000000000,1.000000000,0E-9,0E-9,0E-9,2026-03-09 15:24:01.496000
151784,1480989,2026-03-04 14:10:33.133000,2026-03-09 00:00:00,Fulfilled,CITY MARKET - NOBE B SOUTH SPACE #CC2-64|KANSAS CITY|MO|64153|US,CITY MARKET - NOBE B SOUTH SPACE #CC2-64,KANSAS CITY,MO,64153,US,ShipStation Shipping,,ShipStation shipping amount Tracking: 399452720070,Sale,1.000000000,1.000000000,0E-9,0E-9,0E-9,2026-03-09 15:24:01.873000
151773,1480980,2026-03-04 13:55:02.675000,2026-03-09 00:00:00,Fulfilled,DEPARTURES AT SFO AP|San Francisco|CA|94128|US,DEPARTURES AT SFO AP,San Francisco,CA,94128,US,ShipStation Shipping,,ShipStation shipping amount Tracking: 399452735484,Sale,1.000000000,1.000000000,0E-9,0E-9,0E-9,2026-03-09 15:24:02.201000
151777,1480983,2026-03-04 14:03:05.007000,2026-03-09 00:00:00,Fulfilled,FIVE POINT NEWS AND GIFT-RDU  AIRPORT|MORRISVILLE|NC|27560|US,FIVE POINT NEWS AND GIFT-RDU  AIRPORT,MORRISVILLE,NC,27560,US,ShipStation Shipping,,ShipStation shipping amount Tracking: 399455849688,Sale,1.000000000,1.000000000,0E-9,0E-9,0E-9,2026-03-09 16:36:01.586000
151791,1480996,2026-03-04 14:22:27.436000,2026-03-10 00:00:00,Fulfilled,GIFT SHOP-EDGEWATER|LAUGHLIN|NV|89029|US,GIFT SHOP-EDGEWATER,LAUGHLIN,NV,89029,US,ShipStation Shipping,,ShipStation shipping amount Tracking: 399492073034,Sale,1.000000000,1.000000000,0E-9,0E-9,0E-9,2026-03-10 14:54:01.772000
151790,1480995,2026-03-04 14:20:40.655000,2026-03-10 00:00:00,Fulfilled,ESSENTIALS-TROP-LAUGHLIN|LAUGHLIN|NV|89029|US,ESSENTIALS-TROP-LAUGHLIN,LAUGHLIN,NV,89029,US,ShipStation Shipping,,ShipStation shipping amount Tracking: 399492084763,Sale,1.000000000,1.000000000,0E-9,0E-9,0E-9,2026-03-10 14:54:02.316000
151793,1480998,2026-03-04 14:24:56.002000,2026-03-10 00:00:00,Fulfilled,GOTHAM NEWS-MOYNIHAN TRAIN HALL|Dayton|NJ|08810|US,GOTHAM NEWS-MOYNIHAN TRAIN HALL,Dayton,NJ,08810,US,ShipStation Shipping,,ShipStation shipping amount Tracking: 399492153506,Sale,1.000000000,1.000000000,0E-9,0E-9,0E-9,2026-03-10 14:54:02.670000
151794,1480999,2026-03-04 14:27:02.259000,2026-03-10 00:00:00,Fulfilled,PENN STATION - GOTHAM NEWS|Dayton|NJ|08810|US,PENN STATION - GOTHAM NEWS,Dayton,NJ,08810,US,ShipStation Shipping,,ShipStation shipping amount Tracking: 399492166962,Sale,1.000000000,1.000000000,0E-9,0E-9,0E-9,2026-03-10 14:54:03.007000
151792,1480997,2026-03-04 14:23:39.480000,2026-03-10 00:00:00,Fulfilled,"GIFT SHOP-AQUARIUS|LAUGHLIN,|NV|89029|US",GIFT SHOP-AQUARIUS,"LAUGHLIN,",NV,89029,US,ShipStation Shipping,,ShipStation shipping amount Tracking: 399492290227,Sale,1.000000000,1.000000000,0E-9,0E-9,0E-9,2026-03-10 14:57:02.464000
151785,1480990,2026-03-04 14:13:19.458000,2026-03-10 00:00:00,Fulfilled,SHOREPOINTS MARKET-EWR AIRPORT (T1)|DAYTON|NJ|08810|US,SHOREPOINTS MARKET-EWR AIRPORT (T1),DAYTON,NJ,08810,US,ShipStation Shipping,,ShipStation shipping amount Tracking: 399492559972,Sale,1.000000000,1.000000000,0E-9,0E-9,0E-9,2026-03-10 15:03:01.660000
151788,1480993,2026-03-04 14:17:04.404000,2026-03-10 00:00:00,Fulfilled,SIX POINTS MARKET-ORD AP (T5)|Chicago|IL|60666|US,SIX POINTS MARKET-ORD AP (T5),Chicago,IL,60666,US,ShipStation Shipping,,ShipStation shipping amount Tracking: 399492852760,Sale,1.000000000,1.000000000,0E-9,0E-9,0E-9,2026-03-10 15:09:01.765000
151789,1480994,2026-03-04 14:18:19.070000,2026-03-10 00:00:00,Fulfilled,TRAVEL + RIGHT-SLC|SALT LAKE CITY|UT|84116|US,TRAVEL + RIGHT-SLC,SALT LAKE CITY,UT,84116,US,ShipStation Shipping,,ShipStation shipping amount Tracking: 399492877020,Sale,1.000000000,1.000000000,0E-9,0E-9,0E-9,2026-03-10 15:09:02.293000
151787,1480992,2026-03-04 14:15:46.717000,2026-03-10 00:00:00,Fulfilled,18TH & VINE - MCI AP|KANSAS CITY|MO|64153|US,18TH & VINE - MCI AP,KANSAS CITY,MO,64153,US,ShipStation Shipping,,ShipStation shipping amount Tracking: 399492900103,Sale,1.000000000,1.000000000,0E-9,0E-9,0E-9,2026-03-10 15:09:02.636000
151786,1480991,2026-03-04 14:14:39.633000,2026-03-10 00:00:00,Fulfilled,BROOKSIDE LOCAL - MCI AP|KANSAS CITY|MO|64153|US,BROOKSIDE LOCAL - MCI AP,KANSAS CITY,MO,64153,US,ShipStation Shipping,,ShipStation shipping amount Tracking: 399492911924,Sale,1.000000000,1.000000000,0E-9,0E-9,0E-9,2026-03-10 15:09:02.991000
151796,1481000,2026-03-04 14:29:34.977000,2026-03-11 00:00:00,Fulfilled,360-Duke City Station @ ABQ|ALBUQUERQUE|NM|87106|US,360-Duke City Station @ ABQ,ALBUQUERQUE,NM,87106,US,ShipStation Shipping,,ShipStation shipping amount Tracking: 399521257103,Sale,1.000000000,1.000000000,0E-9,0E-9,0E-9,2026-03-11 12:06:28.592000
151798,1481001,2026-03-04 14:31:00.347000,2026-03-11 00:00:00,Fulfilled,DISCOVER NEW JERSEY-EWR AP (B)|DAYTON|NJ|08810|US,DISCOVER NEW JERSEY-EWR AP (B),DAYTON,NJ,08810,US,ShipStation Shipping,,ShipStation shipping amount Tracking: 399521275098,Sale,1.000000000,1.000000000,0E-9,0E-9,0E-9,2026-03-11 12:06:28.944000
151802,1481005,2026-03-04 14:34:46.455000,2026-03-11 00:00:00,Fulfilled,CORE LOBBY-OCEAN RESORT CASINO|DAYTON|NJ|08810|US,CORE LOBBY-OCEAN RESORT CASINO,DAYTON,NJ,08810,US,ShipStation Shipping,,ShipStation shipping amount Tracking: 399521305750,Sale,1.000000000,1.000000000,0E-9,0E-9,0E-9,2026-03-11 12:06:29.289000
151801,1481004,2026-03-04 14:33:16.379000,2026-03-11 00:00:00,Fulfilled,CORE REVELRY-OCEAN RESORT CASINO|DAYTON|NJ|08810|US,CORE REVELRY-OCEAN RESORT CASINO,DAYTON,NJ,08810,US,ShipStation Shipping,,ShipStation shipping amount Tracking: 399521324608,Sale,1.000000000,1.000000000,0E-9,0E-9,0E-9,2026-03-11 12:06:29.635000
151799,1481003,2026-03-04 14:31:51.731000,2026-03-11 00:00:00,Fulfilled,TELEGRAPH 1ST EDITION AC|DAYTON|NJ|08810|US,TELEGRAPH 1ST EDITION AC,DAYTON,NJ,08810,US,ShipStation Shipping,,ShipStation shipping amount Tracking: 399521403359,Sale,1.000000000,1.000000000,0E-9,0E-9,0E-9,2026-03-11 12:06:29.980000
151803,1481006,2026-03-04 14:36:12.295000,2026-03-11 00:00:00,Fulfilled,Welcome to LV-Forum Shops|Las Vegas|NV|89109|US,Welcome to LV-Forum Shops,Las Vegas,NV,89109,US,ShipStation Shipping,,ShipStation shipping amount Tracking: 399521420774,Sale,1.000000000,1.000000000,0E-9,0E-9,0E-9,2026-03-11 12:06:30.330000
151804,1481007,2026-03-04 14:37:27.168000,2026-03-11 00:00:00,Fulfilled,ESSENTIALS-HILTON ELARA|LAS VEGAS|NV|89109|US,ESSENTIALS-HILTON ELARA,LAS VEGAS,NV,89109,US,ShipStation Shipping,,ShipStation shipping amount Tracking: 399521434163,Sale,1.000000000,1.000000000,0E-9,0E-9,0E-9,2026-03-11 12:06:30.674000
151806,1481009,2026-03-04 14:39:31.499000,2026-03-11 00:00:00,Fulfilled,UPTOWN ESSENTIALS-PSP AP|Palm Springs|CA|92262|US,UPTOWN ESSENTIALS-PSP AP,Palm Springs,CA,92262,US,ShipStation Shipping,,ShipStation shipping amount Tracking: 399521457197,Sale,1.000000000,1.000000000,0E-9,0E-9,0E-9,2026-03-11 12:06:31.020000
151805,1481008,2026-03-04 14:38:17.857000,2026-03-11 00:00:00,Fulfilled,La Palmas Oasis -- PSP|Palm Springs|CA|92262|US,La Palmas Oasis -- PSP,Palm Springs,CA,92262,US,ShipStation Shipping,,ShipStation shipping amount Tracking: 399521477372,Sale,1.000000000,1.000000000,0E-9,0E-9,0E-9,2026-03-11 12:06:31.357000
151821,1481023,2026-03-04 15:09:27.067000,2026-03-12 00:00:00,Fulfilled,DISTRICT MARKET-BWI AIRPORT|DAYTON|NJ|08810|US,DISTRICT MARKET-BWI AIRPORT,DAYTON,NJ,08810,US,ShipStation Shipping,,ShipStation shipping amount Tracking: 399663194001,Sale,1.000000000,1.000000000,0E-9,0E-9,0E-9,2026-03-16 14:25:51.507000
151822,1481024,2026-03-04 15:10:34.593000,2026-03-12 00:00:00,Fulfilled,CITY ARTS MARKET-MCO AP|Orlando|FL|32827|US,CITY ARTS MARKET-MCO AP,Orlando,FL,32827,US,ShipStation Shipping,,ShipStation shipping amount Tracking: 399663279942,Sale,1.000000000,1.000000000,0E-9,0E-9,0E-9,2026-03-16 14:25:53.487000
151820,1481022,2026-03-04 15:06:35.046000,2026-03-12 00:00:00,Fulfilled,THE BOWERY BAY SHOPS-LGA AP|Dayton|NJ|08810|US,THE BOWERY BAY SHOPS-LGA AP,Dayton,NJ,08810,US,ShipStation Shipping,,ShipStation shipping amount Tracking: 399663288720,Sale,1.000000000,1.000000000,0E-9,0E-9,0E-9,2026-03-16 14:25:54.041000
151824,1481026,2026-03-04 15:13:03.144000,2026-03-12 00:00:00,Fulfilled,REPLENISH-MCO AIRPORT|ORLANDO|FL|32827|US,REPLENISH-MCO AIRPORT,ORLANDO,FL,32827,US,ShipStation Shipping,,ShipStation shipping amount Tracking: 399663296143,Sale,1.000000000,1.000000000,0E-9,0E-9,0E-9,2026-03-16 14:25:54.354000
151823,1481025,2026-03-04 15:11:30.676000,2026-03-12 00:00:00,Fulfilled,MAINSTREET MARKET-MCO AIRPORT|ORLANDO|FL|32827|US,MAINSTREET MARKET-MCO AIRPORT,ORLANDO,FL,32827,US,ShipStation Shipping,,ShipStation shipping amount Tracking: 399663308004,Sale,1.000000000,1.000000000,0E-9,0E-9,0E-9,2026-03-16 14:25:55.002000
151808,1481011,2026-03-04 14:44:25.168000,2026-03-12 00:00:00,Fulfilled,WELCOME LAS VEGAS-PROJECT 63|Las Vegas|NV|89109|US,WELCOME LAS VEGAS-PROJECT 63,Las Vegas,NV,89109,US,ShipStation Shipping,,ShipStation shipping amount Tracking: 399665973052,Sale,1.000000000,1.000000000,0E-9,0E-9,0E-9,2026-03-16 15:09:02.011000
151810,1481013,2026-03-04 14:47:58.860000,2026-03-12 00:00:00,Fulfilled,0711 TMZ-LAX AIRPORT (TBIT)|EL SEGUNDO|CA|90245|US,0711 TMZ-LAX AIRPORT (TBIT),EL SEGUNDO,CA,90245,US,ShipStation Shipping,,ShipStation shipping amount Tracking: 399665982550,Sale,1.000000000,1.000000000,0E-9,0E-9,0E-9,2026-03-16 15:09:02.619000
151819,1481021,2026-03-04 15:03:13.632000,2026-03-12 00:00:00,Fulfilled,0003 WELCOME LAS VEGAS GRAND CANAL  SHOPS|LAS VEGAS|NV|89109|US,0003 WELCOME LAS VEGAS GRAND CANAL  SHOPS,LAS VEGAS,NV,89109,US,ShipStation Shipping,,ShipStation shipping amount Tracking: 399665995962,Sale,1.000000000,1.000000000,0E-9,0E-9,0E-9,2026-03-16 15:09:03.128000
151813,1481016,2026-03-04 14:53:49.921000,2026-03-12 00:00:00,Fulfilled,0131 IMPULSE-SAHARA|LAS VEGAS|NV|89109|US,0131 IMPULSE-SAHARA,LAS VEGAS,NV,89109,US,ShipStation Shipping,,ShipStation shipping amount Tracking: 399669425784,Sale,1.000000000,1.000000000,0E-9,0E-9,0E-9,2026-03-16 16:27:03.553000
151809,1481012,2026-03-04 14:46:19.943000,2026-03-12 00:00:00,Fulfilled,0153 FUEL AT CIRCA|LAS VEGAS|NV|89101|US,0153 FUEL AT CIRCA,LAS VEGAS,NV,89101,US,ShipStation Shipping,,ShipStation shipping amount Tracking: 399669441666,Sale,1.000000000,1.000000000,0E-9,0E-9,0E-9,2026-03-16 16:30:49.241000
151817,1481020,2026-03-04 15:00:09.221000,2026-03-12 00:00:00,Fulfilled,0016-WELCOME LAS VEGAS-VENETIAN|LAS VEGAS|NV|89109|US,0016-WELCOME LAS VEGAS-VENETIAN,LAS VEGAS,NV,89109,US,ShipStation Shipping,,ShipStation shipping amount Tracking: 399669449325,Sale,1.000000000,1.000000000,0E-9,0E-9,0E-9,2026-03-16 16:30:49.913000
151811,1481014,2026-03-04 14:50:07.997000,2026-03-12 00:00:00,Fulfilled,0151 WELCOME LAS VEGAS-GRAND CANAL  SHOPS (2|LAS VEGAS|NV|89109|US,0151 WELCOME LAS VEGAS-GRAND CANAL  SHOPS (2,LAS VEGAS,NV,89109,US,ShipStation Shipping,,ShipStation shipping amount Tracking: 399669457390,Sale,1.000000000,1.000000000,0E-9,0E-9,0E-9,2026-03-16 16:30:50.318000
151816,1481019,2026-03-04 14:58:21.264000,2026-03-12 00:00:00,Fulfilled,EXHILARATE 108-THE STRAT|LAS VEGAS|NV|89104|US,EXHILARATE 108-THE STRAT,LAS VEGAS,NV,89104,US,ShipStation Shipping,,ShipStation shipping amount Tracking: 399669464987,Sale,1.000000000,1.000000000,0E-9,0E-9,0E-9,2026-03-16 16:30:50.727000
151814,1481017,2026-03-04 14:55:30.326000,2026-03-12 00:00:00,Fulfilled,GIFT SHOP-FORUM SHOPS (VALET)|LAS VEGAS|NV|89109|US,GIFT SHOP-FORUM SHOPS (VALET),LAS VEGAS,NV,89109,US,ShipStation Shipping,,ShipStation shipping amount Tracking: 399669473710,Sale,1.000000000,1.000000000,0E-9,0E-9,0E-9,2026-03-16 16:30:51.127000
151815,1481018,2026-03-04 14:56:58.942000,2026-03-12 00:00:00,Fulfilled,WELCOME LAS VEGAS-THE STRAT|LAS VEGAS|NV|89104|US,WELCOME LAS VEGAS-THE STRAT,LAS VEGAS,NV,89104,US,ShipStation Shipping,,ShipStation shipping amount Tracking: 399669481887,Sale,1.000000000,1.000000000,0E-9,0E-9,0E-9,2026-03-16 16:30:51.534000
151812,1481015,2026-03-04 14:51:57.532000,2026-03-12 00:00:00,Fulfilled,0143 THE D SHOP|LAS VEGAS|NV|89101|US,0143 THE D SHOP,LAS VEGAS,NV,89101,US,ShipStation Shipping,,ShipStation shipping amount Tracking: 399669489400,Sale,1.000000000,1.000000000,0E-9,0E-9,0E-9,2026-03-16 16:30:51.946000
151821,1481023,2026-03-04 15:09:27.067000,2026-03-12 00:00:00,Fulfilled,DISTRICT MARKET-BWI AIRPORT|DAYTON|NJ|08810|US,DISTRICT MARKET-BWI AIRPORT,DAYTON,NJ,08810,US,ShipStation Shipping,,ShipStation shipping amount Tracking: 399663194001,Sale,1.000000000,1.000000000,0E-9,0E-9,0E-9,2026-03-17 07:27:01.306000
151823,1481025,2026-03-04 15:11:30.676000,2026-03-12 00:00:00,Fulfilled,MAINSTREET MARKET-MCO AIRPORT|ORLANDO|FL|32827|US,MAINSTREET MARKET-MCO AIRPORT,ORLANDO,FL,32827,US,ShipStation Shipping,,ShipStation shipping amount Tracking: 399663308004,Sale,1.000000000,1.000000000,0E-9,0E-9,0E-9,2026-03-17 07:27:01.865000
151822,1481024,2026-03-04 15:10:34.593000,2026-03-12 00:00:00,Fulfilled,CITY ARTS MARKET-MCO AP|Orlando|FL|32827|US,CITY ARTS MARKET-MCO AP,Orlando,FL,32827,US,ShipStation Shipping,,ShipStation shipping amount Tracking: 399663279942,Sale,1.000000000,1.000000000,0E-9,0E-9,0E-9,2026-03-17 07:27:02.032000
151820,1481022,2026-03-04 15:06:35.046000,2026-03-12 00:00:00,Fulfilled,THE BOWERY BAY SHOPS-LGA AP|Dayton|NJ|08810|US,THE BOWERY BAY SHOPS-LGA AP,Dayton,NJ,08810,US,ShipStation Shipping,,ShipStation shipping amount Tracking: 399663288720,Sale,1.000000000,1.000000000,0E-9,0E-9,0E-9,2026-03-17 07:27:02.210000
151824,1481026,2026-03-04 15:13:03.144000,2026-03-12 00:00:00,Fulfilled,REPLENISH-MCO AIRPORT|ORLANDO|FL|32827|US,REPLENISH-MCO AIRPORT,ORLANDO,FL,32827,US,ShipStation Shipping,,ShipStation shipping amount Tracking: 399663296143,Sale,1.000000000,1.000000000,0E-9,0E-9,0E-9,2026-03-17 07:27:02.384000
151988,1481034,2026-03-06 10:45:55.060000,2026-03-16 00:00:00,Fulfilled,LICK-DFW AIRPORT|DALLAS|TX|75261|US,LICK-DFW AIRPORT,DALLAS,TX,75261,US,ShipStation Shipping,,ShipStation shipping amount Tracking: 399704336740,Sale,1.000000000,1.000000000,0E-9,0E-9,0E-9,2026-03-17 14:54:02.758000
151990,1481036,2026-03-06 10:53:57.495000,2026-03-16 00:00:00,Fulfilled,DISTRICT MARKET-LGA AP|Dayton|NJ|08810|US,DISTRICT MARKET-LGA AP,Dayton,NJ,08810,US,ShipStation Shipping,,ShipStation shipping amount Tracking: 399704346822,Sale,1.000000000,1.000000000,0E-9,0E-9,0E-9,2026-03-17 14:57:01.585000
151807,1481010,2026-03-04 14:41:32.809000,2026-03-16 00:00:00,Fulfilled,Welcome to LV-Forum Shops|Las Vegas|NV|89109|US,Welcome to LV-Forum Shops,Las Vegas,NV,89109,US,ShipStation Shipping,,ShipStation shipping amount Tracking: 399704361774,Sale,1.000000000,1.000000000,0E-9,0E-9,0E-9,2026-03-17 14:57:01.911000
151989,1481035,2026-03-06 10:51:57.123000,2026-03-16 00:00:00,Fulfilled,LARIMER STREET MARKET-DEN AP|Denver|CO|80203|US,LARIMER STREET MARKET-DEN AP,Denver,CO,80203,US,ShipStation Shipping,,ShipStation shipping amount Tracking: 399704377420,Sale,1.000000000,1.000000000,0E-9,0E-9,0E-9,2026-03-17 14:57:02.678000
153497,1481112,2026-03-19 11:31:19.601000,2026-03-24 00:00:00,Fulfilled,La Palmas Oasis -- PSP|Palm Springs|CA|92262|US,La Palmas Oasis -- PSP,Palm Springs,CA,92262,US,1801027,,CF-CAR-6-SEA-W Caramel - Red Hawaiian Salt Caramel 6PC,Sale,36.000000000,36.000000000,7.500000000,270.000000000,106.932960000,2026-03-24 13:27:03.152000
153498,1481113,2026-03-19 11:33:38.986000,2026-03-24 00:00:00,Fulfilled,SIX POINTS MARKET-ORD AP|Chicago|IL|60666|US,SIX POINTS MARKET-ORD AP,Chicago,IL,60666,US,1801027,,CF-CAR-6-SEA-W Caramel - Red Hawaiian Salt Caramel 6PC,Sale,36.000000000,36.000000000,7.500000000,270.000000000,106.932960000,2026-03-24 15:27:02.319000
153499,1481114,2026-03-19 11:35:36.555000,2026-03-23 00:00:00,Fulfilled,LARIMER STREET MARKET-DEN AP|Denver|CO|80203|US,LARIMER STREET MARKET-DEN AP,Denver,CO,80203,US,1801009,,"CB-SPD-GRE Bar - Matcha Green Tea Chocolate Bar, 3 oz.",Sale,12.000000000,12.000000000,5.040000000,60.480000000,22.574850732,2026-03-23 11:42:03.035000
153499,1481114,2026-03-19 11:35:36.555000,2026-03-23 00:00:00,Fulfilled,LARIMER STREET MARKET-DEN AP|Denver|CO|80203|US,LARIMER STREET MARKET-DEN AP,Denver,CO,80203,US,1801004,,"CB-SPD-BAN Bar - Coconut & Banana Super Dark Chocolate Bar, 3 oz.",Sale,12.000000000,12.000000000,5.040000000,60.480000000,21.334160964,2026-03-23 11:42:03.035000
153499,1481114,2026-03-19 11:35:36.555000,2026-03-23 00:00:00,Fulfilled,LARIMER STREET MARKET-DEN AP|Denver|CO|80203|US,LARIMER STREET MARKET-DEN AP,Denver,CO,80203,US,1801758,,"TC-LSL-004, Vosges Maison Truffle Collection 4PC, Purple Box w/Ribbon",Sale,12.000000000,12.000000000,7.000000000,84.000000000,15.533671236,2026-03-23 11:42:03.035000
153500,1481115,2026-03-19 11:37:33.279000,2026-03-24 00:00:00,Fulfilled,LA CONFIDENTIAL- LAX AP|El Segundo|CA|90245|US,LA CONFIDENTIAL- LAX AP,El Segundo,CA,90245,US,1801009,,"CB-SPD-GRE Bar - Matcha Green Tea Chocolate Bar, 3 oz.",Sale,12.000000000,12.000000000,5.040000000,60.480000000,22.574850732,2026-03-24 13:27:01.666000
153500,1481115,2026-03-19 11:37:33.279000,2026-03-24 00:00:00,Fulfilled,LA CONFIDENTIAL- LAX AP|El Segundo|CA|90245|US,LA CONFIDENTIAL- LAX AP,El Segundo,CA,90245,US,1801004,,"CB-SPD-BAN Bar - Coconut & Banana Super Dark Chocolate Bar, 3 oz.",Sale,12.000000000,12.000000000,5.040000000,60.480000000,21.339471024,2026-03-24 13:27:01.666000
153500,1481115,2026-03-19 11:37:33.279000,2026-03-24 00:00:00,Fulfilled,LA CONFIDENTIAL- LAX AP|El Segundo|CA|90245|US,LA CONFIDENTIAL- LAX AP,El Segundo,CA,90245,US,1801022,,"CB-EXO-BAR Bar- Barcelona Exotic Chocolate Bar, 3oz",Sale,12.000000000,12.000000000,5.040000000,60.480000000,21.264960000,2026-03-24 13:27:01.666000
153500,1481115,2026-03-19 11:37:33.279000,2026-03-24 00:00:00,Fulfilled,LA CONFIDENTIAL- LAX AP|El Segundo|CA|90245|US,LA CONFIDENTIAL- LAX AP,El Segundo,CA,90245,US,1801027,,CF-CAR-6-SEA-W Caramel - Red Hawaiian Salt Caramel 6PC,Sale,12.000000000,12.000000000,7.500000000,90.000000000,35.644320000,2026-03-25 09:45:47.027000
153500,1481115,2026-03-19 11:37:33.279000,2026-03-24 00:00:00,Fulfilled,LA CONFIDENTIAL- LAX AP|El Segundo|CA|90245|US,LA CONFIDENTIAL- LAX AP,El Segundo,CA,90245,US,1801758,,"TC-LSL-004, Vosges Maison Truffle Collection 4PC, Purple Box w/Ribbon",Sale,12.000000000,12.000000000,7.000000000,84.000000000,15.533671236,2026-03-25 09:45:47.027000
153501,1481116,2026-03-19 11:39:09.007000,2026-03-23 00:00:00,Fulfilled,SILICON VALLEY NEWS-SFO AP|San Francisco|CA|94128|US,SILICON VALLEY NEWS-SFO AP,San Francisco,CA,94128,US,1801012,,"CB-EXO-PHC Bar - Pink Himalayan Crystal Salt Caramel Exotic Chocolate Bar, 3 oz.",Sale,12.000000000,12.000000000,5.040000000,60.480000000,15.655077108,2026-03-23 11:39:01.964000
153501,1481116,2026-03-19 11:39:09.007000,2026-03-23 00:00:00,Fulfilled,SILICON VALLEY NEWS-SFO AP|San Francisco|CA|94128|US,SILICON VALLEY NEWS-SFO AP,San Francisco,CA,94128,US,1801004,,"CB-SPD-BAN Bar - Coconut & Banana Super Dark Chocolate Bar, 3 oz.",Sale,12.000000000,12.000000000,5.040000000,60.480000000,21.334160964,2026-03-23 11:39:01.964000
153501,1481116,2026-03-19 11:39:09.007000,2026-03-23 00:00:00,Fulfilled,SILICON VALLEY NEWS-SFO AP|San Francisco|CA|94128|US,SILICON VALLEY NEWS-SFO AP,San Francisco,CA,94128,US,1801021,,"CB-EXO-BAC Bar- Bacon Exotic Chocolate Bar, 3 oz",Sale,12.000000000,12.000000000,5.040000000,60.480000000,20.174649780,2026-03-23 11:39:01.964000
153501,1481116,2026-03-19 11:39:09.007000,2026-03-23 00:00:00,Fulfilled,SILICON VALLEY NEWS-SFO AP|San Francisco|CA|94128|US,SILICON VALLEY NEWS-SFO AP,San Francisco,CA,94128,US,1801022,,"CB-EXO-BAR Bar- Barcelona Exotic Chocolate Bar, 3oz",Sale,12.000000000,12.000000000,5.040000000,60.480000000,21.264960000,2026-03-23 11:39:01.964000
153501,1481116,2026-03-19 11:39:09.007000,2026-03-23 00:00:00,Fulfilled,SILICON VALLEY NEWS-SFO AP|San Francisco|CA|94128|US,SILICON VALLEY NEWS-SFO AP,San Francisco,CA,94128,US,1801758,,"TC-LSL-004, Vosges Maison Truffle Collection 4PC, Purple Box w/Ribbon",Sale,12.000000000,12.000000000,7.000000000,84.000000000,15.533671236,2026-03-23 11:39:01.964000
153502,1481117,2026-03-19 11:40:47.575000,2026-03-24 00:00:00,Fulfilled,NATALIES CANDY AT SEA-TAC  AP|Seattle|WA|98158|US,NATALIES CANDY AT SEA-TAC  AP,Seattle,WA,98158,US,1801009,,"CB-SPD-GRE Bar - Matcha Green Tea Chocolate Bar, 3 oz.",Sale,24.000000000,24.000000000,5.040000000,120.960000000,45.149701464,2026-03-24 13:27:02.634000
153502,1481117,2026-03-19 11:40:47.575000,2026-03-24 00:00:00,Fulfilled,NATALIES CANDY AT SEA-TAC  AP|Seattle|WA|98158|US,NATALIES CANDY AT SEA-TAC  AP,Seattle,WA,98158,US,1801012,,"CB-EXO-PHC Bar - Pink Himalayan Crystal Salt Caramel Exotic Chocolate Bar, 3 oz.",Sale,12.000000000,12.000000000,5.040000000,60.480000000,15.655077108,2026-03-24 13:27:02.634000
153502,1481117,2026-03-19 11:40:47.575000,2026-03-24 00:00:00,Fulfilled,NATALIES CANDY AT SEA-TAC  AP|Seattle|WA|98158|US,NATALIES CANDY AT SEA-TAC  AP,Seattle,WA,98158,US,1801004,,"CB-SPD-BAN Bar - Coconut & Banana Super Dark Chocolate Bar, 3 oz.",Sale,12.000000000,12.000000000,5.040000000,60.480000000,21.339471024,2026-03-24 13:27:02.634000
153502,1481117,2026-03-19 11:40:47.575000,2026-03-24 00:00:00,Fulfilled,NATALIES CANDY AT SEA-TAC  AP|Seattle|WA|98158|US,NATALIES CANDY AT SEA-TAC  AP,Seattle,WA,98158,US,1801021,,"CB-EXO-BAC Bar- Bacon Exotic Chocolate Bar, 3 oz",Sale,12.000000000,12.000000000,5.040000000,60.480000000,20.174649780,2026-03-24 13:27:02.634000
153502,1481117,2026-03-19 11:40:47.575000,2026-03-24 00:00:00,Fulfilled,NATALIES CANDY AT SEA-TAC  AP|Seattle|WA|98158|US,NATALIES CANDY AT SEA-TAC  AP,Seattle,WA,98158,US,1801022,,"CB-EXO-BAR Bar- Barcelona Exotic Chocolate Bar, 3oz",Sale,24.000000000,24.000000000,5.040000000,120.960000000,42.529920000,2026-03-24 13:27:02.634000
153502,1481117,2026-03-19 11:40:47.575000,2026-03-24 00:00:00,Fulfilled,NATALIES CANDY AT SEA-TAC  AP|Seattle|WA|98158|US,NATALIES CANDY AT SEA-TAC  AP,Seattle,WA,98158,US,1801027,,CF-CAR-6-SEA-W Caramel - Red Hawaiian Salt Caramel 6PC,Sale,24.000000000,24.000000000,7.500000000,180.000000000,71.288640000,2026-03-25 09:45:46.624000
153503,1481118,2026-03-19 11:42:11.006000,2026-03-24 00:00:00,Fulfilled,SHOREPOINTS MARKET-EWR AIRPORT (T1)|DAYTON|NJ|08810|US,SHOREPOINTS MARKET-EWR AIRPORT (T1),DAYTON,NJ,08810,US,1801027,,CF-CAR-6-SEA-W Caramel - Red Hawaiian Salt Caramel 6PC,Sale,12.000000000,12.000000000,7.500000000,90.000000000,35.644320000,2026-03-24 13:27:02.967000
153503,1481118,2026-03-19 11:42:11.006000,2026-03-24 00:00:00,Fulfilled,SHOREPOINTS MARKET-EWR AIRPORT (T1)|DAYTON|NJ|08810|US,SHOREPOINTS MARKET-EWR AIRPORT (T1),DAYTON,NJ,08810,US,1801758,,"TC-LSL-004, Vosges Maison Truffle Collection 4PC, Purple Box w/Ribbon",Sale,24.000000000,24.000000000,7.000000000,168.000000000,31.067342472,2026-03-24 13:27:02.967000
153504,1481119,2026-03-19 11:43:35.294000,2026-03-23 00:00:00,Fulfilled,THE ARTS DISTRICT MARKET - SAN|SAN DIEGO|CA|92110|US,THE ARTS DISTRICT MARKET - SAN,SAN DIEGO,CA,92110,US,1801009,,"CB-SPD-GRE Bar - Matcha Green Tea Chocolate Bar, 3 oz.",Sale,24.000000000,24.000000000,5.040000000,120.960000000,45.149701464,2026-03-23 11:39:02.322000
153504,1481119,2026-03-19 11:43:35.294000,2026-03-23 00:00:00,Fulfilled,THE ARTS DISTRICT MARKET - SAN|SAN DIEGO|CA|92110|US,THE ARTS DISTRICT MARKET - SAN,SAN DIEGO,CA,92110,US,1801012,,"CB-EXO-PHC Bar - Pink Himalayan Crystal Salt Caramel Exotic Chocolate Bar, 3 oz.",Sale,24.000000000,24.000000000,5.040000000,120.960000000,31.310154216,2026-03-23 11:39:02.322000
153501,1481116,2026-03-19 11:39:09.007000,2026-03-23 00:00:00,Fulfilled,SILICON VALLEY NEWS-SFO AP|San Francisco|CA|94128|US,SILICON VALLEY NEWS-SFO AP,San Francisco,CA,94128,US,ShipStation Shipping,,ShipStation shipping amount Tracking: 399863378006,Sale,1.000000000,1.000000000,0E-9,0E-9,0E-9,2026-03-23 11:39:01.964000
153504,1481119,2026-03-19 11:43:35.294000,2026-03-23 00:00:00,Fulfilled,THE ARTS DISTRICT MARKET - SAN|SAN DIEGO|CA|92110|US,THE ARTS DISTRICT MARKET - SAN,SAN DIEGO,CA,92110,US,ShipStation Shipping,,ShipStation shipping amount Tracking: 399863446805,Sale,1.000000000,1.000000000,0E-9,0E-9,0E-9,2026-03-23 11:39:02.322000
153499,1481114,2026-03-19 11:35:36.555000,2026-03-23 00:00:00,Fulfilled,LARIMER STREET MARKET-DEN AP|Denver|CO|80203|US,LARIMER STREET MARKET-DEN AP,Denver,CO,80203,US,ShipStation Shipping,,ShipStation shipping amount Tracking: 399863486522,Sale,1.000000000,1.000000000,0E-9,0E-9,0E-9,2026-03-23 11:42:03.035000
153500,1481115,2026-03-19 11:37:33.279000,2026-03-24 00:00:00,Fulfilled,LA CONFIDENTIAL- LAX AP|El Segundo|CA|90245|US,LA CONFIDENTIAL- LAX AP,El Segundo,CA,90245,US,ShipStation Shipping,,ShipStation shipping amount Tracking: 399911203950,Sale,1.000000000,1.000000000,0E-9,0E-9,0E-9,2026-03-24 13:27:01.666000
153502,1481117,2026-03-19 11:40:47.575000,2026-03-24 00:00:00,Fulfilled,NATALIES CANDY AT SEA-TAC  AP|Seattle|WA|98158|US,NATALIES CANDY AT SEA-TAC  AP,Seattle,WA,98158,US,ShipStation Shipping,,ShipStation shipping amount Tracking: 399911268497,Sale,1.000000000,1.000000000,0E-9,0E-9,0E-9,2026-03-24 13:27:02.634000
153503,1481118,2026-03-19 11:42:11.006000,2026-03-24 00:00:00,Fulfilled,SHOREPOINTS MARKET-EWR AIRPORT (T1)|DAYTON|NJ|08810|US,SHOREPOINTS MARKET-EWR AIRPORT (T1),DAYTON,NJ,08810,US,ShipStation Shipping,,ShipStation shipping amount Tracking: 399911286132,Sale,1.000000000,1.000000000,0E-9,0E-9,0E-9,2026-03-24 13:27:02.967000
153497,1481112,2026-03-19 11:31:19.601000,2026-03-24 00:00:00,Fulfilled,La Palmas Oasis -- PSP|Palm Springs|CA|92262|US,La Palmas Oasis -- PSP,Palm Springs,CA,92262,US,ShipStation Shipping,,ShipStation shipping amount Tracking: 399911297379,Sale,1.000000000,1.000000000,0E-9,0E-9,0E-9,2026-03-24 13:27:03.152000
153498,1481113,2026-03-19 11:33:38.986000,2026-03-24 00:00:00,Fulfilled,SIX POINTS MARKET-ORD AP|Chicago|IL|60666|US,SIX POINTS MARKET-ORD AP,Chicago,IL,60666,US,ShipStation Shipping,,ShipStation shipping amount Tracking: 399917122090,Sale,1.000000000,1.000000000,0E-9,0E-9,0E-9,2026-03-24 15:27:02.319000
153502,1481117,2026-03-19 11:40:47.575000,2026-03-24 00:00:00,Fulfilled,NATALIES CANDY AT SEA-TAC  AP|Seattle|WA|98158|US,NATALIES CANDY AT SEA-TAC  AP,Seattle,WA,98158,US,ShipStation Shipping,,ShipStation shipping amount Tracking: 399911268497,Sale,1.000000000,1.000000000,0E-9,0E-9,0E-9,2026-03-25 09:45:46.624000
153500,1481115,2026-03-19 11:37:33.279000,2026-03-24 00:00:00,Fulfilled,LA CONFIDENTIAL- LAX AP|El Segundo|CA|90245|US,LA CONFIDENTIAL- LAX AP,El Segundo,CA,90245,US,ShipStation Shipping,,ShipStation shipping amount Tracking: 399911203950,Sale,1.000000000,1.000000000,0E-9,0E-9,0E-9,2026-03-25 09:45:47.027000
154489,1481156,2026-03-25 14:46:06.765000,2026-03-31 00:00:00,Fulfilled,Eastbank Market @ PDX|Portland|OR|97220|US,Eastbank Market @ PDX,Portland,OR,97220,US,1801004,,"CB-SPD-BAN Bar - Coconut & Banana Super Dark Chocolate Bar, 3 oz.",Sale,24.000000000,24.000000000,5.040000000,120.960000000,42.678942048,2026-03-31 14:08:43.304000
154489,1481156,2026-03-25 14:46:06.765000,2026-03-31 00:00:00,Fulfilled,Eastbank Market @ PDX|Portland|OR|97220|US,Eastbank Market @ PDX,Portland,OR,97220,US,1801027,,CF-CAR-6-SEA-W Caramel - Red Hawaiian Salt Caramel 6PC,Sale,12.000000000,12.000000000,7.500000000,90.000000000,29.044320000,2026-03-31 14:08:43.304000
154489,1481156,2026-03-25 14:46:06.765000,2026-03-31 00:00:00,Fulfilled,Eastbank Market @ PDX|Portland|OR|97220|US,Eastbank Market @ PDX,Portland,OR,97220,US,ShipStation Shipping,,ShipStation shipping amount Tracking: 380119578730,Sale,1.000000000,1.000000000,0E-9,0E-9,0E-9,2026-03-31 14:08:43.304000
155973,1481195,2026-04-02 13:31:22.220000,2026-04-13 00:00:00,Fulfilled,EASTERN MARKET-DCA|Dayton|NJ|08810|US,EASTERN MARKET-DCA,Dayton,NJ,08810,US,1801009,,"CB-SPD-GRE Bar - Matcha Green Tea Chocolate Bar, 3 oz.",Sale,12.000000000,12.000000000,5.040000000,60.480000000,22.614637980,2026-04-14 15:45:42.915000
155973,1481195,2026-04-02 13:31:22.220000,2026-04-13 00:00:00,Fulfilled,EASTERN MARKET-DCA|Dayton|NJ|08810|US,EASTERN MARKET-DCA,Dayton,NJ,08810,US,1801012,,"CB-EXO-PHC Bar - Pink Himalayan Crystal Salt Caramel Exotic Chocolate Bar, 3 oz.",Sale,36.000000000,36.000000000,5.040000000,181.440000000,46.965231324,2026-04-14 15:45:42.915000
155973,1481195,2026-04-02 13:31:22.220000,2026-04-13 00:00:00,Fulfilled,EASTERN MARKET-DCA|Dayton|NJ|08810|US,EASTERN MARKET-DCA,Dayton,NJ,08810,US,1801004,,"CB-SPD-BAN Bar - Coconut & Banana Super Dark Chocolate Bar, 3 oz.",Sale,12.000000000,12.000000000,5.040000000,60.480000000,21.339471024,2026-04-14 15:45:42.915000
155973,1481195,2026-04-02 13:31:22.220000,2026-04-13 00:00:00,Fulfilled,EASTERN MARKET-DCA|Dayton|NJ|08810|US,EASTERN MARKET-DCA,Dayton,NJ,08810,US,1801022,,"CB-EXO-BAR Bar- Barcelona Exotic Chocolate Bar, 3oz",Sale,24.000000000,24.000000000,5.040000000,120.960000000,42.529920000,2026-04-14 15:45:42.915000
155974,1481196,2026-04-02 13:34:15.471000,2026-04-14 00:00:00,Fulfilled,UPTOWN ESSENTIALS-PSP AP|Palm Springs|CA|92262|US,UPTOWN ESSENTIALS-PSP AP,Palm Springs,CA,92262,US,1801009,,"CB-SPD-GRE Bar - Matcha Green Tea Chocolate Bar, 3 oz.",Sale,12.000000000,12.000000000,5.040000000,60.480000000,22.614637980,2026-04-17 11:03:10.830000
155974,1481196,2026-04-02 13:34:15.471000,2026-04-14 00:00:00,Fulfilled,UPTOWN ESSENTIALS-PSP AP|Palm Springs|CA|92262|US,UPTOWN ESSENTIALS-PSP AP,Palm Springs,CA,92262,US,1801012,,"CB-EXO-PHC Bar - Pink Himalayan Crystal Salt Caramel Exotic Chocolate Bar, 3 oz.",Sale,24.000000000,24.000000000,5.040000000,120.960000000,31.310154216,2026-04-17 11:03:10.830000
155974,1481196,2026-04-02 13:34:15.471000,2026-04-14 00:00:00,Fulfilled,UPTOWN ESSENTIALS-PSP AP|Palm Springs|CA|92262|US,UPTOWN ESSENTIALS-PSP AP,Palm Springs,CA,92262,US,1801004,,"CB-SPD-BAN Bar - Coconut & Banana Super Dark Chocolate Bar, 3 oz.",Sale,12.000000000,12.000000000,5.040000000,60.480000000,21.339471024,2026-04-17 11:03:10.830000
155974,1481196,2026-04-02 13:34:15.471000,2026-04-14 00:00:00,Fulfilled,UPTOWN ESSENTIALS-PSP AP|Palm Springs|CA|92262|US,UPTOWN ESSENTIALS-PSP AP,Palm Springs,CA,92262,US,1801021,,"CB-EXO-BAC Bar- Bacon Exotic Chocolate Bar, 3 oz",Sale,12.000000000,12.000000000,5.040000000,60.480000000,20.187079608,2026-04-17 11:03:10.830000
155974,1481196,2026-04-02 13:34:15.471000,2026-04-14 00:00:00,Fulfilled,UPTOWN ESSENTIALS-PSP AP|Palm Springs|CA|92262|US,UPTOWN ESSENTIALS-PSP AP,Palm Springs,CA,92262,US,1801022,,"CB-EXO-BAR Bar- Barcelona Exotic Chocolate Bar, 3oz",Sale,12.000000000,12.000000000,5.040000000,60.480000000,21.264960000,2026-04-17 11:03:10.830000
155974,1481196,2026-04-02 13:34:15.471000,2026-04-14 00:00:00,Fulfilled,UPTOWN ESSENTIALS-PSP AP|Palm Springs|CA|92262|US,UPTOWN ESSENTIALS-PSP AP,Palm Springs,CA,92262,US,1801027,,CF-CAR-6-SEA-W Caramel - Red Hawaiian Salt Caramel 6PC,Sale,24.000000000,24.000000000,7.500000000,180.000000000,56.101532808,2026-04-17 11:03:10.830000
155974,1481196,2026-04-02 13:34:15.471000,2026-04-14 00:00:00,Fulfilled,UPTOWN ESSENTIALS-PSP AP|Palm Springs|CA|92262|US,UPTOWN ESSENTIALS-PSP AP,Palm Springs,CA,92262,US,1801758,,"TC-LSL-004, Vosges Maison Truffle Collection 4PC, Purple Box w/Ribbon",Sale,24.000000000,24.000000000,7.000000000,168.000000000,50.940029424,2026-04-17 11:03:10.830000
155975,1481197,2026-04-02 13:52:09.543000,2026-04-14 00:00:00,Fulfilled,MADE IN KC- MCI AP|Kansas City|MO|64153|US,MADE IN KC- MCI AP,Kansas City,MO,64153,US,1801012,,"CB-EXO-PHC Bar - Pink Himalayan Crystal Salt Caramel Exotic Chocolate Bar, 3 oz.",Sale,24.000000000,24.000000000,5.040000000,120.960000000,31.310154216,2026-04-14 15:45:42.618000
155975,1481197,2026-04-02 13:52:09.543000,2026-04-14 00:00:00,Fulfilled,MADE IN KC- MCI AP|Kansas City|MO|64153|US,MADE IN KC- MCI AP,Kansas City,MO,64153,US,1801004,,"CB-SPD-BAN Bar - Coconut & Banana Super Dark Chocolate Bar, 3 oz.",Sale,12.000000000,12.000000000,5.040000000,60.480000000,21.339471024,2026-04-14 15:45:42.618000
155975,1481197,2026-04-02 13:52:09.543000,2026-04-14 00:00:00,Fulfilled,MADE IN KC- MCI AP|Kansas City|MO|64153|US,MADE IN KC- MCI AP,Kansas City,MO,64153,US,1801027,,CF-CAR-6-SEA-W Caramel - Red Hawaiian Salt Caramel 6PC,Sale,24.000000000,24.000000000,7.500000000,180.000000000,56.101532808,2026-04-14 15:45:42.618000
155975,1481197,2026-04-02 13:52:09.543000,2026-04-14 00:00:00,Fulfilled,MADE IN KC- MCI AP|Kansas City|MO|64153|US,MADE IN KC- MCI AP,Kansas City,MO,64153,US,1801758,,"TC-LSL-004, Vosges Maison Truffle Collection 4PC, Purple Box w/Ribbon",Sale,24.000000000,24.000000000,7.000000000,168.000000000,50.157569424,2026-04-14 15:45:42.618000
155976,1481198,2026-04-02 13:56:34.086000,2026-04-14 00:00:00,Fulfilled,GOTHAM NEWS-LGA AIRPORT|DAYTON|NJ|08810|US,GOTHAM NEWS-LGA AIRPORT,DAYTON,NJ,08810,US,1801009,,"CB-SPD-GRE Bar - Matcha Green Tea Chocolate Bar, 3 oz.",Sale,24.000000000,24.000000000,5.040000000,120.960000000,45.229275960,2026-04-14 15:45:42.446000
155976,1481198,2026-04-02 13:56:34.086000,2026-04-14 00:00:00,Fulfilled,GOTHAM NEWS-LGA AIRPORT|DAYTON|NJ|08810|US,GOTHAM NEWS-LGA AIRPORT,DAYTON,NJ,08810,US,1801012,,"CB-EXO-PHC Bar - Pink Himalayan Crystal Salt Caramel Exotic Chocolate Bar, 3 oz.",Sale,24.000000000,24.000000000,5.040000000,120.960000000,31.310154216,2026-04-14 15:45:42.446000
155977,1481199,2026-04-02 14:01:47.364000,2026-04-14 00:00:00,Fulfilled,LICK-DFW AIRPORT|DALLAS|TX|75261|US,LICK-DFW AIRPORT,DALLAS,TX,75261,US,1801009,,"CB-SPD-GRE Bar - Matcha Green Tea Chocolate Bar, 3 oz.",Sale,12.000000000,12.000000000,5.040000000,60.480000000,22.614637980,2026-04-17 11:03:09.766000
155977,1481199,2026-04-02 14:01:47.364000,2026-04-14 00:00:00,Fulfilled,LICK-DFW AIRPORT|DALLAS|TX|75261|US,LICK-DFW AIRPORT,DALLAS,TX,75261,US,1801012,,"CB-EXO-PHC Bar - Pink Himalayan Crystal Salt Caramel Exotic Chocolate Bar, 3 oz.",Sale,12.000000000,12.000000000,5.040000000,60.480000000,15.655077108,2026-04-17 11:03:09.766000
155977,1481199,2026-04-02 14:01:47.364000,2026-04-14 00:00:00,Fulfilled,LICK-DFW AIRPORT|DALLAS|TX|75261|US,LICK-DFW AIRPORT,DALLAS,TX,75261,US,1801004,,"CB-SPD-BAN Bar - Coconut & Banana Super Dark Chocolate Bar, 3 oz.",Sale,12.000000000,12.000000000,5.040000000,60.480000000,21.339471024,2026-04-17 11:03:09.766000
155977,1481199,2026-04-02 14:01:47.364000,2026-04-14 00:00:00,Fulfilled,LICK-DFW AIRPORT|DALLAS|TX|75261|US,LICK-DFW AIRPORT,DALLAS,TX,75261,US,1801021,,"CB-EXO-BAC Bar- Bacon Exotic Chocolate Bar, 3 oz",Sale,12.000000000,12.000000000,5.040000000,60.480000000,20.187079608,2026-04-17 11:03:09.766000
155978,1481200,2026-04-02 14:05:35.110000,2026-04-14 00:00:00,Fulfilled,FLIGHT STOP-DEN AIRPORT (GATE 33 &  55)|Denver|CO|80203|US,FLIGHT STOP-DEN AIRPORT (GATE 33 &  55),Denver,CO,80203,US,1801009,,"CB-SPD-GRE Bar - Matcha Green Tea Chocolate Bar, 3 oz.",Sale,12.000000000,12.000000000,5.040000000,60.480000000,22.614637980,2026-04-14 15:45:41.910000
155978,1481200,2026-04-02 14:05:35.110000,2026-04-14 00:00:00,Fulfilled,FLIGHT STOP-DEN AIRPORT (GATE 33 &  55)|Denver|CO|80203|US,FLIGHT STOP-DEN AIRPORT (GATE 33 &  55),Denver,CO,80203,US,1801012,,"CB-EXO-PHC Bar - Pink Himalayan Crystal Salt Caramel Exotic Chocolate Bar, 3 oz.",Sale,12.000000000,12.000000000,5.040000000,60.480000000,15.655077108,2026-04-14 15:45:41.910000
155978,1481200,2026-04-02 14:05:35.110000,2026-04-14 00:00:00,Fulfilled,FLIGHT STOP-DEN AIRPORT (GATE 33 &  55)|Denver|CO|80203|US,FLIGHT STOP-DEN AIRPORT (GATE 33 &  55),Denver,CO,80203,US,1801027,,CF-CAR-6-SEA-W Caramel - Red Hawaiian Salt Caramel 6PC,Sale,12.000000000,12.000000000,7.500000000,90.000000000,28.050766404,2026-04-14 15:45:41.910000
155978,1481200,2026-04-02 14:05:35.110000,2026-04-14 00:00:00,Fulfilled,FLIGHT STOP-DEN AIRPORT (GATE 33 &  55)|Denver|CO|80203|US,FLIGHT STOP-DEN AIRPORT (GATE 33 &  55),Denver,CO,80203,US,1801758,,"TC-LSL-004, Vosges Maison Truffle Collection 4PC, Purple Box w/Ribbon",Sale,12.000000000,12.000000000,7.000000000,84.000000000,25.078784712,2026-04-14 15:45:41.910000
155979,1481201,2026-04-02 14:08:05.886000,2026-04-14 00:00:00,Fulfilled,DISTRICT MARKET-SFO AP|San Francisco|CA|94128|US,DISTRICT MARKET-SFO AP,San Francisco,CA,94128,US,1801012,,"CB-EXO-PHC Bar - Pink Himalayan Crystal Salt Caramel Exotic Chocolate Bar, 3 oz.",Sale,12.000000000,12.000000000,5.040000000,60.480000000,15.655077108,2026-04-14 15:45:43.571000
155979,1481201,2026-04-02 14:08:05.886000,2026-04-14 00:00:00,Fulfilled,DISTRICT MARKET-SFO AP|San Francisco|CA|94128|US,DISTRICT MARKET-SFO AP,San Francisco,CA,94128,US,1801004,,"CB-SPD-BAN Bar - Coconut & Banana Super Dark Chocolate Bar, 3 oz.",Sale,24.000000000,24.000000000,5.040000000,120.960000000,42.678942048,2026-04-14 15:45:43.571000
155979,1481201,2026-04-02 14:08:05.886000,2026-04-14 00:00:00,Fulfilled,DISTRICT MARKET-SFO AP|San Francisco|CA|94128|US,DISTRICT MARKET-SFO AP,San Francisco,CA,94128,US,1801027,,CF-CAR-6-SEA-W Caramel - Red Hawaiian Salt Caramel 6PC,Sale,24.000000000,24.000000000,7.500000000,180.000000000,56.101532808,2026-04-14 15:45:43.571000
155979,1481201,2026-04-02 14:08:05.886000,2026-04-14 00:00:00,Fulfilled,DISTRICT MARKET-SFO AP|San Francisco|CA|94128|US,DISTRICT MARKET-SFO AP,San Francisco,CA,94128,US,1801758,,"TC-LSL-004, Vosges Maison Truffle Collection 4PC, Purple Box w/Ribbon",Sale,12.000000000,12.000000000,7.000000000,84.000000000,25.078784712,2026-04-14 15:45:43.571000
155980,1481202,2026-04-02 14:12:10.235000,2026-04-14 00:00:00,Fulfilled,THE WELL - SMF AP|Sacramento|CA|95837|US,THE WELL - SMF AP,Sacramento,CA,95837,US,1801009,,"CB-SPD-GRE Bar - Matcha Green Tea Chocolate Bar, 3 oz.",Sale,12.000000000,12.000000000,5.040000000,60.480000000,22.614637980,2026-04-17 11:03:10.373000
155980,1481202,2026-04-02 14:12:10.235000,2026-04-14 00:00:00,Fulfilled,THE WELL - SMF AP|Sacramento|CA|95837|US,THE WELL - SMF AP,Sacramento,CA,95837,US,1801012,,"CB-EXO-PHC Bar - Pink Himalayan Crystal Salt Caramel Exotic Chocolate Bar, 3 oz.",Sale,12.000000000,12.000000000,5.040000000,60.480000000,15.655077108,2026-04-17 11:03:10.373000
155980,1481202,2026-04-02 14:12:10.235000,2026-04-14 00:00:00,Fulfilled,THE WELL - SMF AP|Sacramento|CA|95837|US,THE WELL - SMF AP,Sacramento,CA,95837,US,1801021,,"CB-EXO-BAC Bar- Bacon Exotic Chocolate Bar, 3 oz",Sale,12.000000000,12.000000000,5.040000000,60.480000000,20.187079608,2026-04-17 11:03:10.373000
155980,1481202,2026-04-02 14:12:10.235000,2026-04-14 00:00:00,Fulfilled,THE WELL - SMF AP|Sacramento|CA|95837|US,THE WELL - SMF AP,Sacramento,CA,95837,US,1801027,,CF-CAR-6-SEA-W Caramel - Red Hawaiian Salt Caramel 6PC,Sale,24.000000000,24.000000000,7.500000000,180.000000000,56.101532808,2026-04-17 11:03:10.373000
155980,1481202,2026-04-02 14:12:10.235000,2026-04-14 00:00:00,Fulfilled,THE WELL - SMF AP|Sacramento|CA|95837|US,THE WELL - SMF AP,Sacramento,CA,95837,US,1801758,,"TC-LSL-004, Vosges Maison Truffle Collection 4PC, Purple Box w/Ribbon",Sale,24.000000000,24.000000000,7.000000000,168.000000000,50.940029424,2026-04-17 11:03:10.373000
155984,1481203,2026-04-02 14:14:31.315000,2026-04-14 00:00:00,Fulfilled,DC ARTS DISTRICT MARKET-DCA|Dayton|NJ|08810|US,DC ARTS DISTRICT MARKET-DCA,Dayton,NJ,08810,US,1801009,,"CB-SPD-GRE Bar - Matcha Green Tea Chocolate Bar, 3 oz.",Sale,12.000000000,12.000000000,5.040000000,60.480000000,22.614637980,2026-04-14 15:45:43.197000
155984,1481203,2026-04-02 14:14:31.315000,2026-04-14 00:00:00,Fulfilled,DC ARTS DISTRICT MARKET-DCA|Dayton|NJ|08810|US,DC ARTS DISTRICT MARKET-DCA,Dayton,NJ,08810,US,1801012,,"CB-EXO-PHC Bar - Pink Himalayan Crystal Salt Caramel Exotic Chocolate Bar, 3 oz.",Sale,36.000000000,36.000000000,5.040000000,181.440000000,46.965231324,2026-04-14 15:45:43.197000
155984,1481203,2026-04-02 14:14:31.315000,2026-04-14 00:00:00,Fulfilled,DC ARTS DISTRICT MARKET-DCA|Dayton|NJ|08810|US,DC ARTS DISTRICT MARKET-DCA,Dayton,NJ,08810,US,1801004,,"CB-SPD-BAN Bar - Coconut & Banana Super Dark Chocolate Bar, 3 oz.",Sale,24.000000000,24.000000000,5.040000000,120.960000000,42.678942048,2026-04-14 15:45:43.197000
155984,1481203,2026-04-02 14:14:31.315000,2026-04-14 00:00:00,Fulfilled,DC ARTS DISTRICT MARKET-DCA|Dayton|NJ|08810|US,DC ARTS DISTRICT MARKET-DCA,Dayton,NJ,08810,US,1801027,,CF-CAR-6-SEA-W Caramel - Red Hawaiian Salt Caramel 6PC,Sale,24.000000000,24.000000000,7.500000000,180.000000000,56.101532808,2026-04-14 15:45:43.197000
155984,1481203,2026-04-02 14:14:31.315000,2026-04-14 00:00:00,Fulfilled,DC ARTS DISTRICT MARKET-DCA|Dayton|NJ|08810|US,DC ARTS DISTRICT MARKET-DCA,Dayton,NJ,08810,US,1801758,,"TC-LSL-004, Vosges Maison Truffle Collection 4PC, Purple Box w/Ribbon",Sale,24.000000000,24.000000000,7.000000000,168.000000000,50.157569424,2026-04-14 15:45:43.197000
156299,1481225,2026-04-07 11:49:34.798000,2026-04-07 00:00:00,Fulfilled,0543 BARBUR FOODS - PDX|PORTLAND|OR|97220|US,0543 BARBUR FOODS - PDX,PORTLAND,OR,97220,US,1801009,,"CB-SPD-GRE Bar - Matcha Green Tea Chocolate Bar, 3 oz.",Sale,24.000000000,24.000000000,5.040000000,120.960000000,45.229275960,2026-04-07 13:41:12.531000
156299,1481225,2026-04-07 11:49:34.798000,2026-04-07 00:00:00,Fulfilled,0543 BARBUR FOODS - PDX|PORTLAND|OR|97220|US,0543 BARBUR FOODS - PDX,PORTLAND,OR,97220,US,1801012,,"CB-EXO-PHC Bar - Pink Himalayan Crystal Salt Caramel Exotic Chocolate Bar, 3 oz.",Sale,24.000000000,24.000000000,5.040000000,120.960000000,31.310154216,2026-04-07 13:41:12.531000
156299,1481225,2026-04-07 11:49:34.798000,2026-04-07 00:00:00,Fulfilled,0543 BARBUR FOODS - PDX|PORTLAND|OR|97220|US,0543 BARBUR FOODS - PDX,PORTLAND,OR,97220,US,1801004,,"CB-SPD-BAN Bar - Coconut & Banana Super Dark Chocolate Bar, 3 oz.",Sale,24.000000000,24.000000000,5.040000000,120.960000000,42.678942048,2026-04-07 13:41:12.531000
156299,1481225,2026-04-07 11:49:34.798000,2026-04-07 00:00:00,Fulfilled,0543 BARBUR FOODS - PDX|PORTLAND|OR|97220|US,0543 BARBUR FOODS - PDX,PORTLAND,OR,97220,US,1801021,,"CB-EXO-BAC Bar- Bacon Exotic Chocolate Bar, 3 oz",Sale,24.000000000,24.000000000,5.040000000,120.960000000,40.374159216,2026-04-07 13:41:12.531000
156299,1481225,2026-04-07 11:49:34.798000,2026-04-07 00:00:00,Fulfilled,0543 BARBUR FOODS - PDX|PORTLAND|OR|97220|US,0543 BARBUR FOODS - PDX,PORTLAND,OR,97220,US,1801022,,"CB-EXO-BAR Bar- Barcelona Exotic Chocolate Bar, 3oz",Sale,24.000000000,24.000000000,5.040000000,120.960000000,42.529920000,2026-04-07 13:41:12.531000
156299,1481225,2026-04-07 11:49:34.798000,2026-04-07 00:00:00,Fulfilled,0543 BARBUR FOODS - PDX|PORTLAND|OR|97220|US,0543 BARBUR FOODS - PDX,PORTLAND,OR,97220,US,ShipStation Shipping,,ShipStation shipping amount Tracking: 380304659041,Sale,1.000000000,1.000000000,0E-9,0E-9,0E-9,2026-04-07 13:41:12.531000
155978,1481200,2026-04-02 14:05:35.110000,2026-04-14 00:00:00,Fulfilled,FLIGHT STOP-DEN AIRPORT (GATE 33 &  55)|Denver|CO|80203|US,FLIGHT STOP-DEN AIRPORT (GATE 33 &  55),Denver,CO,80203,US,ShipStation Shipping,,ShipStation shipping amount Tracking: 380504284378,Sale,1.000000000,1.000000000,0E-9,0E-9,0E-9,2026-04-14 15:45:41.910000
155976,1481198,2026-04-02 13:56:34.086000,2026-04-14 00:00:00,Fulfilled,GOTHAM NEWS-LGA AIRPORT|DAYTON|NJ|08810|US,GOTHAM NEWS-LGA AIRPORT,DAYTON,NJ,08810,US,ShipStation Shipping,,ShipStation shipping amount Tracking: 380504291998,Sale,1.000000000,1.000000000,0E-9,0E-9,0E-9,2026-04-14 15:45:42.446000
155975,1481197,2026-04-02 13:52:09.543000,2026-04-14 00:00:00,Fulfilled,MADE IN KC- MCI AP|Kansas City|MO|64153|US,MADE IN KC- MCI AP,Kansas City,MO,64153,US,ShipStation Shipping,,ShipStation shipping amount Tracking: 380504323438,Sale,1.000000000,1.000000000,0E-9,0E-9,0E-9,2026-04-14 15:45:42.618000
155973,1481195,2026-04-02 13:31:22.220000,2026-04-13 00:00:00,Fulfilled,EASTERN MARKET-DCA|Dayton|NJ|08810|US,EASTERN MARKET-DCA,Dayton,NJ,08810,US,ShipStation Shipping,,ShipStation shipping amount Tracking: 380504324835,Sale,1.000000000,1.000000000,0E-9,0E-9,0E-9,2026-04-14 15:45:42.915000
155984,1481203,2026-04-02 14:14:31.315000,2026-04-14 00:00:00,Fulfilled,DC ARTS DISTRICT MARKET-DCA|Dayton|NJ|08810|US,DC ARTS DISTRICT MARKET-DCA,Dayton,NJ,08810,US,ShipStation Shipping,,ShipStation shipping amount Tracking: 380504348980,Sale,1.000000000,1.000000000,0E-9,0E-9,0E-9,2026-04-14 15:45:43.197000
155979,1481201,2026-04-02 14:08:05.886000,2026-04-14 00:00:00,Fulfilled,DISTRICT MARKET-SFO AP|San Francisco|CA|94128|US,DISTRICT MARKET-SFO AP,San Francisco,CA,94128,US,ShipStation Shipping,,ShipStation shipping amount Tracking: 380504352846,Sale,1.000000000,1.000000000,0E-9,0E-9,0E-9,2026-04-14 15:45:43.571000
157229,1481368,2026-04-17 07:19:49.641000,2026-04-20 00:00:00,Fulfilled,TRAVEL + RIGHT-SLC|SALT LAKE CITY|UT|84116|US,TRAVEL + RIGHT-SLC,SALT LAKE CITY,UT,84116,US,1801012,,"CB-EXO-PHC Bar - Pink Himalayan Crystal Salt Caramel Exotic Chocolate Bar, 3 oz.",Sale,12.000000000,12.000000000,5.040000000,60.480000000,15.655077108,2026-04-20 13:25:22.850000
157229,1481368,2026-04-17 07:19:49.641000,2026-04-20 00:00:00,Fulfilled,TRAVEL + RIGHT-SLC|SALT LAKE CITY|UT|84116|US,TRAVEL + RIGHT-SLC,SALT LAKE CITY,UT,84116,US,1801004,,"CB-SPD-BAN Bar - Coconut & Banana Super Dark Chocolate Bar, 3 oz.",Sale,12.000000000,12.000000000,5.040000000,60.480000000,20.790801684,2026-04-20 13:25:22.850000
157229,1481368,2026-04-17 07:19:49.641000,2026-04-20 00:00:00,Fulfilled,TRAVEL + RIGHT-SLC|SALT LAKE CITY|UT|84116|US,TRAVEL + RIGHT-SLC,SALT LAKE CITY,UT,84116,US,1801027,,CF-CAR-6-SEA-W Caramel - Red Hawaiian Salt Caramel 6PC,Sale,12.000000000,12.000000000,7.500000000,90.000000000,28.111927008,2026-04-20 13:25:22.850000
157230,1481369,2026-04-17 07:22:30.397000,2026-04-20 00:00:00,Fulfilled,La Palmas Oasis -- PSP|Palm Springs|CA|92262|US,La Palmas Oasis -- PSP,Palm Springs,CA,92262,US,1801012,,"CB-EXO-PHC Bar - Pink Himalayan Crystal Salt Caramel Exotic Chocolate Bar, 3 oz.",Sale,12.000000000,12.000000000,5.040000000,60.480000000,15.655077108,2026-04-20 11:18:45.585000
157230,1481369,2026-04-17 07:22:30.397000,2026-04-20 00:00:00,Fulfilled,La Palmas Oasis -- PSP|Palm Springs|CA|92262|US,La Palmas Oasis -- PSP,Palm Springs,CA,92262,US,1801004,,"CB-SPD-BAN Bar - Coconut & Banana Super Dark Chocolate Bar, 3 oz.",Sale,12.000000000,12.000000000,5.040000000,60.480000000,21.339471024,2026-04-20 11:18:45.585000
157230,1481369,2026-04-17 07:22:30.397000,2026-04-20 00:00:00,Fulfilled,La Palmas Oasis -- PSP|Palm Springs|CA|92262|US,La Palmas Oasis -- PSP,Palm Springs,CA,92262,US,1801758,,"TC-LSL-004, Vosges Maison Truffle Collection 4PC, Purple Box w/Ribbon",Sale,12.000000000,12.000000000,7.000000000,84.000000000,25.470014712,2026-04-20 11:18:45.585000
157231,1481370,2026-04-17 07:24:55.970000,2026-04-20 00:00:00,Fulfilled,PUBLIC MARKET-SLC AP|Salt Lake City|UT|84116|US,PUBLIC MARKET-SLC AP,Salt Lake City,UT,84116,US,1801009,,"CB-SPD-GRE Bar - Matcha Green Tea Chocolate Bar, 3 oz.",Sale,12.000000000,12.000000000,5.040000000,60.480000000,22.614637980,2026-04-20 11:18:44.972000
157231,1481370,2026-04-17 07:24:55.970000,2026-04-20 00:00:00,Fulfilled,PUBLIC MARKET-SLC AP|Salt Lake City|UT|84116|US,PUBLIC MARKET-SLC AP,Salt Lake City,UT,84116,US,1801021,,"CB-EXO-BAC Bar- Bacon Exotic Chocolate Bar, 3 oz",Sale,12.000000000,12.000000000,5.040000000,60.480000000,20.187079608,2026-04-20 11:18:44.972000
157231,1481370,2026-04-17 07:24:55.970000,2026-04-20 00:00:00,Fulfilled,PUBLIC MARKET-SLC AP|Salt Lake City|UT|84116|US,PUBLIC MARKET-SLC AP,Salt Lake City,UT,84116,US,1801758,,"TC-LSL-004, Vosges Maison Truffle Collection 4PC, Purple Box w/Ribbon",Sale,12.000000000,12.000000000,7.000000000,84.000000000,25.470014712,2026-04-20 11:18:44.972000
157232,1481371,2026-04-17 07:26:51.517000,2026-04-20 00:00:00,Fulfilled,WH SMITH-DCA AP (T-CNC3)|Dayton|NJ|08810|US,WH SMITH-DCA AP (T-CNC3),Dayton,NJ,08810,US,1801009,,"CB-SPD-GRE Bar - Matcha Green Tea Chocolate Bar, 3 oz.",Sale,12.000000000,12.000000000,5.040000000,60.480000000,22.614637980,2026-04-20 13:25:23.799000
157232,1481371,2026-04-17 07:26:51.517000,2026-04-20 00:00:00,Fulfilled,WH SMITH-DCA AP (T-CNC3)|Dayton|NJ|08810|US,WH SMITH-DCA AP (T-CNC3),Dayton,NJ,08810,US,1801012,,"CB-EXO-PHC Bar - Pink Himalayan Crystal Salt Caramel Exotic Chocolate Bar, 3 oz.",Sale,12.000000000,12.000000000,5.040000000,60.480000000,15.655077108,2026-04-20 13:25:23.799000
157232,1481371,2026-04-17 07:26:51.517000,2026-04-20 00:00:00,Fulfilled,WH SMITH-DCA AP (T-CNC3)|Dayton|NJ|08810|US,WH SMITH-DCA AP (T-CNC3),Dayton,NJ,08810,US,1801004,,"CB-SPD-BAN Bar - Coconut & Banana Super Dark Chocolate Bar, 3 oz.",Sale,24.000000000,24.000000000,5.040000000,120.960000000,41.581603368,2026-04-20 13:25:23.799000
157233,1481372,2026-04-17 07:33:14.781000,2026-04-20 00:00:00,Fulfilled,THE WELL - SMF AP|Sacramento|CA|95837|US,THE WELL - SMF AP,Sacramento,CA,95837,US,1801009,,"CB-SPD-GRE Bar - Matcha Green Tea Chocolate Bar, 3 oz.",Sale,12.000000000,12.000000000,5.040000000,60.480000000,22.614637980,2026-04-20 12:00:47.596000
157233,1481372,2026-04-17 07:33:14.781000,2026-04-20 00:00:00,Fulfilled,THE WELL - SMF AP|Sacramento|CA|95837|US,THE WELL - SMF AP,Sacramento,CA,95837,US,1801012,,"CB-EXO-PHC Bar - Pink Himalayan Crystal Salt Caramel Exotic Chocolate Bar, 3 oz.",Sale,12.000000000,12.000000000,5.040000000,60.480000000,15.655077108,2026-04-20 12:00:47.596000
157233,1481372,2026-04-17 07:33:14.781000,2026-04-20 00:00:00,Fulfilled,THE WELL - SMF AP|Sacramento|CA|95837|US,THE WELL - SMF AP,Sacramento,CA,95837,US,1801022,,"CB-EXO-BAR Bar- Barcelona Exotic Chocolate Bar, 3oz",Sale,24.000000000,24.000000000,5.040000000,120.960000000,42.529920000,2026-04-20 12:00:47.596000
157234,1481373,2026-04-17 07:35:10.143000,2026-04-20 00:00:00,Fulfilled,SHOREPOINTS MARKET-EWR AIRPORT (T1)|DAYTON|NJ|08810|US,SHOREPOINTS MARKET-EWR AIRPORT (T1),DAYTON,NJ,08810,US,1801027,,CF-CAR-6-SEA-W Caramel - Red Hawaiian Salt Caramel 6PC,Sale,48.000000000,48.000000000,7.500000000,360.000000000,112.447708032,2026-04-20 13:48:01.591000
157235,1481374,2026-04-17 07:36:48.691000,2026-04-20 00:00:00,Fulfilled,Eastbank Market @ PDX|Portland|OR|97220|US,Eastbank Market @ PDX,Portland,OR,97220,US,1801009,,"CB-SPD-GRE Bar - Matcha Green Tea Chocolate Bar, 3 oz.",Sale,12.000000000,12.000000000,5.040000000,60.480000000,22.614637980,2026-04-20 13:25:24.284000
157235,1481374,2026-04-17 07:36:48.691000,2026-04-20 00:00:00,Fulfilled,Eastbank Market @ PDX|Portland|OR|97220|US,Eastbank Market @ PDX,Portland,OR,97220,US,1801012,,"CB-EXO-PHC Bar - Pink Himalayan Crystal Salt Caramel Exotic Chocolate Bar, 3 oz.",Sale,12.000000000,12.000000000,5.040000000,60.480000000,15.655077108,2026-04-20 13:25:24.284000
157235,1481374,2026-04-17 07:36:48.691000,2026-04-20 00:00:00,Fulfilled,Eastbank Market @ PDX|Portland|OR|97220|US,Eastbank Market @ PDX,Portland,OR,97220,US,1801004,,"CB-SPD-BAN Bar - Coconut & Banana Super Dark Chocolate Bar, 3 oz.",Sale,24.000000000,24.000000000,5.040000000,120.960000000,41.581603368,2026-04-20 13:25:24.284000
157236,1481375,2026-04-17 07:38:57.596000,2026-04-20 00:00:00,Fulfilled,THE ARTS DISTRICT MARKET - SAN|SAN DIEGO|CA|92110|US,THE ARTS DISTRICT MARKET - SAN,SAN DIEGO,CA,92110,US,1801009,,"CB-SPD-GRE Bar - Matcha Green Tea Chocolate Bar, 3 oz.",Sale,24.000000000,24.000000000,5.040000000,120.960000000,45.229275960,2026-04-20 13:25:23.430000
157236,1481375,2026-04-17 07:38:57.596000,2026-04-20 00:00:00,Fulfilled,THE ARTS DISTRICT MARKET - SAN|SAN DIEGO|CA|92110|US,THE ARTS DISTRICT MARKET - SAN,SAN DIEGO,CA,92110,US,1801012,,"CB-EXO-PHC Bar - Pink Himalayan Crystal Salt Caramel Exotic Chocolate Bar, 3 oz.",Sale,12.000000000,12.000000000,5.040000000,60.480000000,15.655077108,2026-04-20 13:25:23.430000
157236,1481375,2026-04-17 07:38:57.596000,2026-04-20 00:00:00,Fulfilled,THE ARTS DISTRICT MARKET - SAN|SAN DIEGO|CA|92110|US,THE ARTS DISTRICT MARKET - SAN,SAN DIEGO,CA,92110,US,1801004,,"CB-SPD-BAN Bar - Coconut & Banana Super Dark Chocolate Bar, 3 oz.",Sale,12.000000000,12.000000000,5.040000000,60.480000000,20.790801684,2026-04-20 13:25:23.430000
157236,1481375,2026-04-17 07:38:57.596000,2026-04-20 00:00:00,Fulfilled,THE ARTS DISTRICT MARKET - SAN|SAN DIEGO|CA|92110|US,THE ARTS DISTRICT MARKET - SAN,SAN DIEGO,CA,92110,US,1801021,,"CB-EXO-BAC Bar- Bacon Exotic Chocolate Bar, 3 oz",Sale,12.000000000,12.000000000,5.040000000,60.480000000,20.187079608,2026-04-20 13:25:23.430000
157236,1481375,2026-04-17 07:38:57.596000,2026-04-20 00:00:00,Fulfilled,THE ARTS DISTRICT MARKET - SAN|SAN DIEGO|CA|92110|US,THE ARTS DISTRICT MARKET - SAN,SAN DIEGO,CA,92110,US,1801022,,"CB-EXO-BAR Bar- Barcelona Exotic Chocolate Bar, 3oz",Sale,12.000000000,12.000000000,5.040000000,60.480000000,21.264960000,2026-04-20 13:25:23.430000
157237,1481376,2026-04-17 07:40:32.070000,2026-04-20 00:00:00,Fulfilled,Motown Greatest Hits #430 Suite 3-2|Detroit|MI|48242|US,Motown Greatest Hits #430 Suite 3-2,Detroit,MI,48242,US,1801027,,CF-CAR-6-SEA-W Caramel - Red Hawaiian Salt Caramel 6PC,Sale,36.000000000,36.000000000,7.500000000,270.000000000,84.320490873,2026-04-20 12:00:47.285000
155977,1481199,2026-04-02 14:01:47.364000,2026-04-14 00:00:00,Fulfilled,LICK-DFW AIRPORT|DALLAS|TX|75261|US,LICK-DFW AIRPORT,DALLAS,TX,75261,US,ShipStation Shipping,,ShipStation shipping amount Tracking: 380587891258,Sale,1.000000000,1.000000000,0E-9,0E-9,0E-9,2026-04-17 11:03:09.766000
155980,1481202,2026-04-02 14:12:10.235000,2026-04-14 00:00:00,Fulfilled,THE WELL - SMF AP|Sacramento|CA|95837|US,THE WELL - SMF AP,Sacramento,CA,95837,US,ShipStation Shipping,,ShipStation shipping amount Tracking: 380587900793,Sale,1.000000000,1.000000000,0E-9,0E-9,0E-9,2026-04-17 11:03:10.373000
155974,1481196,2026-04-02 13:34:15.471000,2026-04-14 00:00:00,Fulfilled,UPTOWN ESSENTIALS-PSP AP|Palm Springs|CA|92262|US,UPTOWN ESSENTIALS-PSP AP,Palm Springs,CA,92262,US,ShipStation Shipping,,ShipStation shipping amount Tracking: 380587908706,Sale,1.000000000,1.000000000,0E-9,0E-9,0E-9,2026-04-17 11:03:10.830000
157231,1481370,2026-04-17 07:24:55.970000,2026-04-20 00:00:00,Fulfilled,PUBLIC MARKET-SLC AP|Salt Lake City|UT|84116|US,PUBLIC MARKET-SLC AP,Salt Lake City,UT,84116,US,ShipStation Shipping,,ShipStation shipping amount Tracking: 380644140990,Sale,1.000000000,1.000000000,0E-9,0E-9,0E-9,2026-04-20 11:18:44.972000
157230,1481369,2026-04-17 07:22:30.397000,2026-04-20 00:00:00,Fulfilled,La Palmas Oasis -- PSP|Palm Springs|CA|92262|US,La Palmas Oasis -- PSP,Palm Springs,CA,92262,US,ShipStation Shipping,,ShipStation shipping amount Tracking: 380644157860,Sale,1.000000000,1.000000000,0E-9,0E-9,0E-9,2026-04-20 11:18:45.585000
157237,1481376,2026-04-17 07:40:32.070000,2026-04-20 00:00:00,Fulfilled,Motown Greatest Hits #430 Suite 3-2|Detroit|MI|48242|US,Motown Greatest Hits #430 Suite 3-2,Detroit,MI,48242,US,ShipStation Shipping,,ShipStation shipping amount Tracking: 380648354016,Sale,1.000000000,1.000000000,0E-9,0E-9,0E-9,2026-04-20 12:00:47.285000
157233,1481372,2026-04-17 07:33:14.781000,2026-04-20 00:00:00,Fulfilled,THE WELL - SMF AP|Sacramento|CA|95837|US,THE WELL - SMF AP,Sacramento,CA,95837,US,ShipStation Shipping,,ShipStation shipping amount Tracking: 380648366465,Sale,1.000000000,1.000000000,0E-9,0E-9,0E-9,2026-04-20 12:00:47.596000
157229,1481368,2026-04-17 07:19:49.641000,2026-04-20 00:00:00,Fulfilled,TRAVEL + RIGHT-SLC|SALT LAKE CITY|UT|84116|US,TRAVEL + RIGHT-SLC,SALT LAKE CITY,UT,84116,US,ShipStation Shipping,,ShipStation shipping amount Tracking: 380649585223,Sale,1.000000000,1.000000000,0E-9,0E-9,0E-9,2026-04-20 13:25:22.850000
157236,1481375,2026-04-17 07:38:57.596000,2026-04-20 00:00:00,Fulfilled,THE ARTS DISTRICT MARKET - SAN|SAN DIEGO|CA|92110|US,THE ARTS DISTRICT MARKET - SAN,SAN DIEGO,CA,92110,US,ShipStation Shipping,,ShipStation shipping amount Tracking: 380649645325,Sale,1.000000000,1.000000000,0E-9,0E-9,0E-9,2026-04-20 13:25:23.430000
157232,1481371,2026-04-17 07:26:51.517000,2026-04-20 00:00:00,Fulfilled,WH SMITH-DCA AP (T-CNC3)|Dayton|NJ|08810|US,WH SMITH-DCA AP (T-CNC3),Dayton,NJ,08810,US,ShipStation Shipping,,ShipStation shipping amount Tracking: 380649661560,Sale,1.000000000,1.000000000,0E-9,0E-9,0E-9,2026-04-20 13:25:23.799000
157235,1481374,2026-04-17 07:36:48.691000,2026-04-20 00:00:00,Fulfilled,Eastbank Market @ PDX|Portland|OR|97220|US,Eastbank Market @ PDX,Portland,OR,97220,US,ShipStation Shipping,,ShipStation shipping amount Tracking: 380649680095,Sale,1.000000000,1.000000000,0E-9,0E-9,0E-9,2026-04-20 13:25:24.284000
157234,1481373,2026-04-17 07:35:10.143000,2026-04-20 00:00:00,Fulfilled,SHOREPOINTS MARKET-EWR AIRPORT (T1)|DAYTON|NJ|08810|US,SHOREPOINTS MARKET-EWR AIRPORT (T1),DAYTON,NJ,08810,US,ShipStation Shipping,,ShipStation shipping amount Tracking: 380654717728,Sale,1.000000000,1.000000000,0E-9,0E-9,0E-9,2026-04-20 13:48:01.591000
159238,1481467,2026-05-01 07:41:19.273000,2026-05-04 00:00:00,Issued,Penn's Landing @ PHL|Dayton|NJ|08810|US,Penn's Landing @ PHL,Dayton,NJ,08810,US,1801009,,"CB-SPD-GRE Bar - Matcha Green Tea Chocolate Bar, 3 oz.",Sale,12.000000000,0E-9,5.040000000,60.480000000,0E-9,
159238,1481467,2026-05-01 07:41:19.273000,2026-05-04 00:00:00,Issued,Penn's Landing @ PHL|Dayton|NJ|08810|US,Penn's Landing @ PHL,Dayton,NJ,08810,US,1801012,,"CB-EXO-PHC Bar - Pink Himalayan Crystal Salt Caramel Exotic Chocolate Bar, 3 oz.",Sale,12.000000000,0E-9,5.040000000,60.480000000,0E-9,
159238,1481467,2026-05-01 07:41:19.273000,2026-05-04 00:00:00,Issued,Penn's Landing @ PHL|Dayton|NJ|08810|US,Penn's Landing @ PHL,Dayton,NJ,08810,US,1801004,,"CB-SPD-BAN Bar - Coconut & Banana Super Dark Chocolate Bar, 3 oz.",Sale,12.000000000,0E-9,5.040000000,60.480000000,0E-9,
159238,1481467,2026-05-01 07:41:19.273000,2026-05-04 00:00:00,Issued,Penn's Landing @ PHL|Dayton|NJ|08810|US,Penn's Landing @ PHL,Dayton,NJ,08810,US,1801758,,"TC-LSL-004, Vosges Maison Truffle Collection 4PC, Purple Box w/Ribbon",Sale,12.000000000,0E-9,7.000000000,84.000000000,0E-9,
159239,1481468,2026-05-01 07:43:29.103000,2026-05-04 00:00:00,Issued,Duke City Station @ ABQ|ALBUQUERQUE|NM|87106|US,Duke City Station @ ABQ,ALBUQUERQUE,NM,87106,US,1801009,,"CB-SPD-GRE Bar - Matcha Green Tea Chocolate Bar, 3 oz.",Sale,24.000000000,0E-9,5.040000000,120.960000000,0E-9,
159239,1481468,2026-05-01 07:43:29.103000,2026-05-04 00:00:00,Issued,Duke City Station @ ABQ|ALBUQUERQUE|NM|87106|US,Duke City Station @ ABQ,ALBUQUERQUE,NM,87106,US,1801012,,"CB-EXO-PHC Bar - Pink Himalayan Crystal Salt Caramel Exotic Chocolate Bar, 3 oz.",Sale,24.000000000,0E-9,5.040000000,120.960000000,0E-9,
159239,1481468,2026-05-01 07:43:29.103000,2026-05-04 00:00:00,Issued,Duke City Station @ ABQ|ALBUQUERQUE|NM|87106|US,Duke City Station @ ABQ,ALBUQUERQUE,NM,87106,US,1801004,,"CB-SPD-BAN Bar - Coconut & Banana Super Dark Chocolate Bar, 3 oz.",Sale,24.000000000,0E-9,5.040000000,120.960000000,0E-9,
159239,1481468,2026-05-01 07:43:29.103000,2026-05-04 00:00:00,Issued,Duke City Station @ ABQ|ALBUQUERQUE|NM|87106|US,Duke City Station @ ABQ,ALBUQUERQUE,NM,87106,US,1801021,,"CB-EXO-BAC Bar- Bacon Exotic Chocolate Bar, 3 oz",Sale,24.000000000,0E-9,5.040000000,120.960000000,0E-9,
159239,1481468,2026-05-01 07:43:29.103000,2026-05-04 00:00:00,Issued,Duke City Station @ ABQ|ALBUQUERQUE|NM|87106|US,Duke City Station @ ABQ,ALBUQUERQUE,NM,87106,US,1801022,,"CB-EXO-BAR Bar- Barcelona Exotic Chocolate Bar, 3oz",Sale,12.000000000,0E-9,5.040000000,60.480000000,0E-9,
159240,1481469,2026-05-01 07:45:07.504000,2026-05-04 00:00:00,Issued,Eastbank Market @ PDX|Portland|OR|97220|US,Eastbank Market @ PDX,Portland,OR,97220,US,1801021,,"CB-EXO-BAC Bar- Bacon Exotic Chocolate Bar, 3 oz",Sale,12.000000000,0E-9,5.040000000,60.480000000,0E-9,
159240,1481469,2026-05-01 07:45:07.504000,2026-05-04 00:00:00,Issued,Eastbank Market @ PDX|Portland|OR|97220|US,Eastbank Market @ PDX,Portland,OR,97220,US,1801022,,"CB-EXO-BAR Bar- Barcelona Exotic Chocolate Bar, 3oz",Sale,12.000000000,0E-9,5.040000000,60.480000000,0E-9,
159240,1481469,2026-05-01 07:45:07.504000,2026-05-04 00:00:00,Issued,Eastbank Market @ PDX|Portland|OR|97220|US,Eastbank Market @ PDX,Portland,OR,97220,US,1801027,,CF-CAR-6-SEA-W Caramel - Red Hawaiian Salt Caramel 6PC,Sale,12.000000000,0E-9,7.500000000,90.000000000,0E-9,
159240,1481469,2026-05-01 07:45:07.504000,2026-05-04 00:00:00,Issued,Eastbank Market @ PDX|Portland|OR|97220|US,Eastbank Market @ PDX,Portland,OR,97220,US,1801758,,"TC-LSL-004, Vosges Maison Truffle Collection 4PC, Purple Box w/Ribbon",Sale,12.000000000,0E-9,7.000000000,84.000000000,0E-9,
159241,1481470,2026-05-01 07:46:19.447000,2026-05-04 00:00:00,Issued,THE ARTS DISTRICT MARKET - SAN|SAN DIEGO|CA|92110|US,THE ARTS DISTRICT MARKET - SAN,SAN DIEGO,CA,92110,US,1801009,,"CB-SPD-GRE Bar - Matcha Green Tea Chocolate Bar, 3 oz.",Sale,36.000000000,0E-9,5.040000000,181.440000000,0E-9,
159241,1481470,2026-05-01 07:46:19.447000,2026-05-04 00:00:00,Issued,THE ARTS DISTRICT MARKET - SAN|SAN DIEGO|CA|92110|US,THE ARTS DISTRICT MARKET - SAN,SAN DIEGO,CA,92110,US,1801012,,"CB-EXO-PHC Bar - Pink Himalayan Crystal Salt Caramel Exotic Chocolate Bar, 3 oz.",Sale,12.000000000,0E-9,5.040000000,60.480000000,0E-9,
159241,1481470,2026-05-01 07:46:19.447000,2026-05-04 00:00:00,Issued,THE ARTS DISTRICT MARKET - SAN|SAN DIEGO|CA|92110|US,THE ARTS DISTRICT MARKET - SAN,SAN DIEGO,CA,92110,US,1801021,,"CB-EXO-BAC Bar- Bacon Exotic Chocolate Bar, 3 oz",Sale,12.000000000,0E-9,5.040000000,60.480000000,0E-9,
159241,1481470,2026-05-01 07:46:19.447000,2026-05-04 00:00:00,Issued,THE ARTS DISTRICT MARKET - SAN|SAN DIEGO|CA|92110|US,THE ARTS DISTRICT MARKET - SAN,SAN DIEGO,CA,92110,US,1801022,,"CB-EXO-BAR Bar- Barcelona Exotic Chocolate Bar, 3oz",Sale,12.000000000,0E-9,5.040000000,60.480000000,0E-9,
159242,1481471,2026-05-01 07:47:32.782000,2026-05-04 00:00:00,Issued,16TH & DOLORES-SFO AP (T2)|SAN FRANCISCO|CA|94128|US,16TH & DOLORES-SFO AP (T2),SAN FRANCISCO,CA,94128,US,1801009,,"CB-SPD-GRE Bar - Matcha Green Tea Chocolate Bar, 3 oz.",Sale,24.000000000,0E-9,5.040000000,120.960000000,0E-9,
159242,1481471,2026-05-01 07:47:32.782000,2026-05-04 00:00:00,Issued,16TH & DOLORES-SFO AP (T2)|SAN FRANCISCO|CA|94128|US,16TH & DOLORES-SFO AP (T2),SAN FRANCISCO,CA,94128,US,1801012,,"CB-EXO-PHC Bar - Pink Himalayan Crystal Salt Caramel Exotic Chocolate Bar, 3 oz.",Sale,24.000000000,0E-9,5.040000000,120.960000000,0E-9,
159242,1481471,2026-05-01 07:47:32.782000,2026-05-04 00:00:00,Issued,16TH & DOLORES-SFO AP (T2)|SAN FRANCISCO|CA|94128|US,16TH & DOLORES-SFO AP (T2),SAN FRANCISCO,CA,94128,US,1801021,,"CB-EXO-BAC Bar- Bacon Exotic Chocolate Bar, 3 oz",Sale,12.000000000,0E-9,5.040000000,60.480000000,0E-9,
159242,1481471,2026-05-01 07:47:32.782000,2026-05-04 00:00:00,Issued,16TH & DOLORES-SFO AP (T2)|SAN FRANCISCO|CA|94128|US,16TH & DOLORES-SFO AP (T2),SAN FRANCISCO,CA,94128,US,1801022,,"CB-EXO-BAR Bar- Barcelona Exotic Chocolate Bar, 3oz",Sale,24.000000000,0E-9,5.040000000,120.960000000,0E-9,
159243,1481472,2026-05-01 07:48:51.599000,2026-05-04 00:00:00,Issued,EASTERN MARKET-DCA|Dayton|NJ|08810|US,EASTERN MARKET-DCA,Dayton,NJ,08810,US,1801009,,"CB-SPD-GRE Bar - Matcha Green Tea Chocolate Bar, 3 oz.",Sale,12.000000000,0E-9,5.040000000,60.480000000,0E-9,
159243,1481472,2026-05-01 07:48:51.599000,2026-05-04 00:00:00,Issued,EASTERN MARKET-DCA|Dayton|NJ|08810|US,EASTERN MARKET-DCA,Dayton,NJ,08810,US,1801021,,"CB-EXO-BAC Bar- Bacon Exotic Chocolate Bar, 3 oz",Sale,12.000000000,0E-9,5.040000000,60.480000000,0E-9,
159243,1481472,2026-05-01 07:48:51.599000,2026-05-04 00:00:00,Issued,EASTERN MARKET-DCA|Dayton|NJ|08810|US,EASTERN MARKET-DCA,Dayton,NJ,08810,US,1801758,,"TC-LSL-004, Vosges Maison Truffle Collection 4PC, Purple Box w/Ribbon",Sale,12.000000000,0E-9,7.000000000,84.000000000,0E-9,
159244,1481473,2026-05-01 07:50:15.442000,2026-05-04 00:00:00,Issued,SLC Public Market-SPace #CAE 2-003|Salt Lake City|UT|84116|US,SLC Public Market-SPace #CAE 2-003,Salt Lake City,UT,84116,US,1801009,,"CB-SPD-GRE Bar - Matcha Green Tea Chocolate Bar, 3 oz.",Sale,12.000000000,0E-9,5.040000000,60.480000000,0E-9,
159244,1481473,2026-05-01 07:50:15.442000,2026-05-04 00:00:00,Issued,SLC Public Market-SPace #CAE 2-003|Salt Lake City|UT|84116|US,SLC Public Market-SPace #CAE 2-003,Salt Lake City,UT,84116,US,1801012,,"CB-EXO-PHC Bar - Pink Himalayan Crystal Salt Caramel Exotic Chocolate Bar, 3 oz.",Sale,24.000000000,0E-9,5.040000000,120.960000000,0E-9,
159244,1481473,2026-05-01 07:50:15.442000,2026-05-04 00:00:00,Issued,SLC Public Market-SPace #CAE 2-003|Salt Lake City|UT|84116|US,SLC Public Market-SPace #CAE 2-003,Salt Lake City,UT,84116,US,1801004,,"CB-SPD-BAN Bar - Coconut & Banana Super Dark Chocolate Bar, 3 oz.",Sale,24.000000000,0E-9,5.040000000,120.960000000,0E-9,
159244,1481473,2026-05-01 07:50:15.442000,2026-05-04 00:00:00,Issued,SLC Public Market-SPace #CAE 2-003|Salt Lake City|UT|84116|US,SLC Public Market-SPace #CAE 2-003,Salt Lake City,UT,84116,US,1801027,,CF-CAR-6-SEA-W Caramel - Red Hawaiian Salt Caramel 6PC,Sale,12.000000000,0E-9,7.500000000,90.000000000,0E-9,
159245,1481474,2026-05-01 07:52:04.277000,2026-05-04 00:00:00,Issued,LICK-DFW AIRPORT|DALLAS|TX|75261|US,LICK-DFW AIRPORT,DALLAS,TX,75261,US,1801009,,"CB-SPD-GRE Bar - Matcha Green Tea Chocolate Bar, 3 oz.",Sale,12.000000000,0E-9,5.040000000,60.480000000,0E-9,
159245,1481474,2026-05-01 07:52:04.277000,2026-05-04 00:00:00,Issued,LICK-DFW AIRPORT|DALLAS|TX|75261|US,LICK-DFW AIRPORT,DALLAS,TX,75261,US,1801012,,"CB-EXO-PHC Bar - Pink Himalayan Crystal Salt Caramel Exotic Chocolate Bar, 3 oz.",Sale,12.000000000,0E-9,5.040000000,60.480000000,0E-9,
159245,1481474,2026-05-01 07:52:04.277000,2026-05-04 00:00:00,Issued,LICK-DFW AIRPORT|DALLAS|TX|75261|US,LICK-DFW AIRPORT,DALLAS,TX,75261,US,1801004,,"CB-SPD-BAN Bar - Coconut & Banana Super Dark Chocolate Bar, 3 oz.",Sale,12.000000000,0E-9,5.040000000,60.480000000,0E-9,
159245,1481474,2026-05-01 07:52:04.277000,2026-05-04 00:00:00,Issued,LICK-DFW AIRPORT|DALLAS|TX|75261|US,LICK-DFW AIRPORT,DALLAS,TX,75261,US,1801021,,"CB-EXO-BAC Bar- Bacon Exotic Chocolate Bar, 3 oz",Sale,12.000000000,0E-9,5.040000000,60.480000000,0E-9,
159246,1481476,2026-05-01 07:53:22.432000,2026-05-04 00:00:00,Issued,DISTRICT MARKET-SFO AP|San Francisco|CA|94128|US,DISTRICT MARKET-SFO AP,San Francisco,CA,94128,US,1801009,,"CB-SPD-GRE Bar - Matcha Green Tea Chocolate Bar, 3 oz.",Sale,24.000000000,0E-9,5.040000000,120.960000000,0E-9,
159246,1481476,2026-05-01 07:53:22.432000,2026-05-04 00:00:00,Issued,DISTRICT MARKET-SFO AP|San Francisco|CA|94128|US,DISTRICT MARKET-SFO AP,San Francisco,CA,94128,US,1801012,,"CB-EXO-PHC Bar - Pink Himalayan Crystal Salt Caramel Exotic Chocolate Bar, 3 oz.",Sale,24.000000000,0E-9,5.040000000,120.960000000,0E-9,
159246,1481476,2026-05-01 07:53:22.432000,2026-05-04 00:00:00,Issued,DISTRICT MARKET-SFO AP|San Francisco|CA|94128|US,DISTRICT MARKET-SFO AP,San Francisco,CA,94128,US,1801022,,"CB-EXO-BAR Bar- Barcelona Exotic Chocolate Bar, 3oz",Sale,12.000000000,0E-9,5.040000000,60.480000000,0E-9,
159248,1481477,2026-05-01 07:55:45.071000,2026-05-04 00:00:00,Issued,DISTRICT MARKET-BWI AIRPORT|DAYTON|NJ|08810|US,DISTRICT MARKET-BWI AIRPORT,DAYTON,NJ,08810,US,1801012,,"CB-EXO-PHC Bar - Pink Himalayan Crystal Salt Caramel Exotic Chocolate Bar, 3 oz.",Sale,12.000000000,0E-9,5.040000000,60.480000000,0E-9,
159248,1481477,2026-05-01 07:55:45.071000,2026-05-04 00:00:00,Issued,DISTRICT MARKET-BWI AIRPORT|DAYTON|NJ|08810|US,DISTRICT MARKET-BWI AIRPORT,DAYTON,NJ,08810,US,1801004,,"CB-SPD-BAN Bar - Coconut & Banana Super Dark Chocolate Bar, 3 oz.",Sale,12.000000000,0E-9,5.040000000,60.480000000,0E-9,
159248,1481477,2026-05-01 07:55:45.071000,2026-05-04 00:00:00,Issued,DISTRICT MARKET-BWI AIRPORT|DAYTON|NJ|08810|US,DISTRICT MARKET-BWI AIRPORT,DAYTON,NJ,08810,US,1801027,,CF-CAR-6-SEA-W Caramel - Red Hawaiian Salt Caramel 6PC,Sale,12.000000000,0E-9,7.500000000,90.000000000,0E-9,
159248,1481477,2026-05-01 07:55:45.071000,2026-05-04 00:00:00,Issued,DISTRICT MARKET-BWI AIRPORT|DAYTON|NJ|08810|US,DISTRICT MARKET-BWI AIRPORT,DAYTON,NJ,08810,US,1801758,,"TC-LSL-004, Vosges Maison Truffle Collection 4PC, Purple Box w/Ribbon",Sale,12.000000000,0E-9,7.000000000,84.000000000,0E-9,
159249,1481478,2026-05-01 07:57:24.653000,2026-05-04 00:00:00,Issued,SILICON VALLEY NEWS-SFO AP|San Francisco|CA|94128|US,SILICON VALLEY NEWS-SFO AP,San Francisco,CA,94128,US,1801009,,"CB-SPD-GRE Bar - Matcha Green Tea Chocolate Bar, 3 oz.",Sale,12.000000000,0E-9,5.040000000,60.480000000,0E-9,
159249,1481478,2026-05-01 07:57:24.653000,2026-05-04 00:00:00,Issued,SILICON VALLEY NEWS-SFO AP|San Francisco|CA|94128|US,SILICON VALLEY NEWS-SFO AP,San Francisco,CA,94128,US,1801012,,"CB-EXO-PHC Bar - Pink Himalayan Crystal Salt Caramel Exotic Chocolate Bar, 3 oz.",Sale,12.000000000,0E-9,5.040000000,60.480000000,0E-9,
159249,1481478,2026-05-01 07:57:24.653000,2026-05-04 00:00:00,Issued,SILICON VALLEY NEWS-SFO AP|San Francisco|CA|94128|US,SILICON VALLEY NEWS-SFO AP,San Francisco,CA,94128,US,1801004,,"CB-SPD-BAN Bar - Coconut & Banana Super Dark Chocolate Bar, 3 oz.",Sale,24.000000000,0E-9,5.040000000,120.960000000,0E-9,
159250,1481479,2026-05-01 07:59:08.001000,2026-05-04 00:00:00,Issued,NATALIES CANDY AT SEA-TAC  AP|Seattle|WA|98158|US,NATALIES CANDY AT SEA-TAC  AP,Seattle,WA,98158,US,1801004,,"CB-SPD-BAN Bar - Coconut & Banana Super Dark Chocolate Bar, 3 oz.",Sale,12.000000000,0E-9,5.040000000,60.480000000,0E-9,
159250,1481479,2026-05-01 07:59:08.001000,2026-05-04 00:00:00,Issued,NATALIES CANDY AT SEA-TAC  AP|Seattle|WA|98158|US,NATALIES CANDY AT SEA-TAC  AP,Seattle,WA,98158,US,1801012,,"CB-EXO-PHC Bar - Pink Himalayan Crystal Salt Caramel Exotic Chocolate Bar, 3 oz.",Sale,12.000000000,0E-9,5.040000000,60.480000000,0E-9,
159250,1481479,2026-05-01 07:59:08.001000,2026-05-04 00:00:00,Issued,NATALIES CANDY AT SEA-TAC  AP|Seattle|WA|98158|US,NATALIES CANDY AT SEA-TAC  AP,Seattle,WA,98158,US,1801758,,"TC-LSL-004, Vosges Maison Truffle Collection 4PC, Purple Box w/Ribbon",Sale,12.000000000,0E-9,7.000000000,84.000000000,0E-9,
